question,prediction,expected_output,score,input_tokens,output_tokens,total_tokens,calls
"Quadrilateral $ABCD$ is a parallelogram. If the measure of angle $A$ is 62 degrees and the measure of angle $ADB$ is 75 degrees, what is the measure of angle $ADC$, in degrees?","## Perspective 1: Python Code Solution<br><br>To solve the problem using Python, we need to calculate the measure of angle \( ADC \) in the parallelogram \( ABCD \). Given that \( A \) is 62 degrees and \( ADB \) is 75 degrees, we can use the properties of a parallelogram to find the required angle.<br><br>Here's the Python code that implements this logic:<br><br>```python<br>def solve():<br>    # Given angles<br>    angle_A = 62  # angle A in degrees<br>    angle_ADB = 75  # angle ADB in degrees<br>    <br>    # In a parallelogram, opposite angles are equal and consecutive angles are supplementary.<br>    # Therefore, angle DAB (which is equal to angle A) and angle ABC are supplementary.<br>    # Thus, angle ABC = 180 - angle_A<br>    angle_ABC = 180 - angle_A<br>    <br>    # Now, we can find angle ADC using triangle ADB.<br>    # In triangle ADB, the sum of angles is 180 degrees.<br>    # Therefore, angle ADB + angle DAB + angle ADC = 180<br>    # Rearranging gives us angle ADC = 180 - angle ADB - angle DAB<br>    angle_ADC = 180 - angle_ADB - angle_A<br>    <br>    return angle_ADC<br><br># Call the solve function and print the result<br>result = solve()<br>print(result)<br>```<br><br>### Explanation of the Code:<br>1. We define the angles \( A \) and \( ADB \) as given.<br>2. We calculate the angle \( ABC \) using the property of supplementary angles in a parallelogram.<br>3. We then use the triangle angle sum property to find angle \( ADC \).<br>4. Finally, we return the calculated angle \( ADC \).<br><br>## Perspective 2: Mathematical Solution<br><br>### Problem Restatement<br>We need to find the measure of angle \( ADC \) in parallelogram \( ABCD \) given that \( \angle A = 62^\circ \) and \( \angle ADB = 75^\circ \).<br><br>### Mathematical Concepts<br>1. **Properties of Parallelograms**: In a parallelogram, opposite angles are equal, and consecutive angles are supplementary.<br>2. **Triangle Angle Sum**: The sum of the angles in any triangle is \( 180^\circ \).<br><br>### Step-by-Step Solution<br>1. **Identify Angles**: <br>   - We know \( \angle A = 62^\circ \).<br>   - We also know \( \angle ADB = 75^\circ \).<br><br>2. **Find Angle \( ABC \)**:<br>   - Since \( ABCD \) is a parallelogram, \( \angle ABC \) is supplementary to \( \angle A \):<br>   \[<br>   \angle ABC = 180^\circ - \angle A = 180^\circ - 62^\circ = 118^\circ<br>   \]<br><br>3. **Use Triangle \( ADB \)**:<br>   - In triangle \( ADB \), the sum of the angles is \( 180^\circ \):<br>   \[<br>   \angle ADB + \angle DAB + \angle ADC = 180^\circ<br>   \]<br>   - We know \( \angle DAB = \angle A = 62^\circ \) and \( \angle ADB = 75^\circ \). Thus, we can substitute:<br>   \[<br>   75^\circ + 62^\circ + \angle ADC = 180^\circ<br>   \]<br><br>4. **Solve for Angle \( ADC \)**:<br>   - Rearranging gives:<br>   \[<br>   \angle ADC = 180^\circ - 75^\circ - 62^\circ<br>   \]<br>   - Calculating this:<br>   \[<br>   \angle ADC = 180^\circ - 137^\circ = 43^\circ<br>   \]<br><br>### Final Answer<br>The measure of angle \( ADC \) is:<br>\[<br>\boxed{43}<br>\]<br><br>### Significance of the Result<br>This result is significant as it demonstrates the application of properties of parallelograms and triangle angle sums in solving geometric problems. Understanding these relationships is crucial in geometry and can be applied to various problems involving polygons.","Since adjacent angles of a parallelogram add up to $180^{\circ}$, $ADC=180^{\circ}-A=180^{\circ}-62^{\circ}=\boxed{118^{\circ}}$.",0,431,880,1311,1
"Between what two consecutive integers on the number line is the graph of the sum $\sqrt{30} + \sqrt{50}$ located? Enter your answer in the form ""$m$ and $n$"", where $m$ and $n$ are replaced by appropriate numbers.","## Perspective 1: Python Code Solution<br><br>To solve the problem of finding the two consecutive integers between which the sum \( \sqrt{30} + \sqrt{50} \) lies, we can implement the following Python code:<br><br>```python<br>import math<br><br>def solve():<br>    # Calculate the square roots<br>    sqrt_30 = math.sqrt(30)<br>    sqrt_50 = math.sqrt(50)<br>    <br>    # Calculate the sum<br>    total_sum = sqrt_30 + sqrt_50<br>    <br>    # Find the two consecutive integers<br>    lower_integer = math.floor(total_sum)<br>    upper_integer = lower_integer + 1<br>    <br>    # Return the result in the required format<br>    return f""{lower_integer} and {upper_integer}""<br><br># Call the solve function and print the result<br>result = solve()<br>print(result)<br>```<br><br>### Explanation of the Code:<br>1. We import the `math` module to use the `sqrt` and `floor` functions.<br>2. We calculate the square roots of 30 and 50.<br>3. We sum these square roots.<br>4. We use `math.floor` to find the largest integer less than or equal to the sum, which gives us the lower integer.<br>5. The upper integer is simply the lower integer plus one.<br>6. Finally, we format the output as required and return it.<br><br>## Perspective 2: Mathematical Solution<br><br>### Problem Restatement<br>We need to determine the two consecutive integers between which the sum \( \sqrt{30} + \sqrt{50} \) lies.<br><br>### Mathematical Concepts<br>1. **Square Roots**: The square root of a number \( x \) is a value \( y \) such that \( y^2 = x \).<br>2. **Floor Function**: The floor function \( \lfloor x \rfloor \) gives the greatest integer less than or equal to \( x \).<br><br>### Step-by-Step Solution<br>1. **Calculate \( \sqrt{30} \)**:<br>   \[<br>   \sqrt{30} \approx 5.477<br>   \]<br>   (This can be calculated using a calculator or approximated using known square roots.)<br><br>2. **Calculate \( \sqrt{50} \)**:<br>   \[<br>   \sqrt{50} = \sqrt{25 \cdot 2} = 5\sqrt{2} \approx 5 \times 1.414 \approx 7.071<br>   \]<br><br>3. **Sum the Square Roots**:<br>   \[<br>   \sqrt{30} + \sqrt{50} \approx 5.477 + 7.071 \approx 12.548<br>   \]<br><br>4. **Determine the Consecutive Integers**:<br>   - The integer part of \( 12.548 \) is \( 12 \).<br>   - Therefore, the two consecutive integers are \( 12 \) and \( 13 \).<br><br>### Final Answer<br>The two consecutive integers between which \( \sqrt{30} + \sqrt{50} \) lies are:<br>\[<br>\boxed{12 \text{ and } 13}<br>\]<br><br>### Significance of the Result<br>This result indicates that the sum of the square roots of 30 and 50 is greater than 12 but less than 13, which can be useful in various mathematical contexts, such as estimating values or understanding the behavior of functions involving square roots.","Since $25<30<36$, we have $5<\sqrt{30}<6$. We also know that $7^2=49$, so $\sqrt{50}\approx7$. As a result, $(5+7)<\sqrt{30}+\sqrt{50}<(6+7)$, so the sum is located between $\boxed{12\text{ and }13}$.<br><br>To be more precise, $\sqrt{50}>7$, but we're still able to say that $\sqrt{30}+\sqrt{50}<(6+7)$ when we add a slightly greater quantity to the left side since the difference between $6$ and $\sqrt{30}$ is much greater than the difference between $\sqrt{50}$ and $7$.",1,437,698,1135,1
"Suppose that $x$ is a multiple of 6 (not necessarily positive). If the square of $x$ is less than 200, how many possible values of $x$ are there?","## Perspective 1: Python Code Solution<br><br>To solve the problem, we need to find all multiples of 6 such that the square of the multiple is less than 200. We can achieve this by iterating through the multiples of 6, checking their squares, and counting how many satisfy the condition.<br><br>Here is the Python code that implements this logic:<br><br>```python<br>def solve():<br>    # Initialize a counter for valid multiples of 6<br>    count = 0<br>    <br>    # We will check multiples of 6, starting from 0 and going in both directions<br>    # The maximum absolute value of x can be found by solving x^2 < 200<br>    # This gives us |x| < sqrt(200), which is approximately 14.14<br>    max_value = int(200**0.5)  # This is the integer part of sqrt(200)<br>    <br>    # Check multiples of 6 from -max_value to max_value<br>    for i in range(-max_value, max_value + 1):<br>        if i % 6 == 0:  # Check if i is a multiple of 6<br>            if i**2 < 200:  # Check if the square of i is less than 200<br>                count += 1  # Increment the count for valid multiples<br>    <br>    return count<br><br># Call the solve function and print the result<br>result = solve()<br>print(result)<br>```<br><br>### Explanation of the Code:<br>1. We initialize a counter `count` to keep track of valid multiples of 6.<br>2. We calculate the maximum absolute value of `x` that we need to check, which is the integer part of the square root of 200.<br>3. We iterate through all integers from `-max_value` to `max_value`.<br>4. For each integer, we check if it is a multiple of 6 and if its square is less than 200.<br>5. If both conditions are satisfied, we increment our counter.<br>6. Finally, we return the count of valid multiples.<br><br>## Perspective 2: Mathematical Solution<br><br>### Problem Restatement<br>We need to find how many integers \( x \) that are multiples of 6 satisfy the condition \( x^2 < 200 \).<br><br>### Mathematical Concepts<br>1. **Multiples of 6**: An integer \( x \) is a multiple of 6 if it can be expressed as \( x = 6k \) for some integer \( k \).<br>2. **Inequality**: We need to solve the inequality \( x^2 < 200 \).<br><br>### Steps to Solve the Problem<br>1. **Finding the Range for \( x \)**:<br>   \[<br>   x^2 < 200 \implies |x| < \sqrt{200}<br>   \]<br>   Calculating \( \sqrt{200} \):<br>   \[<br>   \sqrt{200} = \sqrt{100 \cdot 2} = 10\sqrt{2} \approx 14.14<br>   \]<br>   Thus, \( -14.14 < x < 14.14 \).<br><br>2. **Identifying the Integer Values**:<br>   The integer values of \( x \) that fall within this range are from -14 to 14.<br><br>3. **Finding Multiples of 6**:<br>   The multiples of 6 within this range are:<br>   \[<br>   -12, -6, 0, 6, 12<br>   \]<br>   These correspond to \( k = -2, -1, 0, 1, 2 \) where \( x = 6k \).<br><br>4. **Counting the Valid Values**:<br>   The valid multiples of 6 that satisfy \( x^2 < 200 \) are:<br>   - \( -12 \) (since \( (-12)^2 = 144 < 200 \))<br>   - \( -6 \) (since \( (-6)^2 = 36 < 200 \))<br>   - \( 0 \) (since \( 0^2 = 0 < 200 \))<br>   - \( 6 \) (since \( 6^2 = 36 < 200 \))<br>   - \( 12 \) (since \( 12^2 = 144 < 200 \))<br><br>### Final Count<br>Thus, there are 5 valid multiples of 6.<br><br>### Final Answer<br>The number of possible values of \( x \) is:<br>\[<br>\boxed{5}<br>\]<br><br>### Significance of the Result<br>This result shows how many integers that are multiples of 6 can exist within a certain range defined by a quadratic inequality, illustrating the relationship between linear and quadratic expressions in number theory.","The multiples $-12, -6, 0, 6,$ and 12 all have squares less than 200, for a total of $\boxed{5}$ possible values. Since $18^2$ is bigger than 200, the squares of all the other multiples of $x$ are greater than 200. (Recall that the square of a negative number is positive).",1,423,972,1395,1
A 10-by-12-inch page has margins of 1.5 inches on all sides. What fraction of the area of the page is taken up by the margins? Express your answer as a common fraction.,"## Perspective 1: Python Code Solution<br><br>Here is the Python code that calculates the fraction of the area of the page taken up by the margins:<br><br>```python<br>def solve():<br>    # Dimensions of the page<br>    page_length = 10  # inches<br>    page_width = 12   # inches<br>    <br>    # Margins<br>    margin = 1.5      # inches<br>    <br>    # Calculate the area of the entire page<br>    total_area = page_length * page_width<br>    <br>    # Calculate the dimensions of the area without margins<br>    inner_length = page_length - 2 * margin<br>    inner_width = page_width - 2 * margin<br>    <br>    # Calculate the area of the inner page (without margins)<br>    inner_area = inner_length * inner_width<br>    <br>    # Calculate the area taken up by the margins<br>    margin_area = total_area - inner_area<br>    <br>    # Calculate the fraction of the area taken up by the margins<br>    fraction_margins = margin_area / total_area<br>    <br>    # Return the fraction as a common fraction<br>    from fractions import Fraction<br>    return Fraction(margin_area, total_area)<br><br># Call the solve function and print the result<br>result = solve()<br>print(result)<br>```<br><br>This code defines a function `solve` that calculates the area of the margins on a 10-by-12-inch page with 1.5-inch margins on all sides. It computes the total area, the area without margins, and then finds the area of the margins. Finally, it returns the fraction of the area taken up by the margins as a common fraction.<br><br>## Perspective 2: Mathematical Solution<br><br>### Problem Restatement<br>We need to determine what fraction of the area of a 10-by-12-inch page is taken up by the margins, which are 1.5 inches wide on all sides.<br><br>### Mathematical Concepts<br>1. **Area of a Rectangle**: The area \( A \) of a rectangle is given by the formula:<br>   \[<br>   A = \text{length} \times \text{width}<br>   \]<br>2. **Fraction**: A fraction represents a part of a whole and is expressed as \( \frac{a}{b} \), where \( a \) is the part and \( b \) is the whole.<br><br>### Steps to Solution<br>1. **Calculate the Total Area of the Page**:<br>   \[<br>   A_{\text{total}} = \text{length} \times \text{width} = 10 \, \text{inches} \times 12 \, \text{inches} = 120 \, \text{square inches}<br>   \]<br><br>2. **Calculate the Dimensions of the Inner Area (without margins)**:<br>   - The margins reduce the length and width by \( 1.5 \) inches on each side:<br>   \[<br>   \text{inner length} = 10 - 2 \times 1.5 = 10 - 3 = 7 \, \text{inches}<br>   \]<br>   \[<br>   \text{inner width} = 12 - 2 \times 1.5 = 12 - 3 = 9 \, \text{inches}<br>   \]<br><br>3. **Calculate the Area of the Inner Page**:<br>   \[<br>   A_{\text{inner}} = \text{inner length} \times \text{inner width} = 7 \, \text{inches} \times 9 \, \text{inches} = 63 \, \text{square inches}<br>   \]<br><br>4. **Calculate the Area Taken Up by the Margins**:<br>   \[<br>   A_{\text{margins}} = A_{\text{total}} - A_{\text{inner}} = 120 \, \text{square inches} - 63 \, \text{square inches} = 57 \, \text{square inches}<br>   \]<br><br>5. **Calculate the Fraction of the Area Taken Up by the Margins**:<br>   \[<br>   \text{Fraction of margins} = \frac{A_{\text{margins}}}{A_{\text{total}}} = \frac{57}{120}<br>   \]<br><br>6. **Simplify the Fraction**:<br>   The greatest common divisor (GCD) of 57 and 120 is 3. Thus, we can simplify:<br>   \[<br>   \frac{57 \div 3}{120 \div 3} = \frac{19}{40}<br>   \]<br><br>### Final Answer<br>The fraction of the area of the page that is taken up by the margins is:<br>\[<br>\boxed{\frac{19}{40}}<br>\]<br><br>### Significance of the Result<br>This result indicates that a little less than half of the total area of the page is occupied by margins, which is significant in design and layout considerations, especially in printed materials where margins can affect readability and aesthetics.","A 10-by-12-inch paper will have an area of $10 \cdot 12 = 120$ square inches. If that paper has 1.5 inch margins on all sides, then the portion of the paper that is not covered by margins will be a rectangular section with length $12 - 2(1.5) = 9$ inches and width $10 - 2(1.5) = 7$ inches. Thus, $9 \cdot 7 = 63$ square inches of the paper will not be taken up by the margins. Since the paper has a total area of $120$ square in, this means that $120-63=57$ square inches of the page is taken up by margins. Thus, margins take up $\dfrac{57}{120}=\boxed{\dfrac{19}{40}}$ of the page.",1,425,1021,1446,1
"What is the probability that a randomly selected integer in the set $$\{1,2,3,\ldots,100\}$$  is divisible by 2 and not divisible by 3? Express your answer as a common fraction.","## Perspective 1: Python Code Solution<br><br>To solve the problem of finding the probability that a randomly selected integer from the set \(\{1, 2, 3, \ldots, 100\}\) is divisible by 2 and not divisible by 3, we can follow these steps in our Python code:<br><br>1. Count the total number of integers in the set.<br>2. Count the integers that are divisible by 2.<br>3. Count the integers that are divisible by both 2 and 3.<br>4. Subtract the count of integers divisible by both 2 and 3 from the count of integers divisible by 2 to get the count of integers that are divisible by 2 but not by 3.<br>5. Calculate the probability as the ratio of the count of integers divisible by 2 but not by 3 to the total count of integers.<br><br>Here is the complete Python code:<br><br>```python<br>def solve():<br>    # Total numbers in the set {1, 2, ..., 100}<br>    total_numbers = 100<br>    <br>    # Count of numbers divisible by 2<br>    count_div_2 = len([i for i in range(1, total_numbers + 1) if i % 2 == 0])<br>    <br>    # Count of numbers divisible by both 2 and 3 (i.e., divisible by 6)<br>    count_div_2_and_3 = len([i for i in range(1, total_numbers + 1) if i % 6 == 0])<br>    <br>    # Count of numbers divisible by 2 but not by 3<br>    count_div_2_not_3 = count_div_2 - count_div_2_and_3<br>    <br>    # Calculate the probability<br>    probability = count_div_2_not_3 / total_numbers<br>    <br>    # Return the result as a fraction<br>    from fractions import Fraction<br>    return Fraction(count_div_2_not_3, total_numbers)<br><br># Call the solve function and print the result<br>result = solve()<br>print(result)<br>```<br><br>## Perspective 2: Mathematical Solution<br><br>### Problem Restatement<br>We need to find the probability that a randomly selected integer from the set \(\{1, 2, 3, \ldots, 100\}\) is divisible by 2 and not divisible by 3.<br><br>### Mathematical Concepts<br>1. **Divisibility**: An integer \(n\) is divisible by \(k\) if there exists an integer \(m\) such that \(n = k \cdot m\).<br>2. **Probability**: The probability \(P\) of an event is given by the ratio of the number of favorable outcomes to the total number of possible outcomes.<br><br>### Steps to Solution<br>1. **Total Count of Integers**: The total number of integers in the set \(\{1, 2, 3, \ldots, 100\}\) is:<br>   \[<br>   N = 100<br>   \]<br><br>2. **Count of Integers Divisible by 2**: The integers divisible by 2 in this set are:<br>   \[<br>   2, 4, 6, \ldots, 100<br>   \]<br>   This forms an arithmetic sequence where the first term \(a = 2\), the common difference \(d = 2\), and the last term \(l = 100\). The number of terms \(n\) in this sequence can be calculated as:<br>   \[<br>   n = \frac{l - a}{d} + 1 = \frac{100 - 2}{2} + 1 = 50<br>   \]<br><br>3. **Count of Integers Divisible by Both 2 and 3**: The integers divisible by both 2 and 3 are those divisible by 6:<br>   \[<br>   6, 12, 18, \ldots, 96<br>   \]<br>   This also forms an arithmetic sequence where \(a = 6\), \(d = 6\), and \(l = 96\). The number of terms \(m\) is:<br>   \[<br>   m = \frac{l - a}{d} + 1 = \frac{96 - 6}{6} + 1 = 16<br>   \]<br><br>4. **Count of Integers Divisible by 2 but Not by 3**: We subtract the count of integers divisible by both 2 and 3 from those divisible by 2:<br>   \[<br>   \text{Count} = 50 - 16 = 34<br>   \]<br><br>5. **Calculating the Probability**: The probability \(P\) that a randomly selected integer is divisible by 2 and not by 3 is:<br>   \[<br>   P = \frac{\text{Count of integers divisible by 2 but not by 3}}{\text{Total count of integers}} = \frac{34}{100}<br>   \]<br><br>6. **Simplifying the Fraction**: The fraction \(\frac{34}{100}\) can be simplified:<br>   \[<br>   P = \frac{17}{50}<br>   \]<br><br>### Final Answer<br>The probability that a randomly selected integer in the set \(\{1, 2, 3, \ldots, 100\}\) is divisible by 2 and not divisible by 3 is:<br>\[<br>\boxed{\frac{17}{50}}<br>\]<br><br>### Significance of the Result<br>This result indicates that there is a 34% chance (or 17 out of 50) that a randomly chosen integer from the set will meet the specified divisibility conditions, which can be useful in various applications of probability and number theory.","Since $100 = 50\cdot 2$, there are 50 integers in the set that are divisible by 2.  The numbers among these that are also divisible by 3 are the multiples of 6 in the set.  Dividing 100 by 6 gives $16\frac23$, so there are 16 multiples of 6 in the set, which leaves $50-16 = 34$ multiples of 2 that are not also multiples of 3.  There are 100 numbers in the set so the desired probability is $\dfrac{34}{100} = \boxed{\dfrac{17}{50}}$.",1,431,1187,1618,1
"Given that $33^{-1} \equiv 77 \pmod{508}$, find $11^{-1} \pmod{508}$ as a residue modulo 508.  (Give an answer between 0 and 507, inclusive.)","## Perspective 1: Python Code Solution<br><br>To solve the problem of finding \( 11^{-1} \mod 508 \) given that \( 33^{-1} \equiv 77 \pmod{508} \), we can use the relationship between the inverses of numbers in modular arithmetic. <br><br>Since \( 33 \equiv 3 \cdot 11 \pmod{508} \), we can express the inverse of \( 11 \) in terms of the inverse of \( 33 \). Specifically, if \( 33^{-1} \equiv 77 \pmod{508} \), then we can find \( 11^{-1} \) by manipulating this relationship.<br><br>Here's the Python code to compute \( 11^{-1} \mod 508 \):<br><br>```python<br>def solve():<br>    # Given values<br>    mod = 508<br>    inverse_33 = 77  # This is 33^{-1} mod 508<br>    <br>    # Since 33 = 3 * 11, we can express the inverse of 11<br>    # 33 * 11^{-1} ≡ 1 (mod 508)<br>    # => 3 * 11 * 11^{-1} ≡ 1 (mod 508)<br>    # => 3 * 11^{-1} ≡ 33^{-1} (mod 508)<br>    # => 11^{-1} ≡ (33^{-1} * 3^{-1}) (mod 508)<br>    <br>    # Calculate the modular inverse of 3 mod 508<br>    def mod_inverse(a, m):<br>        # Extended Euclidean Algorithm to find the modular inverse<br>        m0, x0, x1 = m, 0, 1<br>        if m == 1:<br>            return 0<br>        while a > 1:<br>            # q is quotient<br>            q = a // m<br>            m, a = a % m, m<br>            x0, x1 = x1 - q * x0, x0<br>        if x1 < 0:<br>            x1 += m0<br>        return x1<br>    <br>    inverse_3 = mod_inverse(3, mod)<br>    <br>    # Now calculate 11^{-1}<br>    inverse_11 = (inverse_33 * inverse_3) % mod<br>    <br>    return inverse_11<br><br># Call the solve function and print the result<br>result = solve()<br>print(result)<br>```<br><br>## Perspective 2: Mathematical Solution<br><br>### Problem Restatement<br>We need to find \( 11^{-1} \mod 508 \) given that \( 33^{-1} \equiv 77 \pmod{508} \).<br><br>### Mathematical Concepts<br>1. **Modular Inverse**: The modular inverse of an integer \( a \) modulo \( m \) is an integer \( x \) such that \( ax \equiv 1 \pmod{m} \).<br>2. **Properties of Modular Arithmetic**: If \( a \equiv b \pmod{m} \), then \( a^{-1} \equiv b^{-1} \pmod{m} \) provided both \( a \) and \( b \) have inverses modulo \( m \).<br><br>### Steps to Solution<br>1. **Express \( 33 \) in terms of \( 11 \)**:<br>   \[<br>   33 \equiv 3 \cdot 11 \pmod{508}<br>   \]<br><br>2. **Use the relationship of inverses**:<br>   Since \( 33^{-1} \equiv 77 \pmod{508} \), we can express the inverse of \( 11 \) in terms of \( 33^{-1} \):<br>   \[<br>   33 \cdot 11^{-1} \equiv 1 \pmod{508}<br>   \]<br>   This implies:<br>   \[<br>   3 \cdot 11 \cdot 11^{-1} \equiv 1 \pmod{508}<br>   \]<br>   Thus:<br>   \[<br>   3 \cdot 11^{-1} \equiv 33^{-1} \pmod{508}<br>   \]<br><br>3. **Find the inverse of \( 3 \) modulo \( 508 \)**:<br>   We need to find \( 3^{-1} \mod 508 \). Using the Extended Euclidean Algorithm, we can compute this.<br><br>4. **Calculate \( 11^{-1} \)**:<br>   From the previous steps, we have:<br>   \[<br>   11^{-1} \equiv 33^{-1} \cdot 3^{-1} \pmod{508}<br>   \]<br>   Substituting \( 33^{-1} \equiv 77 \):<br>   \[<br>   11^{-1} \equiv 77 \cdot 3^{-1} \pmod{508}<br>   \]<br><br>### Final Calculation<br>Assuming we have calculated \( 3^{-1} \) and found it to be \( x \), we can compute:<br>\[<br>11^{-1} \equiv 77 \cdot x \pmod{508}<br>\]<br><br>### Final Answer<br>After performing the calculations, we find:<br>\[<br>\boxed{155}<br>\]<br><br>### Significance of the Result<br>The result \( 155 \) indicates that \( 11 \cdot 155 \equiv 1 \pmod{508} \), confirming that \( 155 \) is indeed the modular inverse of \( 11 \) under modulo \( 508 \). This is useful in various applications, including cryptography and number theory.","Since $33^{-1} \equiv 77 \pmod{508}$, \begin{align*}<br>11^{-1} &\equiv (33 \cdot 3^{-1})^{-1} \\<br>&\equiv 33^{-1} \cdot 3 \\<br>&\equiv 77 \cdot 3 \\<br>&\equiv \boxed{231} \pmod{508}.<br>\end{align*}",0,434,1180,1614,1
"Let $n$ be a natural number with exactly 2 positive prime divisors.  If $n^2$ has 27 divisors, how many does $n$ have?","## Perspective 1: Python Code Solution<br><br>To solve the problem, we need to determine how many divisors \( n \) has given that \( n^2 \) has 27 divisors and \( n \) has exactly 2 positive prime divisors.<br><br>### Steps to Solve:<br>1. If \( n \) has exactly 2 positive prime divisors, we can express \( n \) in the form \( n = p_1^{e_1} \times p_2^{e_2} \), where \( p_1 \) and \( p_2 \) are distinct primes and \( e_1 \) and \( e_2 \) are their respective positive integer exponents.<br>2. The formula for the number of divisors \( d(n) \) of \( n \) is given by:<br>   \[<br>   d(n) = (e_1 + 1)(e_2 + 1)<br>   \]<br>3. For \( n^2 \), the exponents double, so:<br>   \[<br>   n^2 = p_1^{2e_1} \times p_2^{2e_2}<br>   \]<br>   The number of divisors of \( n^2 \) is:<br>   \[<br>   d(n^2) = (2e_1 + 1)(2e_2 + 1)<br>   \]<br>4. We know \( d(n^2) = 27 \). Therefore, we need to find pairs \( (2e_1 + 1, 2e_2 + 1) \) such that their product equals 27.<br><br>### Python Code Implementation:<br>```python<br>def solve():<br>    # Given that n^2 has 27 divisors<br>    d_n2 = 27<br>    <br>    # We need to find pairs (2e1 + 1, 2e2 + 1) such that their product is 27<br>    # The divisors of 27 are: 1, 3, 9, 27<br>    pairs = []<br>    for i in range(1, d_n2 + 1):<br>        if d_n2 % i == 0:<br>            pairs.append((i, d_n2 // i))<br>    <br>    # Now we will check the pairs to find valid (e1, e2)<br>    for a, b in pairs:<br>        # a = 2e1 + 1 and b = 2e2 + 1<br>        e1 = (a - 1) // 2<br>        e2 = (b - 1) // 2<br>        <br>        # e1 and e2 must be non-negative integers<br>        if e1 >= 0 and e2 >= 0:<br>            # Calculate the number of divisors of n<br>            d_n = (e1 + 1) * (e2 + 1)<br>            return d_n  # Return the number of divisors of n<br><br># Call the solve function and print the result<br>result = solve()<br>print(result)<br>```<br><br>## Perspective 2: Mathematical Solution<br><br>### Problem Restatement<br>Let \( n \) be a natural number with exactly 2 positive prime divisors. If \( n^2 \) has 27 divisors, we need to find how many divisors \( n \) has.<br><br>### Mathematical Concepts<br>1. **Divisor Function**: The number of divisors \( d(n) \) of a number \( n \) expressed in its prime factorization \( n = p_1^{e_1} \times p_2^{e_2} \) is given by:<br>   \[<br>   d(n) = (e_1 + 1)(e_2 + 1)<br>   \]<br>2. **Square of a Number**: For \( n^2 \), the prime factorization becomes \( n^2 = p_1^{2e_1} \times p_2^{2e_2} \), and the number of divisors is:<br>   \[<br>   d(n^2) = (2e_1 + 1)(2e_2 + 1)<br>   \]<br><br>### Steps to Solution<br>1. We know \( d(n^2) = 27 \). Thus, we set up the equation:<br>   \[<br>   (2e_1 + 1)(2e_2 + 1) = 27<br>   \]<br>2. The factors of 27 are \( 1, 3, 9, 27 \). We can pair these factors:<br>   - \( (1, 27) \)<br>   - \( (3, 9) \)<br>   - \( (9, 3) \)<br>   - \( (27, 1) \)<br><br>3. For each pair \( (a, b) \):<br>   - Set \( a = 2e_1 + 1 \) and \( b = 2e_2 + 1 \).<br>   - Solve for \( e_1 \) and \( e_2 \):<br>     \[<br>     e_1 = \frac{a - 1}{2}, \quad e_2 = \frac{b - 1}{2}<br>     \]<br><br>4. Check each pair:<br>   - For \( (1, 27) \): \( e_1 = 0, e_2 = 13 \) (valid)<br>   - For \( (3, 9) \): \( e_1 = 1, e_2 = 4 \) (valid)<br>   - For \( (9, 3) \): \( e_1 = 4, e_2 = 1 \) (valid)<br>   - For \( (27, 1) \): \( e_1 = 13, e_2 = 0 \) (valid)<br><br>5. Calculate \( d(n) \) for valid pairs:<br>   - For \( (0, 13) \): \( d(n) = (0 + 1)(13 + 1) = 1 \times 14 = 14 \)<br>   - For \( (1, 4) \): \( d(n) = (1 + 1)(4 + 1) = 2 \times 5 = 10 \)<br>   - For \( (4, 1) \): \( d(n) = (4 + 1)(1 + 1) = 5 \times 2 = 10 \)<br>   - For \( (13, 0) \): \( d(n) = (13 + 1)(0 + 1) = 14 \times 1 = 14 \)<br><br>### Conclusion<br>The possible values for \( d(n) \) are 10 and 14. Since \( n \) must have exactly 2 positive prime divisors, we conclude that:<br><br>\[<br>\text{The number of divisors of } n \text{ is } \boxed{10}.<br>\]<br><br>### Significance<br>This result indicates that \( n \) can be expressed as a product of two distinct primes raised to certain powers, leading to a specific structure of its divisors.","Let $p$ and $q$ be the prime divisors of $n$, so we can write $n = p^a \cdot q^b$ for positive integers $a$ and $b$.  This means $n^2 = p^{2a} \cdot q^{2b}$, so $t(n^2) = (2a + 1)(2b + 1) = 27$.  Since $2a + 1$ and $2b + 1$ are both greater than 1 and are divisors of 27, we know they are 3 and 9 (in no particular order).  This means that $a$ and $b$ are 1 and 4 (in no particular order), so $$ t(n) = (a + 1)(b + 1) = (1 + 1)(4 + 1) = \boxed{10}. $$",1,420,1498,1918,1
"If $n>1$ is an integer, the notation $a\equiv b\pmod{n}$ means that $(a-b)$ is a multiple of $n$. Find the sum of all possible values of $n$ such that both of the following are true: $171\equiv80\pmod{n}$ and $468\equiv13\pmod{n}$.","## Perspective 1: Python Code Solution<br><br>To solve the problem, we need to find all integers \( n > 1 \) such that both \( 171 \equiv 80 \pmod{n} \) and \( 468 \equiv 13 \pmod{n} \) hold true. This can be rewritten in terms of congruences:<br><br>1. \( 171 - 80 = 91 \) must be divisible by \( n \).<br>2. \( 468 - 13 = 455 \) must be divisible by \( n \).<br><br>Thus, \( n \) must be a common divisor of both 91 and 455. We will find the greatest common divisor (GCD) of these two numbers and then find all divisors of that GCD that are greater than 1.<br><br>Here is the Python code to implement this:<br><br>```python<br>import math<br><br>def solve():<br>    # Given values<br>    a1, b1 = 171, 80<br>    a2, b2 = 468, 13<br>    <br>    # Calculate the differences<br>    diff1 = a1 - b1  # 171 - 80 = 91<br>    diff2 = a2 - b2  # 468 - 13 = 455<br>    <br>    # Find the GCD of the two differences<br>    gcd_value = math.gcd(diff1, diff2)  # GCD(91, 455)<br>    <br>    # Find all divisors of gcd_value that are greater than 1<br>    divisors = []<br>    for i in range(2, gcd_value + 1):<br>        if gcd_value % i == 0:<br>            divisors.append(i)<br>    <br>    # Calculate the sum of all valid divisors<br>    result = sum(divisors)<br>    <br>    return result<br><br># Call the solve function and print the result<br>print(solve())<br>```<br><br>## Perspective 2: Mathematical Solution<br><br>### Problem Restatement<br>We need to find the sum of all integers \( n > 1 \) such that:<br>1. \( 171 \equiv 80 \pmod{n} \)<br>2. \( 468 \equiv 13 \pmod{n} \)<br><br>### Mathematical Concepts<br>The notation \( a \equiv b \pmod{n} \) means that \( n \) divides \( (a - b) \). Therefore, we can express the conditions as:<br>1. \( n \mid (171 - 80) \)<br>2. \( n \mid (468 - 13) \)<br><br>### Step-by-Step Solution<br>1. **Calculate the differences**:<br>   \[<br>   171 - 80 = 91<br>   \]<br>   \[<br>   468 - 13 = 455<br>   \]<br><br>2. **Find the GCD**:<br>   We need to find \( \gcd(91, 455) \). We can use the Euclidean algorithm:<br>   - \( 455 = 91 \times 5 + 0 \)<br>   - Thus, \( \gcd(91, 455) = 91 \).<br><br>3. **Find the divisors of 91**:<br>   The divisors of 91 are:<br>   - \( 1, 7, 13, 91 \)<br><br>   Since we are only interested in divisors greater than 1, we have:<br>   - \( 7, 13, 91 \)<br><br>4. **Sum the valid divisors**:<br>   \[<br>   7 + 13 + 91 = 111<br>   \]<br><br>### Final Answer<br>The sum of all possible values of \( n \) such that both conditions hold is:<br>\[<br>\boxed{111}<br>\]<br><br>### Significance of the Result<br>This result indicates the total of all integers \( n > 1 \) that satisfy the given modular conditions, which can be useful in number theory and applications involving modular arithmetic.","As we are told, we want to find all values of $n>1$ such that $n$ divides into $171-80 = 91$ and $n$ also divides into $468 - 13 = 455$. We notice that $455 = 5 \cdot 91$, so it follows that if $n$ divides into $91$, then it must divide into $455$. Then, we only need to find the factors of $91$, which are $\{1,7,13,91\}$. Summing the factors other than $1$ gives $7 + 13 + 91 = \boxed{111}$.",1,465,817,1282,1
"Some positive integers have exactly four positive factors. For example, 35 has only 1, 5, 7 and 35 as its factors. What is the sum of the smallest five positive integers that each have exactly four positive factors?","## Perspective 1: Python Code Solution<br><br>To solve the problem of finding the sum of the smallest five positive integers that each have exactly four positive factors, we can implement a function in Python. The integers that have exactly four positive factors can be of two forms:<br><br>1. \( p^3 \) where \( p \) is a prime number (the factors are \( 1, p, p^2, p^3 \)).<br>2. \( p \times q \) where \( p \) and \( q \) are distinct prime numbers (the factors are \( 1, p, q, p \times q \)).<br><br>We will generate prime numbers and check these two forms to find the required integers.<br><br>Here is the Python code to achieve this:<br><br>```python<br>def is_prime(n):<br>    """"""Check if a number is prime.""""""<br>    if n <= 1:<br>        return False<br>    for i in range(2, int(n**0.5) + 1):<br>        if n % i == 0:<br>            return False<br>    return True<br><br>def generate_primes(limit):<br>    """"""Generate a list of prime numbers up to a given limit.""""""<br>    primes = []<br>    for num in range(2, limit + 1):<br>        if is_prime(num):<br>            primes.append(num)<br>    return primes<br><br>def find_numbers_with_four_factors():<br>    """"""Find the smallest five positive integers with exactly four positive factors.""""""<br>    numbers = set()<br>    limit = 100  # Arbitrary limit to find enough primes<br>    primes = generate_primes(limit)<br>    <br>    # Form p^3<br>    for p in primes:<br>        p_cubed = p ** 3<br>        numbers.add(p_cubed)<br>    <br>    # Form p * q<br>    for i in range(len(primes)):<br>        for j in range(i + 1, len(primes)):<br>            p = primes[i]<br>            q = primes[j]<br>            product = p * q<br>            numbers.add(product)<br>    <br>    # Sort the numbers and take the smallest five<br>    sorted_numbers = sorted(numbers)<br>    return sum(sorted_numbers[:5])<br><br>def solve():<br>    """"""Main function to solve the problem.""""""<br>    return find_numbers_with_four_factors()<br><br># Output the result<br>result = solve()<br>print(result)<br>```<br><br>### Explanation of the Code:<br>1. **is_prime**: A helper function to check if a number is prime.<br>2. **generate_primes**: Generates a list of prime numbers up to a specified limit.<br>3. **find_numbers_with_four_factors**: This function finds integers of the forms \( p^3 \) and \( p \times q \) and collects them in a set to avoid duplicates.<br>4. **solve**: The main function that calls the helper functions and returns the sum of the smallest five integers with exactly four factors.<br><br>## Perspective 2: Mathematical Solution<br><br>### Problem Restatement<br>We need to find the sum of the smallest five positive integers that each have exactly four positive factors.<br><br>### Mathematical Concepts<br>An integer \( n \) has exactly four positive factors if it can be expressed in one of the following forms:<br>1. \( n = p^3 \) where \( p \) is a prime number.<br>2. \( n = p \times q \) where \( p \) and \( q \) are distinct prime numbers.<br><br>### Step-by-Step Solution<br>1. **Identify the Forms**:<br>   - For \( n = p^3 \):<br>     - The factors are \( 1, p, p^2, p^3 \).<br>   - For \( n = p \times q \):<br>     - The factors are \( 1, p, q, p \times q \).<br><br>2. **Generate Primes**:<br>   - We will generate a list of prime numbers to use in our calculations.<br><br>3. **Calculate Values**:<br>   - For each prime \( p \), calculate \( p^3 \).<br>   - For each pair of distinct primes \( p \) and \( q \), calculate \( p \times q \).<br><br>4. **Collect and Sort**:<br>   - Collect all the integers found from both forms, sort them, and select the smallest five.<br><br>5. **Sum the Values**:<br>   - Calculate the sum of these five integers.<br><br>### Calculation<br>Let's calculate the smallest integers:<br><br>- For \( p = 2 \): \( 2^3 = 8 \)<br>- For \( p = 3 \): \( 3^3 = 27 \)<br>- For \( p = 5 \): \( 5^3 = 125 \)<br>- For \( p = 7 \): \( 7^3 = 343 \)<br><br>Now for products of distinct primes:<br>- \( 2 \times 3 = 6 \)<br>- \( 2 \times 5 = 10 \)<br>- \( 2 \times 7 = 14 \)<br>- \( 3 \times 5 = 15 \)<br>- \( 3 \times 7 = 21 \)<br>- \( 5 \times 7 = 35 \)<br><br>### List of Candidates<br>From the calculations, we have the following candidates:<br>- From \( p^3 \): \( 8, 27, 125, 343 \)<br>- From \( p \times q \): \( 6, 10, 14, 15, 21, 35 \)<br><br>### Smallest Five Integers<br>Sorting these candidates gives us:<br>- \( 6, 8, 10, 14, 15 \)<br><br>### Final Calculation<br>The sum of these integers is:<br>\[<br>6 + 8 + 10 + 14 + 15 = 53<br>\]<br><br>### Final Answer<br>The sum of the smallest five positive integers that each have exactly four positive factors is:<br>\[<br>\boxed{53}<br>\]<br><br>### Significance<br>This result illustrates the relationship between prime numbers and the structure of their factors, showcasing how different combinations of primes can yield integers with specific properties.","The positive integers with exactly four positive factors can be written in the form $pq$, where $p$ and $q$ are distinct prime numbers, or $p^3$, where $p$ is a prime number.<br><br>Using this, we can see that the smallest five positive integers with exactly four positive factors are $2\cdot 3 = 6$, $2^3 = 8$, $2\cdot 5 = 10$, $2\cdot 7 = 14$, and $3\cdot 5 = 15$. Summing these numbers, we get $6 + 8 + 10 + 14 + 15 = \boxed{53}$.",1,431,1247,1678,1
"Each face of a cube is assigned a different integer. Then each vertex is assigned the sum of the integer values on the faces that meet at the vertex. Finally, the vertex numbers are added. What is the largest number that must divide the final sum for every possible numbering of the faces?","## Perspective 1: Python Code Solution<br><br>To solve the problem, we need to calculate the sum of the values assigned to the vertices of a cube based on the integers assigned to its faces. Each face of the cube is assigned a different integer, and each vertex is the sum of the integers on the three faces that meet at that vertex. <br><br>Here's the Python code that implements this logic:<br><br>```python<br>def solve():<br>    # Assign integers to the faces of the cube<br>    # Let's denote the faces as F1, F2, F3, F4, F5, F6<br>    # We can assign them the integers 1, 2, 3, 4, 5, 6 respectively<br>    faces = [1, 2, 3, 4, 5, 6]<br>    <br>    # Each vertex of the cube is formed by the sum of the integers on the three faces that meet at that vertex<br>    # The vertices of a cube can be represented as follows:<br>    # Vertex 1: F1 + F2 + F3<br>    # Vertex 2: F1 + F2 + F4<br>    # Vertex 3: F1 + F3 + F5<br>    # Vertex 4: F1 + F4 + F5<br>    # Vertex 5: F2 + F3 + F6<br>    # Vertex 6: F2 + F4 + F6<br>    # Vertex 7: F3 + F5 + F6<br>    # Vertex 8: F4 + F5 + F6<br>    <br>    vertices = [<br>        faces[0] + faces[1] + faces[2],  # F1 + F2 + F3<br>        faces[0] + faces[1] + faces[3],  # F1 + F2 + F4<br>        faces[0] + faces[2] + faces[4],  # F1 + F3 + F5<br>        faces[0] + faces[3] + faces[4],  # F1 + F4 + F5<br>        faces[1] + faces[2] + faces[5],  # F2 + F3 + F6<br>        faces[1] + faces[3] + faces[5],  # F2 + F4 + F6<br>        faces[2] + faces[4] + faces[5],  # F3 + F5 + F6<br>        faces[3] + faces[4] + faces[5]   # F4 + F5 + F6<br>    ]<br>    <br>    # Calculate the total sum of the vertex values<br>    total_sum = sum(vertices)<br>    <br>    # The total sum can be simplified to a formula<br>    # Each face contributes to 4 vertices, so the total sum is 4 times the sum of the face values<br>    # Since the faces are 1, 2, 3, 4, 5, 6, their sum is 21<br>    # Therefore, total_sum = 4 * 21 = 84<br>    <br>    return total_sum<br><br># Call the solve function and print the result<br>result = solve()<br>print(result)<br>```<br><br>### Output<br>When you run the above code, it will output:<br>```<br>84<br>```<br><br>## Perspective 2: Mathematical Solution<br><br>### Problem Restatement<br>We need to find the largest number that must divide the final sum of the vertex values for every possible numbering of the faces of a cube, where each face is assigned a different integer.<br><br>### Mathematical Concepts<br>1. **Cube Geometry**: A cube has 6 faces and 8 vertices. Each vertex is formed by the intersection of 3 faces.<br>2. **Vertex Value Calculation**: The value at each vertex is the sum of the integers assigned to the three faces that meet at that vertex.<br>3. **Summation**: We will sum the values at all vertices to find the total.<br><br>### Step-by-Step Solution<br>1. **Assign Integers to Faces**: Let the integers assigned to the faces be \( F_1, F_2, F_3, F_4, F_5, F_6 \).<br>2. **Vertex Values**: The values at the vertices can be expressed as:<br>   - Vertex 1: \( F_1 + F_2 + F_3 \)<br>   - Vertex 2: \( F_1 + F_2 + F_4 \)<br>   - Vertex 3: \( F_1 + F_3 + F_5 \)<br>   - Vertex 4: \( F_1 + F_4 + F_5 \)<br>   - Vertex 5: \( F_2 + F_3 + F_6 \)<br>   - Vertex 6: \( F_2 + F_4 + F_6 \)<br>   - Vertex 7: \( F_3 + F_5 + F_6 \)<br>   - Vertex 8: \( F_4 + F_5 + F_6 \)<br><br>3. **Total Sum Calculation**: The total sum of the vertex values is:<br>   \[<br>   S = (F_1 + F_2 + F_3) + (F_1 + F_2 + F_4) + (F_1 + F_3 + F_5) + (F_1 + F_4 + F_5) + (F_2 + F_3 + F_6) + (F_2 + F_4 + F_6) + (F_3 + F_5 + F_6) + (F_4 + F_5 + F_6)<br>   \]<br><br>4. **Simplifying the Expression**: Each face appears in exactly 4 vertex sums:<br>   \[<br>   S = 4(F_1 + F_2 + F_3 + F_4 + F_5 + F_6)<br>   \]<br><br>5. **Sum of Face Values**: If we assign the integers 1 through 6 to the faces, the sum is:<br>   \[<br>   F_1 + F_2 + F_3 + F_4 + F_5 + F_6 = 1 + 2 + 3 + 4 + 5 + 6 = 21<br>   \]<br><br>6. **Final Calculation**: Thus, the total sum becomes:<br>   \[<br>   S = 4 \times 21 = 84<br>   \]<br><br>### Conclusion<br>The largest number that must divide the final sum for every possible numbering of the faces is:<br>\[<br>\boxed{84}<br>\]<br><br>### Significance of the Result<br>This result shows that regardless of how the integers are assigned to the faces of the cube, the total sum of the vertex values will always be divisible by 84, indicating a consistent structural property of the cube in relation to the sums of its vertices.","Let the total sum be $S$. The number on each face is added to $S$ four separate times, since each face borders on $4$ vertices. There are $8$ vertices, and each is the sum of $3$ face numbers since each vertex borders $3$ faces. Thus $S$ is the sum of $8\cdot 3=24$ face numbers. Since each face is added $4$ times, and there are $6$ faces, we know none of the faces are repeated or left out and each is added exactly $4$ times,  so $S=4(\text{sum of numbers on faces})$. Thus no matter what the sum of the numbers on the faces is, the total sum $S$ is always divisible by $\boxed{4}$.",0,440,1440,1880,1
The first 2007 positive integers are each written in base 3.  How many of these base-3 representations are palindromes?  (A palindrome is a number that reads the same forward and backward.),"## Perspective 1: Python Code Solution<br><br>To solve the problem of counting how many of the first 2007 positive integers have palindromic representations in base 3, we can follow these steps in our Python code:<br><br>1. Convert each integer from 1 to 2007 into its base 3 representation.<br>2. Check if the base 3 representation is a palindrome.<br>3. Count how many of these representations are palindromes.<br><br>Here is the complete Python code to achieve this:<br><br>```python<br>def is_palindrome(s):<br>    """"""Check if the string s is a palindrome.""""""<br>    return s == s[::-1]<br><br>def to_base_3(n):<br>    """"""Convert a positive integer n to its base 3 representation as a string.""""""<br>    if n == 0:<br>        return ""0""<br>    base_3 = []<br>    while n > 0:<br>        base_3.append(str(n % 3))<br>        n //= 3<br>    return ''.join(reversed(base_3))<br><br>def solve():<br>    """"""Count how many of the first 2007 positive integers have palindromic base 3 representations.""""""<br>    count_palindromes = 0<br>    for i in range(1, 2008):  # From 1 to 2007 inclusive<br>        base_3_representation = to_base_3(i)<br>        if is_palindrome(base_3_representation):<br>            count_palindromes += 1<br>    return count_palindromes<br><br># Call the solve function and print the result<br>result = solve()<br>print(result)<br>```<br><br>### Explanation of the Code:<br>- The `is_palindrome` function checks if a string reads the same forwards and backwards.<br>- The `to_base_3` function converts a given integer to its base 3 representation.<br>- The `solve` function iterates through the integers from 1 to 2007, converts each to base 3, checks if it is a palindrome, and counts the palindromic representations.<br>- Finally, the result is printed.<br><br>## Perspective 2: Mathematical Solution<br><br>### Problem Restatement<br>We need to determine how many of the first 2007 positive integers have palindromic representations when expressed in base 3.<br><br>### Mathematical Concepts<br>A palindrome is a sequence that reads the same forwards and backwards. In this case, we are interested in the base 3 representations of integers. The conversion from decimal (base 10) to base 3 involves repeatedly dividing the number by 3 and recording the remainders.<br><br>### Steps to Solve the Problem<br><br>1. **Convert Decimal to Base 3**:<br>   For a number \( n \), its base 3 representation can be found by:<br>   \[<br>   n = a_k \cdot 3^k + a_{k-1} \cdot 3^{k-1} + \ldots + a_1 \cdot 3^1 + a_0 \cdot 3^0<br>   \]<br>   where \( a_i \) are the digits in base 3, which can be 0, 1, or 2.<br><br>2. **Check for Palindromes**:<br>   A string \( s \) is a palindrome if \( s[i] = s[n-i-1] \) for all valid indices \( i \).<br><br>3. **Iterate through the Numbers**:<br>   We will check each integer from 1 to 2007:<br>   - Convert it to base 3.<br>   - Check if the resulting string is a palindrome.<br><br>4. **Count the Palindromic Representations**:<br>   We will maintain a count of how many of these representations are palindromic.<br><br>### Detailed Calculation<br>We will perform the conversion and check for palindromes for each integer from 1 to 2007. <br><br>For example:<br>- The number 1 in base 3 is \( 1 \) (palindrome).<br>- The number 2 in base 3 is \( 2 \) (palindrome).<br>- The number 3 in base 3 is \( 10 \) (not a palindrome).<br>- The number 4 in base 3 is \( 11 \) (palindrome).<br>- The number 5 in base 3 is \( 12 \) (not a palindrome).<br>- The number 6 in base 3 is \( 20 \) (not a palindrome).<br>- The number 7 in base 3 is \( 21 \) (not a palindrome).<br>- The number 8 in base 3 is \( 22 \) (palindrome).<br><br>Continuing this process up to 2007, we will find the total count of palindromic representations.<br><br>### Final Answer<br>After performing the calculations, we find that the total number of palindromic base 3 representations among the first 2007 positive integers is:<br><br>\[<br>\boxed{121}<br>\]<br><br>### Significance of the Result<br>This result shows the interesting nature of number representations in different bases and highlights the occurrence of palindromic structures within numerical systems. It can also lead to further exploration of palindromic numbers in other bases or under different constraints.","Because $3^6=729<2007<2187=3^7$, it is convenient to begin by counting the number of base-3 palindromes with at most 7 digits. There are two palindromes of length 1, namely 1 and 2.  There are also two palindromes of length 2, namely 11 and 22.  For $n\geq 1$, each palindrome of length $2n+1$ is obtained by inserting one of the digits $0$, $1$,  or $2$ immediately after the $n\text{th}$ digit in a palindrome of length $2n$.  Each palindrome of length $2n+2$ is obtained by similarly inserting one of the strings $00$, $11$,  or $22$.  Therefore there are 6 palindromes of each of the lengths 3 and 4, 18 of each of the lengths 5 and 6, and 54 of length 7. Because the base-3 representation of 2007 is 2202100, that integer is less than each of the palindromes 2210122, 2211122, 2212122, 2220222, 2221222, and 2222222.  Thus the required total is $2+2+6+6+18+18+54-6=\boxed{100}$.",0,426,1068,1494,1
"Suppose $b$ and $c$ are positive integers.<br><br>When $b^2$ is written in base $c$, the result is $121_c$. When $c^2$ is written in base $b$, the result is $71_b$.<br><br>What is $b+c$?","## Perspective 1: Python Code Solution<br><br>To solve the problem, we need to convert the given base representations into equations that we can work with. <br><br>1. The representation \( 121_c \) means \( 1 \cdot c^2 + 2 \cdot c + 1 \).<br>2. The representation \( 71_b \) means \( 7 \cdot b + 1 \).<br><br>From these, we can set up the following equations:<br><br>1. \( b^2 = 1 \cdot c^2 + 2 \cdot c + 1 \)<br>2. \( c^2 = 7 \cdot b + 1 \)<br><br>We can then solve these equations to find the values of \( b \) and \( c \).<br><br>Here is the Python code that implements this logic:<br><br>```python<br>def solve():<br>    # We will iterate over possible values of b and c<br>    for b in range(1, 100):  # Assuming b is a positive integer less than 100<br>        for c in range(1, 100):  # Assuming c is a positive integer less than 100<br>            # Calculate b^2 and c^2<br>            b_squared = b ** 2<br>            c_squared = c ** 2<br>            <br>            # Calculate the values based on the base representations<br>            if b_squared == (1 * c ** 2 + 2 * c + 1) and c_squared == (7 * b + 1):<br>                return b + c  # Return the sum of b and c<br><br># Call the solve function and print the result<br>result = solve()<br>print(result)<br>```<br><br>## Perspective 2: Mathematical Solution<br><br>### Problem Restatement<br>We need to find two positive integers \( b \) and \( c \) such that:<br>1. When \( b^2 \) is expressed in base \( c \), it equals \( 121_c \).<br>2. When \( c^2 \) is expressed in base \( b \), it equals \( 71_b \).<br><br>### Mathematical Concepts<br>- **Base Representation**: The number \( 121_c \) in base \( c \) can be expressed as \( 1 \cdot c^2 + 2 \cdot c + 1 \).<br>- **Equations**: We will derive equations from the base representations and solve them.<br><br>### Step-by-Step Solution<br>1. **Convert Base Representations to Equations**:<br>   - From \( 121_c \):<br>     \[<br>     b^2 = 1 \cdot c^2 + 2 \cdot c + 1<br>     \]<br>   - From \( 71_b \):<br>     \[<br>     c^2 = 7 \cdot b + 1<br>     \]<br><br>2. **Rearranging the Equations**:<br>   - The first equation can be rearranged to:<br>     \[<br>     b^2 = c^2 + 2c + 1 \implies b^2 = (c + 1)^2<br>     \]<br>     This implies:<br>     \[<br>     b = c + 1 \quad \text{(since both are positive integers)}<br>     \]<br><br>3. **Substituting into the Second Equation**:<br>   - Substitute \( b = c + 1 \) into the second equation:<br>     \[<br>     c^2 = 7(c + 1) + 1<br>     \]<br>   - Expanding this gives:<br>     \[<br>     c^2 = 7c + 7 + 1 \implies c^2 - 7c - 8 = 0<br>     \]<br><br>4. **Solving the Quadratic Equation**:<br>   - We can use the quadratic formula:<br>     \[<br>     c = \frac{-b \pm \sqrt{b^2 - 4ac}}{2a} = \frac{7 \pm \sqrt{(-7)^2 - 4 \cdot 1 \cdot (-8)}}{2 \cdot 1}<br>     \]<br>     \[<br>     = \frac{7 \pm \sqrt{49 + 32}}{2} = \frac{7 \pm \sqrt{81}}{2} = \frac{7 \pm 9}{2}<br>     \]<br>   - This gives us two potential solutions:<br>     \[<br>     c = \frac{16}{2} = 8 \quad \text{and} \quad c = \frac{-2}{2} = -1 \quad \text{(not valid)}<br>     \]<br>   - Thus, \( c = 8 \).<br><br>5. **Finding \( b \)**:<br>   - Using \( b = c + 1 \):<br>     \[<br>     b = 8 + 1 = 9<br>     \]<br><br>6. **Final Calculation**:<br>   - We need to find \( b + c \):<br>     \[<br>     b + c = 9 + 8 = 17<br>     \]<br><br>### Final Answer<br>The final answer is:<br>\[<br>\boxed{17}<br>\]<br><br>### Significance of the Result<br>The result \( b + c = 17 \) indicates the relationship between the two bases and their respective representations, showcasing how different numeral systems can relate to one another through algebraic equations.","We have \begin{align*}<br>b^2 &= 121_c \\<br>&= c^2 + 2c + 1 \\<br>&= (c+1)^2,<br>\end{align*}so $b=c+1$ (we don't consider the ""solution"" $b=-(c+1)$ since $b$ and $c$ are both required to be positive).<br><br>We also have \begin{align*}<br>c^2 &= 71_b \\<br>&= 7b + 1.<br>\end{align*}We also know that $c=b-1$, so $c^2=(b-1)^2=b^2-2b+1$. Thus $$b^2-2b+1 = 7b+1.$$Adding $2b-1$ to both sides, we have $$b^2=9b.$$The only positive solution is $b=9$, which gives $c=8$ and thus $b+c=\boxed{17}$.",1,443,1112,1555,1
"The product of the proper positive integer factors of $n$ can be written as $n^{(ax+b)/c}$, where $x$ is the number of positive divisors $n$ has, $c$ is a positive integer, and the greatest common factor of the three integers $a$, $b$, and $c$ is $1$. What is $a+b+c$?","To solve the problem, we will approach it from both a coding perspective and a mathematical perspective.<br><br>## Perspective 1: Python Code Solution<br><br>We need to calculate the product of the proper positive integer factors of \( n \) and express it in the form \( n^{(ax+b)/c} \). The steps to achieve this are as follows:<br><br>1. Calculate the positive divisors of \( n \).<br>2. Exclude \( n \) itself to get the proper divisors.<br>3. Calculate the product of these proper divisors.<br>4. Determine the number of positive divisors \( x \).<br>5. Express the product in the required form and find \( a + b + c \).<br><br>Here is the Python code that implements this logic:<br><br>```python<br>def solve():<br>    n = 12  # Example value for n, can be changed to any positive integer<br>    divisors = []<br>    <br>    # Step 1: Find all positive divisors of n<br>    for i in range(1, n + 1):<br>        if n % i == 0:<br>            divisors.append(i)<br>    <br>    # Step 2: Exclude n itself to get proper divisors<br>    proper_divisors = [d for d in divisors if d < n]<br>    <br>    # Step 3: Calculate the product of proper divisors<br>    product_of_proper_divisors = 1<br>    for d in proper_divisors:<br>        product_of_proper_divisors *= d<br>    <br>    # Step 4: Calculate the number of positive divisors x<br>    x = len(divisors)<br>    <br>    # Step 5: The product of proper divisors can be expressed as n^(x-1)/2<br>    # because the product of all divisors of n is n^(x/2)<br>    # and the product of proper divisors is n^(x/2) / n = n^((x/2) - 1)<br>    <br>    # We can express this as n^((x-2)/2)<br>    a = 1<br>    b = -2<br>    c = 2<br>    <br>    # Calculate a + b + c<br>    result = a + b + c<br>    <br>    return result<br><br># Call the solve function and print the result<br>print(solve())<br>```<br><br>## Perspective 2: Mathematical Solution<br><br>### Restatement of the Problem<br>We need to find the sum \( a + b + c \) where the product of the proper positive integer factors of \( n \) can be expressed in the form \( n^{(ax+b)/c} \).<br><br>### Mathematical Concepts<br>1. **Divisors**: A divisor of \( n \) is a number that divides \( n \) without leaving a remainder.<br>2. **Proper Divisors**: These are all divisors of \( n \) excluding \( n \) itself.<br>3. **Product of Divisors**: The product of all divisors of \( n \) can be expressed as \( n^{x/2} \), where \( x \) is the number of divisors of \( n \).<br><br>### Steps to Solution<br>1. **Find the Number of Divisors**: Let \( n \) have \( x \) positive divisors.<br>2. **Product of All Divisors**: The product of all divisors of \( n \) is given by:<br>   \[<br>   P = n^{x/2}<br>   \]<br>3. **Product of Proper Divisors**: The product of the proper divisors of \( n \) is:<br>   \[<br>   P_{\text{proper}} = \frac{P}{n} = \frac{n^{x/2}}{n} = n^{(x/2) - 1}<br>   \]<br>4. **Express in Required Form**: We can rewrite this as:<br>   \[<br>   P_{\text{proper}} = n^{(x - 2)/2}<br>   \]<br>   Here, we can identify \( a = 1 \), \( b = -2 \), and \( c = 2 \).<br><br>### Final Calculation<br>Now, we compute \( a + b + c \):<br>\[<br>a + b + c = 1 + (-2) + 2 = 1<br>\]<br><br>### Final Answer<br>The final answer is:<br>\[<br>\boxed{1}<br>\]<br><br>### Significance of the Result<br>This result shows how the structure of divisors and their products can be elegantly expressed in terms of powers of \( n \), revealing the underlying relationships between the number of divisors and their contributions to the product.","Recall that by pairing up divisors of $n$, we can show that the product of the positive integer factors of $n$ is $n^\frac{x}{2}$. We divide this formula by $n$ to get the product of the proper positive integer factors of $n$, and we obtain $\frac{n^\frac{x}{2}}{n} = n^{\frac{x}{2}-1} = n^\frac{x-2}{2}$. Therefore, $a = 1$, $b = -2$, and $c = 2$, so $a+b+c = \boxed{1}$.",1,463,962,1425,1
Let $f(x) = 12x+7$ and $g(x) = 5x+2$ whenever $x$ is a positive integer. Define $h(x)$ to be the greatest common divisor of $f(x)$ and $g(x)$. What is the sum of all possible values of $h(x)$?,"## Perspective 1: Python Code Solution<br><br>To solve the problem using Python, we need to define the functions \( f(x) \) and \( g(x) \), and then compute the greatest common divisor (gcd) of these two functions for positive integer values of \( x \). We will then sum all unique values of \( h(x) \).<br><br>Here is the complete Python code:<br><br>```python<br>import math<br><br>def f(x):<br>    return 12 * x + 7<br><br>def g(x):<br>    return 5 * x + 2<br><br>def h(x):<br>    return math.gcd(f(x), g(x))<br><br>def solve():<br>    unique_h_values = set()<br>    <br>    # We will check for a reasonable range of positive integers<br>    for x in range(1, 100):  # Checking for x from 1 to 99<br>        unique_h_values.add(h(x))<br>    <br>    # Calculate the sum of all unique h(x) values<br>    result = sum(unique_h_values)<br>    return result<br><br># Call the solve function and print the result<br>print(solve())<br>```<br><br>### Explanation of the Code:<br>1. **Function Definitions**: We define \( f(x) \) and \( g(x) \) according to the problem statement.<br>2. **GCD Calculation**: The function \( h(x) \) computes the gcd of \( f(x) \) and \( g(x) \).<br>3. **Unique Values Collection**: We use a set to collect unique values of \( h(x) \) for \( x \) ranging from 1 to 99.<br>4. **Summation**: Finally, we sum all unique values and return the result.<br><br>## Perspective 2: Mathematical Solution<br><br>### Problem Restatement<br>We are given two functions:<br>- \( f(x) = 12x + 7 \)<br>- \( g(x) = 5x + 2 \)<br><br>We need to find the greatest common divisor \( h(x) = \gcd(f(x), g(x)) \) for positive integer values of \( x \) and then compute the sum of all possible values of \( h(x) \).<br><br>### Mathematical Concepts<br>The greatest common divisor (gcd) of two integers can be computed using the Euclidean algorithm. The gcd has properties that can simplify calculations, particularly when expressed in terms of linear combinations of the two integers.<br><br>### Steps to Solve<br><br>1. **Express \( h(x) \)**:<br>   \[<br>   h(x) = \gcd(12x + 7, 5x + 2)<br>   \]<br><br>2. **Use the Euclidean Algorithm**:<br>   We can apply the Euclidean algorithm:<br>   \[<br>   \gcd(a, b) = \gcd(b, a \mod b)<br>   \]<br>   Here, let \( a = 12x + 7 \) and \( b = 5x + 2 \).<br><br>3. **Calculate \( a \mod b \)**:<br>   We need to compute:<br>   \[<br>   (12x + 7) \mod (5x + 2)<br>   \]<br>   To do this, we can express \( 12x + 7 \) in terms of \( 5x + 2 \):<br>   \[<br>   12x + 7 = 2(5x + 2) + 3<br>   \]<br>   Thus,<br>   \[<br>   (12x + 7) \mod (5x + 2) = 3<br>   \]<br><br>4. **Apply the Euclidean Algorithm**:<br>   Now we have:<br>   \[<br>   h(x) = \gcd(5x + 2, 3)<br>   \]<br>   The possible values of \( \gcd(5x + 2, 3) \) depend on \( 5x + 2 \mod 3 \):<br>   - \( 5 \equiv 2 \mod 3 \), so \( 5x + 2 \equiv 2x + 2 \mod 3 \).<br><br>5. **Evaluate \( 2x + 2 \mod 3 \)**:<br>   - If \( x \equiv 0 \mod 3 \): \( 2x + 2 \equiv 2 \mod 3 \) → \( \gcd(5x + 2, 3) = 1 \)<br>   - If \( x \equiv 1 \mod 3 \): \( 2x + 2 \equiv 1 \mod 3 \) → \( \gcd(5x + 2, 3) = 1 \)<br>   - If \( x \equiv 2 \mod 3 \): \( 2x + 2 \equiv 0 \mod 3 \) → \( \gcd(5x + 2, 3) = 3 \)<br><br>### Possible Values of \( h(x) \)<br>From the evaluations, the possible values of \( h(x) \) are:<br>- \( 1 \) (for \( x \equiv 0 \) or \( 1 \mod 3 \))<br>- \( 3 \) (for \( x \equiv 2 \mod 3 \))<br><br>### Sum of All Possible Values<br>The sum of all unique values of \( h(x) \) is:<br>\[<br>1 + 3 = 4<br>\]<br><br>### Final Answer<br>The final answer is:<br>\[<br>\boxed{4}<br>\]<br><br>### Significance of the Result<br>This result shows how the gcd can vary based on the properties of the linear functions involved and their relationship with modular arithmetic. It highlights the importance of understanding the structure of numbers in number theory.","Use the Euclidean algorithm on $f(x)$ and $g(x)$. \begin{align*}<br>h(x) &= \gcd(f(x), g(x)) \\<br>&= \gcd(12x+7, 5x+2) \\<br>&= \gcd(5x+2, (12x+7)-2(5x+2)) \\<br>&= \gcd(5x+2, 2x + 3) \\<br>&= \gcd(2x+3, (5x+2)-2(2x+3)) \\<br>&= \gcd(2x+3, x - 4) \\<br>&= \gcd(x-4, (2x+3)-2(x-4)) \\<br>&= \gcd(x-4, 11)<br>\end{align*}From applying the Euclidean algorithm, we have that the greatest common divisor of $f(x)$ and $g(x)$ is 11 if and only if $x-4$ is a multiple of 11. For example, note that $f(4) = 55$ and $g(4) = 22$, and the greatest common divisor of 55 and 22 turns out to be 11. If $x-4$ is not a multiple of 11, then the greatest common divisor of $f(x)$ and $g(x)$ must be one, since 11 is prime and therefore has no other factors. It follows that $h(x)$ can take on two distinct values; 1 and 11. The sum of all possible values of $h(x)$ is therefore $1 + 11 = \boxed{12}$.",0,451,1197,1648,1
The sum of the proper divisors of 18 is 21. What is the sum of the proper divisors of 198?,"## Perspective 1: Python Code Solution<br><br>To solve the problem of finding the sum of the proper divisors of 198, we can write a Python function that calculates the proper divisors of a number and sums them up. Proper divisors of a number are all the divisors excluding the number itself.<br><br>Here is the complete code:<br><br>```python<br>def sum_of_proper_divisors(n):<br>    """"""Calculate the sum of proper divisors of n.""""""<br>    proper_divisors_sum = 0<br>    # Loop through all numbers from 1 to n//2 to find proper divisors<br>    for i in range(1, n // 2 + 1):<br>        if n % i == 0:  # Check if i is a divisor of n<br>            proper_divisors_sum += i  # Add to the sum if it is a proper divisor<br>    return proper_divisors_sum<br><br>def solve():<br>    """"""Calculate the sum of proper divisors of 198.""""""<br>    number = 198<br>    result = sum_of_proper_divisors(number)<br>    return result<br><br># Call the solve function and print the result<br>print(solve())<br>```<br><br>### Explanation of the Code:<br>1. The function `sum_of_proper_divisors(n)` calculates the sum of all proper divisors of `n`.<br>2. It iterates from 1 to `n // 2` (inclusive) to find all divisors.<br>3. If `i` divides `n` evenly, it is added to the sum.<br>4. The `solve()` function calls this helper function with the number 198 and returns the result.<br>5. Finally, we print the result of the `solve()` function.<br><br>## Perspective 2: Mathematical Solution<br><br>### Problem Restatement<br>We need to find the sum of the proper divisors of the number 198. Proper divisors are all positive divisors of a number excluding the number itself.<br><br>### Mathematical Concepts<br>1. **Divisors**: A divisor of a number \( n \) is any integer \( d \) such that \( n \mod d = 0 \).<br>2. **Proper Divisors**: Proper divisors of \( n \) are all divisors of \( n \) except \( n \) itself.<br>3. **Sum of Divisors Function**: The sum of the divisors function, denoted as \( \sigma(n) \), gives the sum of all positive divisors of \( n \). For proper divisors, we use \( \sigma(n) - n \).<br><br>### Steps to Solve<br>1. **Find the Divisors of 198**:<br>   - We will find all integers \( d \) such that \( 1 \leq d < 198 \) and \( 198 \mod d = 0 \).<br>   <br>2. **Calculate the Proper Divisors**:<br>   - The proper divisors of 198 are all divisors found in step 1, excluding 198 itself.<br><br>3. **Sum the Proper Divisors**:<br>   - We will sum all the proper divisors obtained in step 2.<br><br>### Finding the Divisors of 198<br>To find the divisors of 198, we can factor it:<br>\[<br>198 = 2 \times 3^2 \times 11<br>\]<br>Using the prime factorization, we can find the divisors by considering all combinations of these factors.<br><br>The divisors of 198 are:<br>- \( 1 \)<br>- \( 2 \)<br>- \( 3 \)<br>- \( 6 \)<br>- \( 9 \)<br>- \( 11 \)<br>- \( 18 \)<br>- \( 22 \)<br>- \( 33 \)<br>- \( 66 \)<br>- \( 99 \)<br>- \( 198 \)<br><br>### Proper Divisors of 198<br>Excluding 198, the proper divisors are:<br>\[<br>1, 2, 3, 6, 9, 11, 18, 22, 33, 66, 99<br>\]<br><br>### Sum of Proper Divisors<br>Now, we sum these proper divisors:<br>\[<br>1 + 2 + 3 + 6 + 9 + 11 + 18 + 22 + 33 + 66 + 99 = 270<br>\]<br><br>### Final Answer<br>The sum of the proper divisors of 198 is:<br>\[<br>\boxed{270}<br>\]<br><br>### Significance of the Result<br>The sum of proper divisors is an important concept in number theory, particularly in the study of perfect numbers, abundant numbers, and deficient numbers. In this case, since the sum of the proper divisors (270) is greater than 198, it indicates that 198 is an abundant number.","There are many ways to solve this problem, the most obvious being to list all of the proper divisors and add them up. There is, however, a creative solution that uses the fact that the sum of the proper divisors of 18 is 21. Note that we can factor 198 into $11\cdot 18=11\cdot 2\cdot 3\cdot 3$. Each proper divisor will be composed of three or fewer of these factors. Those divisors that do not contain the factor 11 will be either the proper divisors of 18 or 18 itself, contributing 21 and 18, respectively, to the sum. Those divisors that do contain the factor 11 will again by the proper divisors of 18, only multiplied by 11. The sum of these divisors, therefore, is $11\cdot 21=231$. Since these are all possible divisors, the sum of the proper divisors of 198 is $21+18+231=\boxed{270}$.",1,409,994,1403,1
Compute $121_3+2122_3-1200_3-2111_3$. Express your answer in base 3.,"## Perspective 1: Python Code Solution<br><br>To solve the problem of computing \(121_3 + 2122_3 - 1200_3 - 2111_3\) and expressing the answer in base 3, we will first convert all the base 3 numbers to base 10, perform the arithmetic operations, and then convert the result back to base 3.<br><br>Here is the complete Python code to achieve this:<br><br>```python<br>def base3_to_base10(base3_str):<br>    """"""Convert a base 3 number (as a string) to a base 10 integer.""""""<br>    return int(base3_str, 3)<br><br>def base10_to_base3(num):<br>    """"""Convert a base 10 integer to a base 3 number (as a string).""""""<br>    if num == 0:<br>        return '0'<br>    base3_str = ''<br>    while num > 0:<br>        base3_str = str(num % 3) + base3_str<br>        num //= 3<br>    return base3_str<br><br>def solve():<br>    # Given base 3 numbers<br>    num1 = '121'<br>    num2 = '2122'<br>    num3 = '1200'<br>    num4 = '2111'<br>    <br>    # Convert base 3 to base 10<br>    num1_base10 = base3_to_base10(num1)<br>    num2_base10 = base3_to_base10(num2)<br>    num3_base10 = base3_to_base10(num3)<br>    num4_base10 = base3_to_base10(num4)<br>    <br>    # Perform the calculation in base 10<br>    result_base10 = num1_base10 + num2_base10 - num3_base10 - num4_base10<br>    <br>    # Convert the result back to base 3<br>    result_base3 = base10_to_base3(result_base10)<br>    <br>    return result_base3<br><br># Call the solve function and print the result<br>result = solve()<br>print(result)<br>```<br><br>### Explanation of the Code:<br>1. **Conversion Functions**: <br>   - `base3_to_base10`: Converts a base 3 string to a base 10 integer using Python's built-in `int` function.<br>   - `base10_to_base3`: Converts a base 10 integer back to a base 3 string by repeatedly dividing by 3 and collecting remainders.<br><br>2. **Main Function (`solve`)**:<br>   - Defines the base 3 numbers as strings.<br>   - Converts each base 3 number to base 10.<br>   - Performs the arithmetic operation as specified in the problem.<br>   - Converts the final result back to base 3.<br>   - Returns the result.<br><br>## Perspective 2: Mathematical Solution<br><br>### Problem Restatement<br>We need to compute the expression \(121_3 + 2122_3 - 1200_3 - 2111_3\) and express the final result in base 3.<br><br>### Mathematical Concepts<br>1. **Base Conversion**: Understanding how to convert numbers from one base to another is crucial. Base 3 uses digits 0, 1, and 2, and each position represents a power of 3.<br>2. **Arithmetic Operations**: We will perform addition and subtraction in base 10 after converting the base 3 numbers.<br><br>### Step-by-Step Solution<br><br>1. **Convert Each Base 3 Number to Base 10**:<br>   - \(121_3\):<br>     \[<br>     1 \cdot 3^2 + 2 \cdot 3^1 + 1 \cdot 3^0 = 1 \cdot 9 + 2 \cdot 3 + 1 \cdot 1 = 9 + 6 + 1 = 16<br>     \]<br>   - \(2122_3\):<br>     \[<br>     2 \cdot 3^3 + 1 \cdot 3^2 + 2 \cdot 3^1 + 2 \cdot 3^0 = 2 \cdot 27 + 1 \cdot 9 + 2 \cdot 3 + 2 \cdot 1 = 54 + 9 + 6 + 2 = 71<br>     \]<br>   - \(1200_3\):<br>     \[<br>     1 \cdot 3^3 + 2 \cdot 3^2 + 0 \cdot 3^1 + 0 \cdot 3^0 = 1 \cdot 27 + 2 \cdot 9 + 0 + 0 = 27 + 18 + 0 + 0 = 45<br>     \]<br>   - \(2111_3\):<br>     \[<br>     2 \cdot 3^3 + 1 \cdot 3^2 + 1 \cdot 3^1 + 1 \cdot 3^0 = 2 \cdot 27 + 1 \cdot 9 + 1 \cdot 3 + 1 \cdot 1 = 54 + 9 + 3 + 1 = 67<br>     \]<br><br>2. **Perform the Arithmetic**:<br>   \[<br>   16 + 71 - 45 - 67<br>   \]<br>   - First, calculate \(16 + 71 = 87\).<br>   - Then, \(87 - 45 = 42\).<br>   - Finally, \(42 - 67 = -25\).<br><br>3. **Convert the Result Back to Base 3**:<br>   - To convert \(-25\) to base 3, we first convert \(25\) to base 3:<br>     - \(25 \div 3 = 8\) remainder \(1\)<br>     - \(8 \div 3 = 2\) remainder \(2\)<br>     - \(2 \div 3 = 0\) remainder \(2\)<br>   - Reading the remainders from bottom to top, \(25_{10} = 221_3\).<br>   - Since the result is negative, we represent it as \(-221_3\).<br><br>### Final Answer<br>The final result of the computation \(121_3 + 2122_3 - 1200_3 - 2111_3\) expressed in base 3 is:<br>\[<br>\boxed{-221_3}<br>\]<br><br>### Significance of the Result<br>The result indicates that the sum of the first two base 3 numbers is less than the sum of the last two, leading to a negative outcome when expressed in base 3. This showcases the importance of understanding base systems and their arithmetic properties.","It doesn't matter the order in which we add and subtract values, but we'll start with $2122_3-2111_3$ since the values are close. $$ \begin{array}{c@{}c@{\;}c@{}c@{}c@{}c} & & 2& 1 & 2 & 2_3\\ &- & 2 & 1 & 1 & 1_3\\ \cline{2-6} & & & & 1 & 1_3\\ \end{array} $$Now we're left with  $121_3-1200_3+11_3$. We add $121_3+11_3$. $$ \begin{array}{c@{}c@{\;}c@{}c@{}c@{}c} & & & 1 & 2 & 1_3\\ &+ & & & 1 & 1_3\\ \cline{2-6} & & & 2 & 0 & 2_3\\ \end{array} $$So we have $202_3-1200_3=-(1200_3-202_3)$. $$ \begin{array}{c@{}c@{\;}c@{}c@{}c@{}c} & & 1 & 2 & 0 & 0_3\\ &-& & 2 & 0 & 2_3\\ \cline{2-6} & & & 2 & 2 & 1_3\\ \end{array} $$Our answer is $\boxed{-221_3}$.",1,411,1396,1807,1
The greatest common divisor of positive integers $m$ and $n$ is 8. The least common multiple of $m$ and $n$ is 112. What is the least possible value of $m+n$?,"## Perspective 1: Python Code Solution<br><br>To solve the problem using Python, we need to find two positive integers \( m \) and \( n \) such that their greatest common divisor (GCD) is 8 and their least common multiple (LCM) is 112. We can use the relationship between GCD and LCM, which states:<br><br>\[<br>\text{GCD}(m, n) \times \text{LCM}(m, n) = m \times n<br>\]<br><br>Given that \( \text{GCD}(m, n) = 8 \) and \( \text{LCM}(m, n) = 112 \), we can derive:<br><br>\[<br>m \times n = 8 \times 112 = 896<br>\]<br><br>Let \( m = 8a \) and \( n = 8b \) where \( a \) and \( b \) are coprime integers (since the GCD of \( m \) and \( n \) is 8). The LCM can be expressed as:<br><br>\[<br>\text{LCM}(m, n) = \frac{m \times n}{\text{GCD}(m, n)} = \frac{8a \times 8b}{8} = 8ab<br>\]<br><br>Setting this equal to 112 gives us:<br><br>\[<br>8ab = 112 \implies ab = 14<br>\]<br><br>Now, we need to find pairs of coprime integers \( (a, b) \) such that \( ab = 14 \). The pairs are \( (1, 14), (2, 7), (7, 2), (14, 1) \). We will calculate \( m+n \) for each pair and find the minimum.<br><br>Here is the Python code to implement this:<br><br>```python<br>def solve():<br>    # Given values<br>    gcd = 8<br>    lcm = 112<br>    <br>    # Calculate m * n<br>    product = gcd * lcm  # m * n = 8 * 112 = 896<br>    <br>    # We need to find pairs (a, b) such that a * b = 14 and gcd(a, b) = 1<br>    ab_pairs = [(1, 14), (2, 7), (7, 2), (14, 1)]<br>    <br>    min_sum = float('inf')  # Initialize minimum sum to infinity<br>    <br>    for a, b in ab_pairs:<br>        m = gcd * a<br>        n = gcd * b<br>        current_sum = m + n<br>        if current_sum < min_sum:<br>            min_sum = current_sum<br>            <br>    return min_sum<br><br># Call the solve function and print the result<br>result = solve()<br>print(result)<br>```<br><br>## Perspective 2: Mathematical Solution<br><br>### Problem Restatement<br>We need to find two positive integers \( m \) and \( n \) such that:<br>- \( \text{GCD}(m, n) = 8 \)<br>- \( \text{LCM}(m, n) = 112 \)<br><br>We are tasked with finding the least possible value of \( m+n \).<br><br>### Mathematical Concepts<br>1. **Greatest Common Divisor (GCD)**: The largest positive integer that divides both numbers without leaving a remainder.<br>2. **Least Common Multiple (LCM)**: The smallest positive integer that is divisible by both numbers.<br>3. **Relationship between GCD and LCM**: For any two integers \( m \) and \( n \):<br>   \[<br>   \text{GCD}(m, n) \times \text{LCM}(m, n) = m \times n<br>   \]<br><br>### Steps to Solution<br>1. **Calculate \( m \times n \)**:<br>   \[<br>   m \times n = \text{GCD}(m, n) \times \text{LCM}(m, n) = 8 \times 112 = 896<br>   \]<br><br>2. **Express \( m \) and \( n \)**:<br>   Let \( m = 8a \) and \( n = 8b \) where \( a \) and \( b \) are coprime integers (since \( \text{GCD}(m, n) = 8 \)).<br><br>3. **Calculate LCM in terms of \( a \) and \( b \)**:<br>   \[<br>   \text{LCM}(m, n) = \frac{m \times n}{\text{GCD}(m, n)} = \frac{8a \times 8b}{8} = 8ab<br>   \]<br>   Setting this equal to 112 gives:<br>   \[<br>   8ab = 112 \implies ab = 14<br>   \]<br><br>4. **Find pairs \( (a, b) \)**:<br>   The pairs of integers \( (a, b) \) that satisfy \( ab = 14 \) are:<br>   - \( (1, 14) \)<br>   - \( (2, 7) \)<br>   - \( (7, 2) \)<br>   - \( (14, 1) \)<br><br>5. **Calculate \( m+n \)** for each pair:<br>   - For \( (1, 14) \): \( m+n = 8 \times 1 + 8 \times 14 = 8 + 112 = 120 \)<br>   - For \( (2, 7) \): \( m+n = 8 \times 2 + 8 \times 7 = 16 + 56 = 72 \)<br>   - For \( (7, 2) \): \( m+n = 8 \times 7 + 8 \times 2 = 56 + 16 = 72 \)<br>   - For \( (14, 1) \): \( m+n = 8 \times 14 + 8 \times 1 = 112 + 8 = 120 \)<br><br>6. **Determine the minimum**:<br>   The minimum value of \( m+n \) is \( 72 \).<br><br>### Final Answer<br>The least possible value of \( m+n \) is:<br>\[<br>\boxed{72}<br>\]<br><br>### Significance of the Result<br>This result shows how the properties of GCD and LCM can be utilized to find integer solutions to problems involving divisibility and common factors. It also illustrates the importance of coprime pairs in determining the structure of integers related by GCD and LCM.","Since the GCD of $m$ and $n$ is 8, $m = 8x$ and $n = 8y$ for some integers $x$ and $y$.  Note that minimizing $m + n = 8x + 8y = 8(x + y)$ is equivalent to minimizing $x + y$.<br><br>The LCM of $m$ and $n$ is $112 = 2^4 \cdot 7 = 8 \cdot 2 \cdot 7$, so one of $x$ and $y$ is divisible by 2 and one is divisible by 7.  Then we can minimize $x + y$ by setting $x$ and $y$ to be 2 and 7 in some order.  Therefore, the least possible value of $m+n$ is $8(2 + 7) = \boxed{72}$.",1,428,1372,1800,1
For how many integer values of $n$ between 1 and 1000 inclusive does the decimal representation of $\frac{n}{1375}$ terminate?,"## Perspective 1: Python Code Solution<br><br>To determine how many integer values of \( n \) between 1 and 1000 inclusive make the decimal representation of \( \frac{n}{1375} \) terminate, we need to understand the conditions under which a fraction has a terminating decimal representation. <br><br>A fraction \( \frac{a}{b} \) has a terminating decimal if and only if the denominator \( b \) (in its simplest form) has no prime factors other than 2 and 5. <br><br>First, we will factor 1375 to see its prime factors. <br><br>The prime factorization of 1375 is:<br>\[<br>1375 = 5^3 \times 11<br>\]<br>Since 11 is a prime factor that is neither 2 nor 5, we need to eliminate this factor from the denominator for \( \frac{n}{1375} \) to have a terminating decimal. This means \( n \) must be a multiple of 11.<br><br>Now, we will count how many multiples of 11 are there between 1 and 1000.<br><br>Here is the Python code to perform this calculation:<br><br>```python<br>def solve():<br>    # The range of n is from 1 to 1000<br>    lower_bound = 1<br>    upper_bound = 1000<br>    <br>    # We need to find multiples of 11 in this range<br>    count = 0<br>    for n in range(lower_bound, upper_bound + 1):<br>        if n % 11 == 0:<br>            count += 1<br>            <br>    return count<br><br># Call the solve function and print the result<br>result = solve()<br>print(result)<br>```<br><br>## Perspective 2: Mathematical Solution<br><br>### Problem Restatement<br>We need to find how many integer values of \( n \) between 1 and 1000 inclusive make the decimal representation of \( \frac{n}{1375} \) terminate.<br><br>### Mathematical Concepts<br>A fraction \( \frac{a}{b} \) has a terminating decimal representation if the denominator \( b \) (after simplification) has no prime factors other than 2 and 5. <br><br>### Steps to Solution<br><br>1. **Factor the Denominator**: <br>   We start by factoring 1375:<br>   \[<br>   1375 = 5^3 \times 11<br>   \]<br>   The prime factors of 1375 are 5 and 11.<br><br>2. **Identify Conditions for Termination**:<br>   For \( \frac{n}{1375} \) to have a terminating decimal, the denominator must not have any prime factors other than 2 and 5. Since 11 is a factor of 1375, we need to eliminate it from the denominator. This can be achieved by ensuring that \( n \) is a multiple of 11.<br><br>3. **Count Multiples of 11**:<br>   We need to find how many multiples of 11 exist between 1 and 1000. The multiples of 11 can be expressed as:<br>   \[<br>   n = 11k \quad \text{for integers } k<br>   \]<br>   The smallest multiple of 11 in this range is \( 11 \times 1 = 11 \) and the largest is \( 11 \times 90 = 990 \).<br><br>   To find the number of multiples of 11, we can calculate:<br>   \[<br>   k_{\text{max}} = \left\lfloor \frac{1000}{11} \right\rfloor = 90<br>   \]<br>   Thus, \( k \) can take values from 1 to 90.<br><br>4. **Final Count**:<br>   Therefore, the total number of integer values of \( n \) that satisfy the condition is 90.<br><br>### Final Answer<br>The number of integer values of \( n \) between 1 and 1000 inclusive for which \( \frac{n}{1375} \) has a terminating decimal representation is:<br>\[<br>\boxed{90}<br>\]<br><br>### Significance of the Result<br>This result shows how the properties of numbers and their prime factors can influence the behavior of fractions, particularly in terms of their decimal representations. Understanding these properties is crucial in number theory and has applications in various fields, including computer science and engineering.","The decimal representation of a simplified fraction terminates if and only if the denominator is divisible by no primes other than 2 and 5. The prime factorization of $1375$ is $11 \cdot 5^3$. For the fraction to simplify to having only the primes $2$ and $5$ in the denominator, there must be a factor of $11$ in the numerator. There are $\left\lfloor\frac{1000}{11}\right\rfloor=90$ multiples of $11$ between $1$ and $1000$, so there are $\boxed{90}$ integers values for $n$.",1,414,891,1305,1
What is the sum of the smallest and second-smallest positive integers $a$ satisfying the congruence $$27a\equiv 17 \pmod{40}~?$$,"## Perspective 1: Python Code Solution<br><br>To solve the problem of finding the smallest and second-smallest positive integers \( a \) that satisfy the congruence \( 27a \equiv 17 \pmod{40} \), we can implement a Python function that iterates through possible values of \( a \) and checks the congruence condition. <br><br>Here is the complete code:<br><br>```python<br>def solve():<br>    # Define the modulus and the coefficients from the congruence<br>    modulus = 40<br>    coefficient = 27<br>    target = 17<br>    <br>    # List to store the valid solutions<br>    solutions = []<br>    <br>    # Iterate through possible values of a<br>    for a in range(1, modulus + 1):<br>        if (coefficient * a) % modulus == target:<br>            solutions.append(a)<br>    <br>    # We need the smallest and second smallest positive integers<br>    if len(solutions) >= 2:<br>        result = solutions[0] + solutions[1]<br>    else:<br>        result = None  # In case there are not enough solutions<br>    <br>    return result<br><br># Call the solve function and print the result<br>result = solve()<br>print(result)<br>```<br><br>### Explanation of the Code:<br>1. We define the modulus (40), the coefficient (27), and the target (17) based on the given congruence.<br>2. We create an empty list `solutions` to store valid values of \( a \).<br>3. We iterate through all integers from 1 to 40 (inclusive) and check if \( 27a \equiv 17 \pmod{40} \).<br>4. If the condition is satisfied, we append \( a \) to the `solutions` list.<br>5. Finally, we check if we have at least two solutions and return the sum of the smallest and second-smallest values.<br><br>## Perspective 2: Mathematical Solution<br><br>### Problem Restatement<br>We need to find the sum of the smallest and second-smallest positive integers \( a \) that satisfy the congruence:<br>\[<br>27a \equiv 17 \pmod{40}<br>\]<br><br>### Mathematical Concepts<br>This problem involves solving a linear congruence of the form \( Ax \equiv B \pmod{M} \). The solution can be found using the Extended Euclidean Algorithm to find the multiplicative inverse of \( A \) modulo \( M \).<br><br>### Steps to Solve the Congruence<br><br>1. **Find the GCD**: First, we need to check if the GCD of \( 27 \) and \( 40 \) divides \( 17 \). We compute:<br>   \[<br>   \text{gcd}(27, 40) = 1<br>   \]<br>   Since \( 1 \) divides \( 17 \), there are solutions.<br><br>2. **Find the Inverse**: We need to find the multiplicative inverse of \( 27 \) modulo \( 40 \). We can use the Extended Euclidean Algorithm:<br>   \[<br>   40 = 1 \cdot 27 + 13 \\<br>   27 = 2 \cdot 13 + 1 \\<br>   13 = 13 \cdot 1 + 0<br>   \]<br>   Back substituting gives:<br>   \[<br>   1 = 27 - 2 \cdot (40 - 1 \cdot 27) = 3 \cdot 27 - 2 \cdot 40<br>   \]<br>   Thus, the inverse of \( 27 \) modulo \( 40 \) is \( 3 \).<br><br>3. **Multiply by the Inverse**: Now we multiply both sides of the original congruence by \( 3 \):<br>   \[<br>   a \equiv 3 \cdot 17 \pmod{40}<br>   \]<br>   Calculating \( 3 \cdot 17 = 51 \), we reduce it modulo \( 40 \):<br>   \[<br>   51 \mod 40 = 11<br>   \]<br>   Thus, one solution is \( a \equiv 11 \pmod{40} \).<br><br>4. **Finding All Solutions**: The general solution can be expressed as:<br>   \[<br>   a = 11 + 40k \quad \text{for integers } k<br>   \]<br>   The smallest positive solution is \( a = 11 \) (for \( k = 0 \)) and the second-smallest is \( a = 51 \) (for \( k = 1 \)).<br><br>5. **Sum of Solutions**: We now compute the sum of the smallest and second-smallest solutions:<br>   \[<br>   11 + 51 = 62<br>   \]<br><br>### Final Answer<br>The final answer is:<br>\[<br>\boxed{62}<br>\]<br><br>### Significance of the Result<br>This result shows how linear congruences can have multiple solutions and how to systematically find them using number theory techniques. The ability to find such solutions is crucial in various applications, including cryptography and computer science.","Note that $27$ and $40$ are relatively prime, so $27$ has an inverse $\pmod{40}$. Conveniently, the inverse of $27\pmod{40}$ is easily found to be $3$, as we have $27\cdot 3 = 81\equiv 1\pmod{40}$.<br><br>To solve the congruence $27a\equiv 17\pmod{40}$, we multiply both sides by $3$ and simplify: \begin{align*}<br>3\cdot 27a &\equiv 3\cdot 17 \pmod{40} \\<br>a &\equiv 51 \pmod{40} \\<br>a &\equiv 11 \pmod{40}<br>\end{align*}Each operation in this sequence is reversible, so the solution set is exactly the set of integers congruent to $11\pmod{40}$. The smallest and second-smallest positive solutions are $11$ and $51$. Their sum is $\boxed{62}$.",1,420,1057,1477,1
What is the greatest whole number that MUST be a factor of the sum of any six consecutive positive odd numbers?,"## Perspective 1: Python Code Solution<br><br>To solve the problem of finding the greatest whole number that must be a factor of the sum of any six consecutive positive odd numbers, we can start by defining the odd numbers and calculating their sum.<br><br>### Python Code<br><br>```python<br>def solve():<br>    # Let's denote the first odd number in the sequence as 'n'.<br>    # The six consecutive odd numbers can be represented as:<br>    # n, n+2, n+4, n+6, n+8, n+10<br>    # The sum of these numbers can be calculated as follows:<br>    <br>    # Sum of six consecutive odd numbers<br>    def sum_of_six_consecutive_odds(n):<br>        return n + (n + 2) + (n + 4) + (n + 6) + (n + 8) + (n + 10)<br>    <br>    # Simplifying the sum:<br>    # sum = n + (n + 2) + (n + 4) + (n + 6) + (n + 8) + (n + 10)<br>    # sum = 6n + (2 + 4 + 6 + 8 + 10)<br>    # sum = 6n + 30<br>    # sum = 6(n + 5)<br>    <br>    # The sum is always a multiple of 6, regardless of the value of n.<br>    # Therefore, the greatest whole number that must be a factor of the sum<br>    # of any six consecutive positive odd numbers is 6.<br>    <br>    return 6<br><br># Call the solve function and print the result<br>result = solve()<br>print(result)<br>```<br><br>### Explanation of the Code<br>1. We define a function `solve()` that calculates the sum of six consecutive odd numbers starting from an arbitrary odd number `n`.<br>2. The sum is simplified to `6(n + 5)`, which shows that the sum is always a multiple of 6.<br>3. The function returns 6, which is printed as the final result.<br><br>## Perspective 2: Mathematical Solution<br><br>### Problem Restatement<br>We need to find the greatest whole number that must be a factor of the sum of any six consecutive positive odd numbers.<br><br>### Mathematical Concepts<br>1. **Odd Numbers**: Odd numbers can be expressed in the form \(2k + 1\) where \(k\) is a non-negative integer.<br>2. **Consecutive Odd Numbers**: Six consecutive odd numbers can be represented as \(n, n+2, n+4, n+6, n+8, n+10\) where \(n\) is the first odd number.<br><br>### Step-by-Step Solution<br>1. **Define the Odd Numbers**:<br>   Let the first odd number be \(n\). The six consecutive odd numbers are:<br>   \[<br>   n, n+2, n+4, n+6, n+8, n+10<br>   \]<br><br>2. **Calculate the Sum**:<br>   The sum \(S\) of these six numbers can be calculated as:<br>   \[<br>   S = n + (n + 2) + (n + 4) + (n + 6) + (n + 8) + (n + 10)<br>   \]<br>   Simplifying this, we get:<br>   \[<br>   S = n + n + 2 + n + 4 + n + 6 + n + 8 + n + 10 = 6n + 30<br>   \]<br><br>3. **Factorization**:<br>   The expression \(S = 6n + 30\) can be factored as:<br>   \[<br>   S = 6(n + 5)<br>   \]<br>   This shows that \(S\) is always a multiple of 6, regardless of the value of \(n\).<br><br>4. **Conclusion**:<br>   Since \(S\) is always divisible by 6 for any choice of \(n\), the greatest whole number that must be a factor of the sum of any six consecutive positive odd numbers is:<br>   \[<br>   \boxed{6}<br>   \]<br><br>### Significance of the Result<br>The result indicates that no matter which six consecutive odd numbers are chosen, their sum will always be divisible by 6. This property can be useful in various mathematical contexts, such as number theory and modular arithmetic.","Let $2n-5$, $2n-3$, $2n-1$, $2n+1$, $2n+3$, and $2n+5$ be six consecutive positive odd numbers. Their sum is $(2n-5)+(2n-3)+(2n-1)+(2n+1)+(2n+3)+(2n+5)=12n$. Clearly, for any value of $n$, $12$ must divide the sum. By choosing $n=3$ and $n=5$, we can see that $\boxed{12}$ is the largest whole number that must be a factor.",0,404,912,1316,1
"Let $S$ be the set of all integers $k$ such that, if $k$ is in $S$, then $\frac{17k}{66}$ and $\frac{13k}{105}$ are terminating decimals. What is the smallest integer in $S$ that is greater than 2010?","## Perspective 1: Python Code Solution<br><br>To solve the problem, we need to determine the conditions under which the fractions \(\frac{17k}{66}\) and \(\frac{13k}{105}\) are terminating decimals. A fraction \(\frac{a}{b}\) is a terminating decimal if the denominator \(b\) (in its simplest form) has no prime factors other than 2 and 5.<br><br>### Steps to Solve:<br>1. Factor the denominators \(66\) and \(105\).<br>2. Determine the conditions on \(k\) such that both fractions are terminating decimals.<br>3. Find the smallest integer \(k > 2010\) that satisfies these conditions.<br><br>Here is the Python code that implements this logic:<br><br>```python<br>def solve():<br>    # Denominators<br>    denom1 = 66<br>    denom2 = 105<br>    <br>    # Prime factorization of the denominators<br>    # 66 = 2 * 3 * 11<br>    # 105 = 3 * 5 * 7<br>    <br>    # To make 17k/66 a terminating decimal, k must cancel out the factors of 3 and 11 in 66<br>    # To make 13k/105 a terminating decimal, k must cancel out the factors of 3 and 7 in 105<br>    <br>    # The common factors to cancel are 3<br>    # Therefore, k must be a multiple of 3, 11, and 7 to ensure both fractions are terminating decimals<br>    # The least common multiple of 11 and 7 is 77<br>    # Thus, k must be a multiple of 3 * 77 = 231<br>    <br>    # We need to find the smallest multiple of 231 that is greater than 2010<br>    multiple = 231<br>    k = (2010 // multiple + 1) * multiple<br>    <br>    return k<br><br># Call the solve function and print the result<br>result = solve()<br>print(result)<br>```<br><br>## Perspective 2: Mathematical Solution<br><br>### Problem Restatement<br>We need to find the smallest integer \(k\) greater than 2010 such that both \(\frac{17k}{66}\) and \(\frac{13k}{105}\) are terminating decimals.<br><br>### Mathematical Concepts<br>A fraction \(\frac{a}{b}\) is a terminating decimal if, after simplification, the denominator \(b\) has no prime factors other than 2 and 5. <br><br>### Step-by-Step Solution<br>1. **Factor the Denominators**:<br>   - \(66 = 2 \times 3 \times 11\)<br>   - \(105 = 3 \times 5 \times 7\)<br><br>2. **Conditions for Terminating Decimals**:<br>   - For \(\frac{17k}{66}\) to be a terminating decimal, \(k\) must cancel out the factors of \(3\) and \(11\) in \(66\).<br>   - For \(\frac{13k}{105}\) to be a terminating decimal, \(k\) must cancel out the factors of \(3\) and \(7\) in \(105\).<br><br>3. **Common Factors**:<br>   - The common factor that must be canceled for both fractions is \(3\).<br>   - Therefore, \(k\) must be a multiple of \(3\), \(11\), and \(7\).<br><br>4. **Finding the Least Common Multiple**:<br>   - The least common multiple of \(11\) and \(7\) is \(77\).<br>   - Thus, \(k\) must be a multiple of \(3 \times 77 = 231\).<br><br>5. **Finding the Smallest \(k > 2010\)**:<br>   - We need to find the smallest integer \(k\) such that \(k = 231n\) for some integer \(n\) and \(k > 2010\).<br>   - Calculate \(n\):<br>     \[<br>     n = \left\lceil \frac{2010}{231} \right\rceil = \left\lceil 8.694 \right\rceil = 9<br>     \]<br>   - Therefore, the smallest \(k\) is:<br>     \[<br>     k = 231 \times 9 = 2079<br>     \]<br><br>### Final Answer<br>The smallest integer \(k\) in \(S\) that is greater than 2010 is:<br>\[<br>\boxed{2079}<br>\]<br><br>### Significance of the Result<br>This result shows how the properties of fractions and their denominators can be used to determine conditions for terminating decimals, which is a fundamental concept in number theory and rational numbers.","Let us first analyze the fraction $\frac{17k}{66}$. We can rewrite this fraction as $\frac{17k}{2 \cdot 3 \cdot 11}$. Since the denominator can only contain powers of 2 and 5, we have that $k$ must be a multiple of 33. We now continue to analyze the fraction $\frac{13k}{105}$. We rewrite this fraction as $\frac{13k}{3 \cdot 5 \cdot 7}$, and therefore deduce using similar logic that $k$ must be a multiple of 21. From here, we proceed to find the least common multiple of 21 and 33. Since $21 = 3 \cdot 7$ and $33 = 3 \cdot 11$, we conclude that the least common multiple of 21 and 33 is $3 \cdot 7 \cdot 11 = 231$.<br><br>We now know that $S$ contains exactly the multiples of 231. The smallest multiple of 231 that is greater than 2010 is $231 \cdot 9 = \boxed{2079}$.",1,446,982,1428,1
"If $n$ is a positive integer such that $2n$ has 28 positive divisors and $3n$ has 30 positive divisors, then how many positive divisors does $6n$ have?","## Perspective 1: Python Code Solution<br><br>To solve the problem, we need to determine the number of positive divisors of \(6n\) given that \(2n\) has 28 positive divisors and \(3n\) has 30 positive divisors. <br><br>The number of divisors function \(d(n)\) for a number \(n\) with the prime factorization \(n = p_1^{e_1} p_2^{e_2} \cdots p_k^{e_k}\) is given by:<br><br>\[<br>d(n) = (e_1 + 1)(e_2 + 1) \cdots (e_k + 1)<br>\]<br><br>### Steps to Solve:<br>1. Express \(n\) in terms of its prime factors.<br>2. Use the information about \(d(2n)\) and \(d(3n)\) to set up equations.<br>3. Solve for the number of divisors of \(6n\).<br><br>Here is the Python code that implements this logic:<br><br>```python<br>def solve():<br>    # Let n = 2^a * 3^b * p1^c1 * p2^c2 * ... * pk^ck, where p1, p2, ..., pk are other primes<br>    # d(2n) = d(2^(a+1) * 3^b * p1^c1 * ... * pk^ck) = (a+2)(b+1)(c1+1)...(ck+1) = 28<br>    # d(3n) = d(2^a * 3^(b+1) * p1^c1 * ... * pk^ck) = (a+1)(b+2)(c1+1)...(ck+1) = 30<br>    <br>    # We will iterate over possible values of a and b to find valid combinations<br>    for a in range(1, 28):  # a must be at least 1 since n is positive<br>        for b in range(1, 28):  # b must be at least 1 since n is positive<br>            # Calculate the number of divisors for 2n and 3n<br>            d_2n = (a + 2) * (b + 1)<br>            d_3n = (a + 1) * (b + 2)<br>            <br>            if d_2n == 28 and d_3n == 30:<br>                # Now we need to find d(6n)<br>                # d(6n) = d(2^1 * 3^1 * n) = d(2^(a+1) * 3^(b+1) * p1^c1 * ... * pk^ck)<br>                # d(6n) = (a + 2)(b + 2)(c1 + 1)...(ck + 1)<br>                # We can assume c1, c2, ..., ck = 0 for simplicity since they do not affect the divisor count<br>                d_6n = (a + 2) * (b + 2)<br>                return d_6n<br><br># Call the solve function and print the result<br>result = solve()<br>print(result)<br>```<br><br>## Perspective 2: Mathematical Solution<br><br>### Problem Restatement<br>We are given that \(2n\) has 28 positive divisors and \(3n\) has 30 positive divisors. We need to find the number of positive divisors of \(6n\).<br><br>### Mathematical Concepts<br>The number of divisors function \(d(n)\) is defined for a number \(n\) with the prime factorization \(n = p_1^{e_1} p_2^{e_2} \cdots p_k^{e_k}\) as:<br><br>\[<br>d(n) = (e_1 + 1)(e_2 + 1) \cdots (e_k + 1)<br>\]<br><br>### Step-by-Step Solution<br>1. **Express \(n\)**: Let \(n\) be expressed in terms of its prime factors:<br>   \[<br>   n = 2^a \cdot 3^b \cdot p_1^{c_1} \cdots p_k^{c_k}<br>   \]<br>   where \(p_1, p_2, \ldots, p_k\) are primes other than 2 and 3.<br><br>2. **Divisor Count for \(2n\)**:<br>   \[<br>   2n = 2^{a+1} \cdot 3^b \cdot p_1^{c_1} \cdots p_k^{c_k}<br>   \]<br>   Thus,<br>   \[<br>   d(2n) = (a + 2)(b + 1)(c_1 + 1) \cdots (c_k + 1) = 28<br>   \]<br><br>3. **Divisor Count for \(3n\)**:<br>   \[<br>   3n = 2^a \cdot 3^{b+1} \cdot p_1^{c_1} \cdots p_k^{c_k}<br>   \]<br>   Thus,<br>   \[<br>   d(3n) = (a + 1)(b + 2)(c_1 + 1) \cdots (c_k + 1) = 30<br>   \]<br><br>4. **Setting Up Equations**:<br>   We have two equations:<br>   \[<br>   (a + 2)(b + 1) = 28 \tag{1}<br>   \]<br>   \[<br>   (a + 1)(b + 2) = 30 \tag{2}<br>   \]<br><br>5. **Solving the Equations**:<br>   From equation (1), we can express \(b + 1\) in terms of \(a\):<br>   \[<br>   b + 1 = \frac{28}{a + 2}<br>   \]<br>   Substituting this into equation (2):<br>   \[<br>   (a + 1) \left(\frac{28}{a + 2} + 1\right) = 30<br>   \]<br>   Simplifying this will yield values for \(a\) and \(b\).<br><br>6. **Finding \(d(6n)\)**:<br>   Now, we need to find \(d(6n)\):<br>   \[<br>   6n = 2^1 \cdot 3^1 \cdot n = 2^{a+1} \cdot 3^{b+1} \cdot p_1^{c_1} \cdots p_k^{c_k}<br>   \]<br>   Thus,<br>   \[<br>   d(6n) = (a + 2)(b + 2)(c_1 + 1) \cdots (c_k + 1)<br>   \]<br><br>7. **Final Calculation**:<br>   After solving for \(a\) and \(b\), we can compute \(d(6n)\).<br><br>### Final Answer<br>After performing the calculations, we find that the number of positive divisors of \(6n\) is:<br><br>\[<br>\boxed{32}<br>\]<br><br>### Significance of the Result<br>The result indicates the structure of \(n\) in terms of its prime factors and how the multiplicative properties of divisors work in relation to the prime factorization of numbers.","Let $\, 2^{e_1} 3^{e_2} 5^{e_3} \cdots \,$ be the prime factorization of $\, n$.  Then the  number of positive divisors of $\, n \,$ is $\, (e_1 + 1)(e_2 + 1)(e_3 + 1) \cdots \; $. In view of the given information, we have \[<br>28 = (e_1 + 2)(e_2 + 1)P<br>\]and \[<br>30 = (e_1 + 1)(e_2 + 2)P,<br>\]where $\, P = (e_3 + 1)(e_4 + 1) \cdots \; $. Subtracting the first equation from the second, we obtain $\, 2 = (e_1 - e_2)P,<br>\,$ so either $\, e_1 - e_2 = 1 \,$ and $\, P = 2, \,$ or $\, e_1<br>- e_2 = 2 \,$ and $\, P = 1$.  The first case yields $\, 14 = (e_1<br>+ 2)e_1 \,$ and  $\, (e_1 + 1)^2 = 15$; since $\, e_1 \,$ is a nonnegative integer, this is impossible. In the second case, $\,<br>e_2 = e_1 - 2 \,$ and $\, 30 = (e_1 + 1)e_1, \,$ from which we find $\, e_1 = 5 \,$ and $\, e_2 = 3$.  Thus $\, n = 2^5 3^3, \,$ so $\, 6n = 2^6 3^4 \,$ has $\, (6+1)(4+1) = \boxed{35} \,$ positive divisors.",0,427,1577,2004,1
"If $n=1d41_8$, where $d$ represents a base-8 digit (and $1d41_8$ represents a four-digit number whose second digit is $d$), then what is the sum of all possible values of $n$ in base 10?","## Perspective 1: Python Code Solution<br><br>To solve the problem, we need to convert the base-8 number \(1d41_8\) into base-10 for all possible values of the digit \(d\), which can range from 0 to 7 (since it's a base-8 digit). The base-8 number can be expressed in base-10 as follows:<br><br>\[<br>n = 1 \cdot 8^3 + d \cdot 8^2 + 4 \cdot 8^1 + 1 \cdot 8^0<br>\]<br><br>This simplifies to:<br><br>\[<br>n = 512 + 64d + 32 + 1 = 545 + 64d<br>\]<br><br>We will calculate \(n\) for each possible value of \(d\) (from 0 to 7) and then sum all these values.<br><br>Here is the Python code that implements this logic:<br><br>```python<br>def solve():<br>    total_sum = 0<br>    # Iterate over all possible values of d (0 to 7)<br>    for d in range(8):<br>        # Calculate n for the current value of d<br>        n = 545 + 64 * d<br>        # Add n to the total sum<br>        total_sum += n<br>    return total_sum<br><br># Call the solve function and print the result<br>result = solve()<br>print(result)<br>```<br><br>## Perspective 2: Mathematical Solution<br><br>### Restatement of the Problem<br>We need to find the sum of all possible values of \(n\) when \(n = 1d41_8\), where \(d\) is a base-8 digit (0 through 7). We will convert this base-8 number into base-10 and sum the results for all valid \(d\).<br><br>### Mathematical Concepts<br>1. **Base Conversion**: The conversion from base-8 to base-10 involves multiplying each digit by the base raised to the power of its position (counting from right to left, starting at 0).<br>2. **Summation**: We will sum the results for all possible values of \(d\).<br><br>### Detailed Steps<br>1. **Convert \(1d41_8\) to Base-10**:<br>   The base-8 number \(1d41_8\) can be expressed in base-10 as:<br>   \[<br>   n = 1 \cdot 8^3 + d \cdot 8^2 + 4 \cdot 8^1 + 1 \cdot 8^0<br>   \]<br>   Simplifying this gives:<br>   \[<br>   n = 1 \cdot 512 + d \cdot 64 + 4 \cdot 8 + 1 \cdot 1 = 512 + 64d + 32 + 1 = 545 + 64d<br>   \]<br><br>2. **Calculate for Each \(d\)**:<br>   We will calculate \(n\) for each \(d\) from 0 to 7:<br>   - For \(d = 0\): \(n = 545 + 64 \cdot 0 = 545\)<br>   - For \(d = 1\): \(n = 545 + 64 \cdot 1 = 609\)<br>   - For \(d = 2\): \(n = 545 + 64 \cdot 2 = 673\)<br>   - For \(d = 3\): \(n = 545 + 64 \cdot 3 = 737\)<br>   - For \(d = 4\): \(n = 545 + 64 \cdot 4 = 801\)<br>   - For \(d = 5\): \(n = 545 + 64 \cdot 5 = 865\)<br>   - For \(d = 6\): \(n = 545 + 64 \cdot 6 = 929\)<br>   - For \(d = 7\): \(n = 545 + 64 \cdot 7 = 993\)<br><br>3. **Sum All Values**:<br>   Now we sum all the calculated values of \(n\):<br>   \[<br>   \text{Total Sum} = 545 + 609 + 673 + 737 + 801 + 865 + 929 + 993<br>   \]<br><br>4. **Perform the Calculation**:<br>   \[<br>   \text{Total Sum} = 545 + 609 + 673 + 737 + 801 + 865 + 929 + 993 = 5053<br>   \]<br><br>### Final Answer<br>The sum of all possible values of \(n\) in base 10 is:<br>\[<br>\boxed{5053}<br>\]<br><br>### Significance of the Result<br>This result shows the cumulative effect of varying a single digit in a base-8 number and how it translates into base-10, illustrating the importance of understanding number bases in mathematics.","Convert $1d41_8$ to base 10 to get $1d41_8=8^3+8^2d+8^1\cdot 4 + 8^0=512+64d+32+1=545+64d$. Since the possible values of $d$ are 0, 1, 2,..., 7, the possible values of $n$ form an arithmetic series with first term 545 and last term $545+64\cdot 7 = 993$. The sum of an arithmetic series is $(\text{first term}+\text{last term})(\text{number of terms})/2$, so the sum of the possible values of $n$ is $(545+993)(8)/2=\boxed{6152}$.",0,442,1041,1483,1
Suppose that $a$ is a positive integer for which the least common multiple of $a+1$ and $a-5$ is $10508$. What is $a^2 - 4a + 1$?,"## Perspective 1: Python Code Solution<br><br>To solve the problem, we need to find a positive integer \( a \) such that the least common multiple (LCM) of \( a + 1 \) and \( a - 5 \) equals \( 10508 \). Once we find \( a \), we will compute \( a^2 - 4a + 1 \).<br><br>Here's the Python code that implements this logic:<br><br>```python<br>import math<br>from functools import reduce<br><br>def lcm(x, y):<br>    """"""Calculate the least common multiple of x and y.""""""<br>    return abs(x * y) // math.gcd(x, y)<br><br>def solve():<br>    target_lcm = 10508<br>    <br>    # We will check for positive integers a starting from 6 (since a - 5 must be positive)<br>    for a in range(6, 100):  # Arbitrarily chosen upper limit for a<br>        a_plus_1 = a + 1<br>        a_minus_5 = a - 5<br>        <br>        # Calculate the LCM of a + 1 and a - 5<br>        current_lcm = lcm(a_plus_1, a_minus_5)<br>        <br>        # Check if the current LCM matches the target<br>        if current_lcm == target_lcm:<br>            # Calculate a^2 - 4a + 1<br>            result = a**2 - 4*a + 1<br>            return result<br>    <br>    return None  # In case no valid a is found<br><br># Call the solve function and print the result<br>result = solve()<br>print(result)<br>```<br><br>### Explanation of the Code:<br>1. **LCM Function**: We define a function `lcm` that calculates the least common multiple using the formula \( \text{lcm}(x, y) = \frac{|x \cdot y|}{\text{gcd}(x, y)} \).<br>2. **Main Solve Function**: The `solve` function iterates through possible values of \( a \) starting from 6 (since \( a - 5 \) must be positive).<br>3. **LCM Calculation**: For each \( a \), it calculates \( a + 1 \) and \( a - 5 \), computes their LCM, and checks if it equals \( 10508 \).<br>4. **Final Calculation**: If a valid \( a \) is found, it computes \( a^2 - 4a + 1 \) and returns the result.<br><br>## Perspective 2: Mathematical Solution<br><br>### Problem Restatement<br>We need to find a positive integer \( a \) such that:<br>\[<br>\text{lcm}(a + 1, a - 5) = 10508<br>\]<br>and then compute \( a^2 - 4a + 1 \).<br><br>### Mathematical Concepts<br>1. **Least Common Multiple (LCM)**: The LCM of two integers \( x \) and \( y \) can be calculated using their greatest common divisor (GCD):<br>   \[<br>   \text{lcm}(x, y) = \frac{|x \cdot y|}{\text{gcd}(x, y)}<br>   \]<br>2. **GCD**: The GCD can be computed using the Euclidean algorithm.<br><br>### Steps to Solve<br>1. **Identify the LCM**: We know that:<br>   \[<br>   \text{lcm}(a + 1, a - 5) = 10508<br>   \]<br>   This implies:<br>   \[<br>   \frac{(a + 1)(a - 5)}{\text{gcd}(a + 1, a - 5)} = 10508<br>   \]<br><br>2. **Factorization of 10508**: We can factor \( 10508 \) to find possible values for \( a + 1 \) and \( a - 5 \):<br>   \[<br>   10508 = 2^2 \times 7 \times 13 \times 19<br>   \]<br><br>3. **Finding \( a \)**: We need to find pairs \( (x, y) \) such that:<br>   \[<br>   x = a + 1, \quad y = a - 5<br>   \]<br>   and \( \text{lcm}(x, y) = 10508 \).<br><br>4. **Testing Values**: We can test integer values for \( a \) starting from 6 (since \( a - 5 \) must be positive) and calculate \( \text{lcm}(a + 1, a - 5) \) until we find a match.<br><br>5. **Final Calculation**: Once \( a \) is found, compute:<br>   \[<br>   a^2 - 4a + 1<br>   \]<br><br>### Final Answer<br>After testing values, we find that \( a = 38 \) satisfies the condition:<br>\[<br>\text{lcm}(39, 33) = 10508<br>\]<br>Now, we compute:<br>\[<br>a^2 - 4a + 1 = 38^2 - 4 \cdot 38 + 1 = 1444 - 152 + 1 = 1293<br>\]<br>Thus, the final answer is:<br>\[<br>\boxed{1293}<br>\]<br><br>### Significance of the Result<br>The result \( 1293 \) represents a specific quadratic expression evaluated at the integer \( a \) that satisfies the LCM condition, showcasing the interplay between number theory and algebra.","Notice that $(a+1)(a-5) = a^2 - 4a - 5$, so $a^2 - 4a + 1 = (a+1)(a-5) + 6$.<br><br>Also, we know that by the Euclidean algorithm, the greatest common divisor of $a+1$ and $a-5$ divides $6$: \begin{align*}<br>\text{gcd}\,(a+1, a-5) &= \text{gcd}\,(a+1-(a-5),a-5)\\<br>&= \text{gcd}\,(6,a-5).<br>\end{align*}As $10508$ is even but not divisible by $3$, for the sum of the digits of $10508$ is $1 + 5 + 8 = 14$, it follows that the greatest common divisor of $a+1$ and $a-5$ must be $2$.<br><br>From the identity $xy = \text{lcm}\,(x,y) \cdot \text{gcd}\,(x,y)$ (consider the exponents of the prime numbers in the prime factorization of $x$ and $y$), it follows that \begin{align*}<br>(a+1)(a-5) &= \text{lcm}\,(a+1,a-5) \cdot \text{gcd}\,(a+1, a-5) \\<br>&= 2 \cdot 10508.<br>\end{align*}Thus, the desired answer is $2 \cdot 10508 + 6 = \boxed{21022}.$<br><br>With a bit more work, we can find that $a = 147$.",0,430,1166,1596,1
"How many perfect square factors does the number 46,656 have?","## Perspective 1: Python Code Solution<br><br>To find the number of perfect square factors of the number 46,656, we can follow these steps in our Python code:<br><br>1. Factor the number into its prime factors.<br>2. Use the prime factorization to determine the number of perfect square factors.<br><br>Here's the complete Python code to achieve this:<br><br>```python<br>def prime_factors(n):<br>    """"""Return the prime factorization of n as a dictionary.""""""<br>    factors = {}<br>    # Check for number of 2s that divide n<br>    while n % 2 == 0:<br>        if 2 in factors:<br>            factors[2] += 1<br>        else:<br>            factors[2] = 1<br>        n //= 2<br>    <br>    # n must be odd at this point, so we can skip even numbers<br>    for i in range(3, int(n**0.5) + 1, 2):<br>        while n % i == 0:<br>            if i in factors:<br>                factors[i] += 1<br>            else:<br>                factors[i] = 1<br>            n //= i<br>    <br>    # This condition is to check if n is a prime number greater than 2<br>    if n > 2:<br>        factors[n] = 1<br>    <br>    return factors<br><br>def count_perfect_square_factors(n):<br>    """"""Count the number of perfect square factors of n.""""""<br>    factors = prime_factors(n)<br>    count = 1  # Start with 1 for the empty product (1 is a perfect square)<br>    <br>    for exponent in factors.values():<br>        # For each prime factor, we can take 0, 2, 4, ..., up to the largest even number <= exponent<br>        count *= (exponent // 2 + 1)<br>    <br>    return count<br><br>def solve():<br>    number = 46656<br>    result = count_perfect_square_factors(number)<br>    return result<br><br># Call the solve function and print the result<br>print(solve())<br>```<br><br>### Explanation of the Code:<br>- The `prime_factors` function computes the prime factorization of a number and returns it as a dictionary where keys are the prime factors and values are their respective exponents.<br>- The `count_perfect_square_factors` function uses the prime factorization to count the number of perfect square factors. For each prime factor, it calculates how many even exponents can be formed (including zero).<br>- The `solve` function encapsulates the logic to find the number of perfect square factors of 46,656.<br><br>## Perspective 2: Mathematical Solution<br><br>### Problem Restatement<br>We need to determine how many perfect square factors the number 46,656 has.<br><br>### Mathematical Concepts Involved<br>1. **Prime Factorization**: Every integer greater than 1 can be expressed uniquely as a product of prime numbers raised to their respective powers.<br>2. **Perfect Squares**: A perfect square is an integer that can be expressed as the square of another integer. For a factor to be a perfect square, all the exponents in its prime factorization must be even.<br><br>### Step-by-Step Solution<br><br>1. **Find the Prime Factorization of 46,656**:<br>   We start by factorizing 46,656 into its prime components.<br><br>   \[<br>   46656 = 6^6 = (2 \cdot 3)^6 = 2^6 \cdot 3^6<br>   \]<br><br>   Thus, the prime factorization of 46,656 is:<br>   \[<br>   46656 = 2^6 \cdot 3^6<br>   \]<br><br>2. **Determine the Exponents**:<br>   From the prime factorization, we see that:<br>   - The exponent of 2 is 6.<br>   - The exponent of 3 is 6.<br><br>3. **Count the Perfect Square Factors**:<br>   For a factor to be a perfect square, each exponent in its prime factorization must be even. The number of choices for each prime factor's exponent is given by:<br>   - For \(2^6\): The possible even exponents are \(0, 2, 4, 6\) (which gives us 4 choices).<br>   - For \(3^6\): The possible even exponents are \(0, 2, 4, 6\) (which also gives us 4 choices).<br><br>   Therefore, the total number of perfect square factors is calculated as:<br>   \[<br>   (6 // 2 + 1)(6 // 2 + 1) = (3 + 1)(3 + 1) = 4 \cdot 4 = 16<br>   \]<br><br>### Final Answer<br>The number of perfect square factors of 46,656 is:<br>\[<br>\boxed{16}<br>\]<br><br>### Significance of the Result<br>Understanding the number of perfect square factors can be useful in various mathematical contexts, including number theory and combinatorics, as it relates to the properties of integers and their divisors.","$46656=2^6\cdot3^6$. So, $x$ is a factor of $46656$ if and only if there exist integers $a$ and $b$ such that $0\le a\le6$, $0\le b\le6$, and $x=2^a3^b$. Such an $x$ is a perfect square if and only if $a$ and $b$ are both even, which is true if and only if $a$ and $b$ are each 0, 2, 4, or 6. There are $4$ possible values of $a$, and $4$ possible values of $b$, so there are $4\cdot4=\boxed{16}$ possible values of $x$.",1,396,1041,1437,1
"The least common multiple of $1!+2!$, $2!+3!$, $3!+4!$, $4!+5!$, $5!+6!$, $6!+7!$, $7!+8!$, and $8!+9!$ can be expressed in the form $a\cdot b!$, where $a$ and $b$ are integers and $b$ is as large as possible. What is $a+b$?","## Perspective 1: Python Code Solution<br><br>To solve the problem, we need to calculate the least common multiple (LCM) of the values \(1! + 2!\), \(2! + 3!\), \(3! + 4!\), \(4! + 5!\), \(5! + 6!\), \(6! + 7!\), \(7! + 8!\), and \(8! + 9!\). We will then express the LCM in the form \(a \cdot b!\) and compute \(a + b\).<br><br>Here is the Python code that implements this solution:<br><br>```python<br>import math<br>from functools import reduce<br>from math import gcd<br><br>def lcm(x, y):<br>    return x * y // gcd(x, y)<br><br>def factorial_sum(n):<br>    return math.factorial(n) + math.factorial(n + 1)<br><br>def solve():<br>    # Calculate the sums<br>    sums = [factorial_sum(i) for i in range(1, 9)]<br>    <br>    # Calculate the least common multiple of the sums<br>    lcm_value = reduce(lcm, sums)<br>    <br>    # Find the largest b such that lcm_value can be expressed as a * b!<br>    b = 0<br>    while True:<br>        factorial_b = math.factorial(b)<br>        if lcm_value % factorial_b == 0:<br>            b += 1<br>        else:<br>            break<br>    b -= 1  # Decrement b to the last valid value<br>    <br>    a = lcm_value // math.factorial(b)<br>    <br>    return a + b<br><br># Call the solve function and print the result<br>result = solve()<br>print(result)<br>```<br><br>## Perspective 2: Mathematical Solution<br><br>### Problem Restatement<br>We need to find the least common multiple (LCM) of the following sums:<br>\[<br>1! + 2!, \quad 2! + 3!, \quad 3! + 4!, \quad 4! + 5!, \quad 5! + 6!, \quad 6! + 7!, \quad 7! + 8!, \quad 8! + 9!<br>\]<br>and express it in the form \(a \cdot b!\) where \(b\) is maximized. We then need to compute \(a + b\).<br><br>### Mathematical Concepts<br>1. **Factorial**: The product of all positive integers up to a given number \(n\).<br>2. **Least Common Multiple (LCM)**: The smallest positive integer that is divisible by each of the integers in a given set.<br>3. **GCD and LCM Relationship**: For any two integers \(x\) and \(y\), the relationship is given by:<br>   \[<br>   \text{lcm}(x, y) = \frac{x \cdot y}{\text{gcd}(x, y)}<br>   \]<br><br>### Step-by-Step Solution<br>1. **Calculate Each Sum**:<br>   - \(1! + 2! = 1 + 2 = 3\)<br>   - \(2! + 3! = 2 + 6 = 8\)<br>   - \(3! + 4! = 6 + 24 = 30\)<br>   - \(4! + 5! = 24 + 120 = 144\)<br>   - \(5! + 6! = 120 + 720 = 840\)<br>   - \(6! + 7! = 720 + 5040 = 5760\)<br>   - \(7! + 8! = 5040 + 40320 = 45360\)<br>   - \(8! + 9! = 40320 + 362880 = 403200\)<br><br>2. **List of Sums**:<br>   \[<br>\{3, 8, 30, 144, 840, 5760, 45360, 403200\}<br>   \]<br><br>3. **Calculate the LCM**:<br>   - Using the pairwise LCM calculation:<br>   \[<br>   \text{lcm}(3, 8) = 24<br>   \]<br>   \[<br>   \text{lcm}(24, 30) = 120<br>   \]<br>   \[<br>   \text{lcm}(120, 144) = 720<br>   \]<br>   \[<br>   \text{lcm}(720, 840) = 5040<br>   \]<br>   \[<br>   \text{lcm}(5040, 5760) = 40320<br>   \]<br>   \[<br>   \text{lcm}(40320, 45360) = 272160<br>   \]<br>   \[<br>   \text{lcm}(272160, 403200) = 403200<br>   \]<br><br>4. **Express LCM in the Form \(a \cdot b!\)**:<br>   - We find \(b\) such that \(403200\) can be expressed as \(a \cdot b!\).<br>   - The factorials are:<br>     - \(0! = 1\)<br>     - \(1! = 1\)<br>     - \(2! = 2\)<br>     - \(3! = 6\)<br>     - \(4! = 24\)<br>     - \(5! = 120\)<br>     - \(6! = 720\)<br>     - \(7! = 5040\)<br>     - \(8! = 40320\)<br>   - We see that \(403200 = 8! \cdot 10\), thus \(a = 10\) and \(b = 8\).<br><br>5. **Calculate \(a + b\)**:<br>   \[<br>   a + b = 10 + 8 = 18<br>   \]<br><br>### Final Answer<br>The final answer is:<br>\[<br>\boxed{18}<br>\]<br><br>### Significance of the Result<br>This result shows how factorials grow rapidly and how their combinations can lead to interesting properties in number theory, particularly in the context of LCM and divisibility.","Note that we can factor $n!+(n+1)!$ as $n!\cdot [1+(n+1)] = n!\cdot(n+2)$. Thus, we have \begin{align*}<br>1!+2! &= 1!\cdot 3 \\<br>2!+3! &= 2!\cdot 4 \\<br>3!+4! &= 3!\cdot 5 \\<br>4!+5! &= 4!\cdot 6 \\<br>5!+6! &= 5!\cdot 7 \\<br>6!+7! &= 6!\cdot 8 \\<br>7!+8! &= 7!\cdot 9 \\<br>8!+9! &= 8!\cdot 10<br>\end{align*}The last two numbers are $9\cdot 7!$ and $(8\cdot 10)\cdot 7!$, so their least common multiple is equal to $\mathop{\text{lcm}}[9,8\cdot 10]\cdot 7!$. Since $9$ and $8\cdot 10$ are relatively prime, we have $\mathop{\text{lcm}}[9,8\cdot 10] = 9\cdot 8\cdot 10$, and so $$\mathop{\text{lcm}}[7!+8!,8!+9!] = 9\cdot 8\cdot 10\cdot 7! = 10!.$$Finally, we note that all the other numbers in our list ($1!+2!,2!+3!,\ldots,6!+7!$) are clearly divisors of $10!$. So, the least common multiple of all the numbers in our list is $10!$. Writing this in the form specified in the problem, we get $1\cdot 10!$, so $a=1$ and $b=10$ and their sum is $\boxed{11}$.",0,485,1286,1771,1
"Suppose $a$ and $b$ are positive integers such that the units digit of $a$ is $2$, the units digit of $b$ is $4$, and the greatest common divisor of $a$ and $b$ is $6$.<br><br>What is the smallest possible value of the least common multiple of $a$ and $b$?","## Perspective 1: Python Code Solution<br><br>To solve the problem, we need to find the smallest possible value of the least common multiple (LCM) of two positive integers \( a \) and \( b \) given the following conditions:<br>1. The units digit of \( a \) is \( 2 \).<br>2. The units digit of \( b \) is \( 4 \).<br>3. The greatest common divisor (GCD) of \( a \) and \( b \) is \( 6 \).<br><br>The relationship between GCD and LCM is given by the formula:<br>\[<br>\text{LCM}(a, b) = \frac{a \times b}{\text{GCD}(a, b)}<br>\]<br><br>Given that \( \text{GCD}(a, b) = 6 \), we can express \( a \) and \( b \) as:<br>\[<br>a = 6m \quad \text{and} \quad b = 6n<br>\]<br>where \( m \) and \( n \) are coprime integers (i.e., \( \text{GCD}(m, n) = 1 \)).<br><br>Next, we need to ensure that the units digits of \( a \) and \( b \) are \( 2 \) and \( 4 \) respectively. This leads us to the following conditions:<br>- The units digit of \( 6m \) must be \( 2 \).<br>- The units digit of \( 6n \) must be \( 4 \).<br><br>To find suitable values for \( m \) and \( n \), we can iterate through possible values of \( m \) and \( n \) that satisfy these conditions. <br><br>Here is the Python code that implements this logic:<br><br>```python<br>def solve():<br>    # Initialize the minimum LCM to a large number<br>    min_lcm = float('inf')<br>    <br>    # Iterate over possible values of m and n<br>    for m in range(1, 100):  # Arbitrarily chosen upper limit for m<br>        if (6 * m) % 10 == 2:  # Check if units digit of a is 2<br>            for n in range(1, 100):  # Arbitrarily chosen upper limit for n<br>                if (6 * n) % 10 == 4:  # Check if units digit of b is 4<br>                    if gcd(m, n) == 1:  # Ensure m and n are coprime<br>                        a = 6 * m<br>                        b = 6 * n<br>                        lcm = (a * b) // 6  # Calculate LCM using GCD<br>                        min_lcm = min(min_lcm, lcm)  # Update minimum LCM<br>    <br>    return min_lcm<br><br># Function to calculate GCD<br>def gcd(x, y):<br>    while y:<br>        x, y = y, x % y<br>    return x<br><br># Call the solve function and print the result<br>result = solve()<br>print(result)<br>```<br><br>## Perspective 2: Mathematical Solution<br><br>### Problem Restatement<br>We need to find the smallest possible value of the least common multiple (LCM) of two positive integers \( a \) and \( b \) such that:<br>1. The units digit of \( a \) is \( 2 \).<br>2. The units digit of \( b \) is \( 4 \).<br>3. The greatest common divisor (GCD) of \( a \) and \( b \) is \( 6 \).<br><br>### Mathematical Concepts<br>1. **Greatest Common Divisor (GCD)**: The largest positive integer that divides both numbers without leaving a remainder.<br>2. **Least Common Multiple (LCM)**: The smallest positive integer that is divisible by both numbers.<br>3. **Relationship between GCD and LCM**: The relationship is given by:<br>   \[<br>   \text{LCM}(a, b) = \frac{a \times b}{\text{GCD}(a, b)}<br>   \]<br><br>### Steps to Solution<br>1. **Express \( a \) and \( b \)**: Since \( \text{GCD}(a, b) = 6 \), we can express \( a \) and \( b \) as:<br>   \[<br>   a = 6m \quad \text{and} \quad b = 6n<br>   \]<br>   where \( m \) and \( n \) are coprime integers.<br><br>2. **Units Digit Conditions**:<br>   - The units digit of \( a = 6m \) must be \( 2 \). This implies \( 6m \equiv 2 \mod{10} \).<br>   - The units digit of \( b = 6n \) must be \( 4 \). This implies \( 6n \equiv 4 \mod{10} \).<br><br>3. **Finding \( m \) and \( n \)**:<br>   - From \( 6m \equiv 2 \mod{10} \), we can simplify to find \( m \):<br>     - Possible values of \( m \) that satisfy this condition are \( m = 1, 6, 11, \ldots \) (i.e., \( m \equiv 1 \mod{5} \)).<br>   - From \( 6n \equiv 4 \mod{10} \), we can simplify to find \( n \):<br>     - Possible values of \( n \) that satisfy this condition are \( n = 2, 7, 12, \ldots \) (i.e., \( n \equiv 2 \mod{5} \)).<br><br>4. **Finding the Minimum LCM**:<br>   - We need to find pairs \( (m, n) \) such that \( \text{GCD}(m, n) = 1 \) and calculate the LCM:<br>   \[<br>   \text{LCM}(a, b) = \frac{(6m)(6n)}{6} = 6mn<br>   \]<br><br>5. **Iterate through values**:<br>   - We can iterate through possible values of \( m \) and \( n \) to find the minimum \( 6mn \) that satisfies the conditions.<br><br>### Final Answer<br>After performing the calculations, we find that the smallest possible value of the least common multiple of \( a \) and \( b \) is:<br>\[<br>\boxed{72}<br>\]<br><br>### Significance of the Result<br>The result indicates the smallest multiple of both integers \( a \) and \( b \) that meets the specified conditions, showcasing the interplay between number theory concepts such as GCD and LCM, as well as modular arithmetic in determining valid integer values.","Both $a$ and $b$ must be divisible by $6$, so the choices for $a$ are $$12, 42, 72, 102, 132, \ldots\phantom{~.}$$and the choices for $b$ are $$24, 54, 84, 114, 144, \ldots~.$$We know that $\mathop{\text{lcm}}[a,b]\cdot \gcd(a,b)=ab$ (since this identity holds for all positive integers $a$ and $b$). Therefore, $$\mathop{\text{lcm}}[a,b] = \frac{ab}{6},$$so in order to minimize $\mathop{\text{lcm}}[a,b]$, we should make $ab$ as small as possible. But we can't take $a=12$ and $b=24$, because then $\gcd(a,b)$ would be $12$, not $6$. The next best choice is either $a=12,b=54$ or $a=42,b=24$. Either of these pairs yields $\gcd(a,b)=6$ as desired, but the first choice, $a=12$ and $b=54$, yields a smaller product. Hence this is the optimal choice, and the smallest possible value for $\mathop{\text{lcm}}[a,b]$ is $$\mathop{\text{lcm}}[12,54] = \frac{12\cdot 54}{6} = 2\cdot 54 = \boxed{108}.$$",0,456,1424,1880,1
"If $x^3$ is a positive factor of $10!,$ how many possible integer values of $x$ are there?  (Reminder: For a positive integer $n$, the expression $n!$ stands for the product of the integers from 1 up to (and including) $n$.)","## Perspective 1: Python Code Solution<br><br>To solve the problem of finding how many possible integer values of \( x \) exist such that \( x^3 \) is a positive factor of \( 10! \), we can follow these steps in Python:<br><br>1. Calculate the prime factorization of \( 10! \).<br>2. Determine the maximum power of each prime factor that can be included in \( x^3 \).<br>3. Count the possible integer values of \( x \) based on the constraints from the prime factorization.<br><br>Here is the complete Python code to achieve this:<br><br>```python<br>from math import factorial<br>from collections import defaultdict<br><br>def prime_factors(n):<br>    """""" Returns the prime factorization of n as a dictionary {prime: exponent}. """"""<br>    factors = defaultdict(int)<br>    # Check for number of 2s that divide n<br>    while n % 2 == 0:<br>        factors[2] += 1<br>        n //= 2<br>    # n must be odd at this point, so we can skip even numbers<br>    for i in range(3, int(n**0.5) + 1, 2):<br>        while n % i == 0:<br>            factors[i] += 1<br>            n //= i<br>    # This condition is to check if n is a prime number greater than 2<br>    if n > 2:<br>        factors[n] += 1<br>    return factors<br><br>def count_factors_of_factorial(n):<br>    """""" Returns the prime factorization of n! as a dictionary {prime: exponent}. """"""<br>    factors = defaultdict(int)<br>    for i in range(2, n + 1):<br>        pf = prime_factors(i)<br>        for prime, exponent in pf.items():<br>            factors[prime] += exponent<br>    return factors<br><br>def solve():<br>    # Calculate the prime factorization of 10!<br>    n = 10<br>    factorial_factors = count_factors_of_factorial(n)<br>    <br>    # Now we need to find how many integer values of x such that x^3 divides 10!<br>    count_x = 1  # Start with 1 for the multiplicative identity<br>    for prime, exponent in factorial_factors.items():<br>        # The exponent of x^3 must be less than or equal to the exponent of the prime in 10!<br>        # If x^3 = p^(3k), then 3k <= exponent, hence k <= exponent // 3<br>        count_x *= (exponent // 3) + 1  # +1 for the zero exponent case<br>    <br>    return count_x<br><br># Call the solve function and print the result<br>result = solve()<br>print(result)<br>```<br><br>## Perspective 2: Mathematical Solution<br><br>### Problem Restatement<br>We need to find how many possible integer values of \( x \) exist such that \( x^3 \) is a positive factor of \( 10! \).<br><br>### Mathematical Concepts<br>1. **Factorial**: The factorial \( n! \) is the product of all positive integers up to \( n \).<br>2. **Prime Factorization**: Any integer can be expressed as a product of prime numbers raised to their respective powers.<br>3. **Divisibility**: For \( x^3 \) to be a factor of \( 10! \), the prime factorization of \( x \) must be such that when raised to the third power, it does not exceed the prime factorization of \( 10! \).<br><br>### Steps to Solution<br>1. **Calculate \( 10! \)**:<br>   \[<br>   10! = 10 \times 9 \times 8 \times 7 \times 6 \times 5 \times 4 \times 3 \times 2 \times 1<br>   \]<br><br>2. **Find the Prime Factorization of \( 10! \)**:<br>   We can find the prime factorization by counting the contributions of each prime number up to 10:<br>   - For \( p = 2 \):<br>     \[<br>     \left\lfloor \frac{10}{2} \right\rfloor + \left\lfloor \frac{10}{4} \right\rfloor + \left\lfloor \frac{10}{8} \right\rfloor = 5 + 2 + 1 = 8<br>     \]<br>   - For \( p = 3 \):<br>     \[<br>     \left\lfloor \frac{10}{3} \right\rfloor + \left\lfloor \frac{10}{9} \right\rfloor = 3 + 1 = 4<br>     \]<br>   - For \( p = 5 \):<br>     \[<br>     \left\lfloor \frac{10}{5} \right\rfloor = 2<br>     \]<br>   - For \( p = 7 \):<br>     \[<br>     \left\lfloor \frac{10}{7} \right\rfloor = 1<br>     \]<br><br>   Thus, the prime factorization of \( 10! \) is:<br>   \[<br>   10! = 2^8 \times 3^4 \times 5^2 \times 7^1<br>   \]<br><br>3. **Determine the Constraints for \( x^3 \)**:<br>   For \( x^3 \) to divide \( 10! \), if \( x \) has the prime factorization:<br>   \[<br>   x = 2^a \times 3^b \times 5^c \times 7^d<br>   \]<br>   then:<br>   \[<br>   x^3 = 2^{3a} \times 3^{3b} \times 5^{3c} \times 7^{3d}<br>   \]<br>   We need:<br>   \[<br>   3a \leq 8, \quad 3b \leq 4, \quad 3c \leq 2, \quad 3d \leq 1<br>   \]<br><br>   This gives us:<br>   - For \( a \): \( a \leq \left\lfloor \frac{8}{3} \right\rfloor = 2 \) (possible values: 0, 1, 2) → 3 options<br>   - For \( b \): \( b \leq \left\lfloor \frac{4}{3} \right\rfloor = 1 \) (possible values: 0, 1) → 2 options<br>   - For \( c \): \( c \leq \left\lfloor \frac{2}{3} \right\rfloor = 0 \) (only value: 0) → 1 option<br>   - For \( d \): \( d \leq \left\lfloor \frac{1}{3} \right\rfloor = 0 \) (only value: 0) → 1 option<br><br>4. **Calculate the Total Number of Combinations**:<br>   The total number of combinations of \( (a, b, c, d) \) is:<br>   \[<br>   \text{Total} = (3 \text{ options for } a) \times (2 \text{ options for } b) \times (1 \text{ option for } c) \times (1 \text{ option for } d) = 3 \times 2 \times 1 \times 1 = 6<br>   \]<br><br>### Final Answer<br>The number of possible integer values of \( x \) such that \( x^3 \) is a positive factor of \( 10! \) is:<br>\[<br>\boxed{6}<br>\]<br><br>### Significance of the Result<br>This result shows the relationship between factorials and prime factorization, illustrating how the structure of numbers can be analyzed through their prime components. Understanding these relationships is fundamental in number theory and combinatorics.","First, we factor $10!:$<br>\begin{align*} 10!&=10\cdot 9\cdot 8\cdot 7 \cdot 6\cdot 5\cdot 4\cdot 3\cdot 2\cdot 1\\ &=2^8\cdot 3^4 \cdot 5^2 \cdot 7.\end{align*}<br>Hence, $x$ can be $1, 2^1, 2^2, 3, 2^1\cdot 3,\text{ or }2^2\cdot 3$ for a total of $\boxed{6}$ possible values of $x.$",1,446,1670,2116,1
"What is the average of all positive integers that have four digits when written in base $3$, but two digits when written in base $6$? Write your answer in base $10$.","## Perspective 1: Python Code Solution<br><br>To solve the problem, we need to find all positive integers that have four digits in base 3 and two digits in base 6. <br><br>1. **Four digits in base 3**: The smallest four-digit number in base 3 is \(1000_3\) and the largest is \(2222_3\).<br>   - Converting \(1000_3\) to decimal: <br>     \[<br>     1 \cdot 3^3 + 0 \cdot 3^2 + 0 \cdot 3^1 + 0 \cdot 3^0 = 27<br>     \]<br>   - Converting \(2222_3\) to decimal:<br>     \[<br>     2 \cdot 3^3 + 2 \cdot 3^2 + 2 \cdot 3^1 + 2 \cdot 3^0 = 2 \cdot (27 + 9 + 3 + 1) = 2 \cdot 40 = 80<br>     \]<br>   - Therefore, the range of integers in decimal that have four digits in base 3 is from 27 to 80.<br><br>2. **Two digits in base 6**: The smallest two-digit number in base 6 is \(10_6\) and the largest is \(55_6\).<br>   - Converting \(10_6\) to decimal:<br>     \[<br>     1 \cdot 6^1 + 0 \cdot 6^0 = 6<br>     \]<br>   - Converting \(55_6\) to decimal:<br>     \[<br>     5 \cdot 6^1 + 5 \cdot 6^0 = 5 \cdot 6 + 5 = 30 + 5 = 35<br>     \]<br>   - Therefore, the range of integers in decimal that have two digits in base 6 is from 6 to 35.<br><br>3. **Finding the intersection**: We need to find the integers that are both in the range [27, 80] and [6, 35]. The intersection is [27, 35].<br><br>4. **Calculating the average**: The integers in this range are 27, 28, 29, 30, 31, 32, 33, 34, and 35. We will calculate their average.<br><br>Now, let's implement this in Python:<br><br>```python<br>def solve():<br>    # Define the range of integers that have four digits in base 3<br>    lower_bound_base3 = 27  # 1000_3<br>    upper_bound_base3 = 80   # 2222_3<br>    <br>    # Define the range of integers that have two digits in base 6<br>    lower_bound_base6 = 6    # 10_6<br>    upper_bound_base6 = 35    # 55_6<br>    <br>    # Find the intersection of the two ranges<br>    lower_bound = max(lower_bound_base3, lower_bound_base6)<br>    upper_bound = min(upper_bound_base3, upper_bound_base6)<br>    <br>    # Calculate the integers in the intersection range<br>    integers = list(range(lower_bound, upper_bound + 1))<br>    <br>    # Calculate the average<br>    average = sum(integers) / len(integers)<br>    <br>    return average<br><br># Call the solve function and print the result<br>result = solve()<br>print(result)<br>```<br><br>## Perspective 2: Mathematical Solution<br><br>### Problem Restatement<br>We need to find the average of all positive integers that have four digits when expressed in base 3 and two digits when expressed in base 6, and then present the answer in base 10.<br><br>### Mathematical Concepts<br>1. **Base Conversion**: Understanding how to convert numbers from one base to another is crucial for determining the ranges of numbers in different bases.<br>2. **Average Calculation**: The average of a set of numbers is calculated by summing the numbers and dividing by the count of the numbers.<br><br>### Step-by-Step Solution<br><br>1. **Determine the range for four-digit numbers in base 3**:<br>   - The smallest four-digit number in base 3 is \(1000_3\):<br>     \[<br>     1000_3 = 1 \cdot 3^3 + 0 \cdot 3^2 + 0 \cdot 3^1 + 0 \cdot 3^0 = 27<br>     \]<br>   - The largest four-digit number in base 3 is \(2222_3\):<br>     \[<br>     2222_3 = 2 \cdot 3^3 + 2 \cdot 3^2 + 2 \cdot 3^1 + 2 \cdot 3^0 = 2 \cdot (27 + 9 + 3 + 1) = 80<br>     \]<br>   - Thus, the range of integers in decimal that have four digits in base 3 is from 27 to 80.<br><br>2. **Determine the range for two-digit numbers in base 6**:<br>   - The smallest two-digit number in base 6 is \(10_6\):<br>     \[<br>     10_6 = 1 \cdot 6^1 + 0 \cdot 6^0 = 6<br>     \]<br>   - The largest two-digit number in base 6 is \(55_6\):<br>     \[<br>     55_6 = 5 \cdot 6^1 + 5 \cdot 6^0 = 30 + 5 = 35<br>     \]<br>   - Thus, the range of integers in decimal that have two digits in base 6 is from 6 to 35.<br><br>3. **Find the intersection of the two ranges**:<br>   - The intersection of [27, 80] and [6, 35] is [27, 35].<br><br>4. **List the integers in the intersection**:<br>   - The integers in the range [27, 35] are: 27, 28, 29, 30, 31, 32, 33, 34, 35.<br><br>5. **Calculate the average**:<br>   - The sum of these integers is:<br>     \[<br>     27 + 28 + 29 + 30 + 31 + 32 + 33 + 34 + 35 = 288<br>     \]<br>   - The count of these integers is 9.<br>   - Therefore, the average is:<br>     \[<br>     \text{Average} = \frac{288}{9} = 32<br>     \]<br><br>### Final Answer<br>The average of all positive integers that have four digits in base 3 and two digits in base 6 is:<br>\[<br>\boxed{32}<br>\]<br><br>### Significance of the Result<br>This result shows how different numeral systems can define ranges of integers and how those ranges can overlap, leading to a specific set of integers whose average can be calculated. This exercise illustrates the importance of understanding base conversions in number theory.","If an integer $n$ has four digits in base $3$, then $3^3\le n<3^4$. If an integer $n$ has two digits in base $6$, then $6^1\le n<6^2$. The overlap of these intervals is $$\{27,28,29,30,31,32,33,34,35\}.$$The average of the integers in this set is $\frac{27+35}{2} = \boxed{31}$.",0,420,1495,1915,1
What is the sum of all of the odd divisors of $6300$?,"## Perspective 1: Python Code Solution<br><br>To solve the problem of finding the sum of all odd divisors of \(6300\), we can follow these steps in our Python code:<br><br>1. **Factor the number**: We need to find the prime factorization of \(6300\).<br>2. **Identify odd divisors**: Since we are only interested in odd divisors, we will ignore any factors of \(2\).<br>3. **Calculate the sum of odd divisors**: We will use the formula for the sum of divisors based on the prime factorization.<br><br>Here is the complete Python code to achieve this:<br><br>```python<br>def solve():<br>    # Step 1: Define the number<br>    n = 6300<br>    <br>    # Step 2: Prime factorization of 6300<br>    # 6300 = 2^2 * 3^2 * 5^2 * 7^1<br>    # We only need the odd part: 3^2 * 5^2 * 7^1<br>    odd_factors = {3: 2, 5: 2, 7: 1}  # Dictionary to hold prime factors and their powers<br>    <br>    # Step 3: Calculate the sum of odd divisors<br>    sum_of_odd_divisors = 1  # Start with the multiplicative identity for sums<br>    <br>    for prime, exponent in odd_factors.items():<br>        # The formula for the sum of divisors for p^k is (p^(k+1) - 1) / (p - 1)<br>        sum_of_divisors_for_prime = (prime ** (exponent + 1) - 1) // (prime - 1)<br>        sum_of_odd_divisors *= sum_of_divisors_for_prime<br>    <br>    return sum_of_odd_divisors<br><br># Call the function and print the result<br>result = solve()<br>print(result)<br>```<br><br>### Explanation of the Code:<br>- We define the number \(6300\) and its odd prime factors.<br>- We calculate the sum of the odd divisors using the formula for the sum of divisors based on the prime factorization.<br>- Finally, we return the result.<br><br>## Perspective 2: Mathematical Solution<br><br>### Problem Restatement<br>We need to find the sum of all odd divisors of the number \(6300\).<br><br>### Mathematical Concepts<br>To solve this problem, we will use the concept of prime factorization and the formula for the sum of divisors. The sum of the divisors of a number \(n\) with the prime factorization \(n = p_1^{k_1} \cdot p_2^{k_2} \cdots p_m^{k_m}\) is given by:<br><br>\[<br>\sigma(n) = (1 + p_1 + p_1^2 + \ldots + p_1^{k_1})(1 + p_2 + p_2^2 + \ldots + p_2^{k_2}) \cdots (1 + p_m + p_m^2 + \ldots + p_m^{k_m})<br>\]<br><br>### Steps to Solution<br>1. **Factorization of \(6300\)**:<br>   We start by finding the prime factorization of \(6300\):<br>   \[<br>   6300 = 63 \times 100 = (3^2 \times 7^1) \times (10^2) = (3^2 \times 7^1) \times (2^2 \times 5^2)<br>   \]<br>   Thus, the complete prime factorization is:<br>   \[<br>   6300 = 2^2 \times 3^2 \times 5^2 \times 7^1<br>   \]<br><br>2. **Identifying Odd Divisors**:<br>   The odd divisors are derived from the odd prime factors, which are \(3^2\), \(5^2\), and \(7^1\). Therefore, we can ignore the factor \(2^2\).<br><br>3. **Calculating the Sum of Odd Divisors**:<br>   We apply the sum of divisors formula to the odd part:<br>   \[<br>   \sigma(3^2) = 1 + 3 + 3^2 = 1 + 3 + 9 = 13<br>   \]<br>   \[<br>   \sigma(5^2) = 1 + 5 + 5^2 = 1 + 5 + 25 = 31<br>   \]<br>   \[<br>   \sigma(7^1) = 1 + 7 = 8<br>   \]<br>   Now, we multiply these sums together to find the total sum of odd divisors:<br>   \[<br>   \sigma_{\text{odd}}(6300) = \sigma(3^2) \cdot \sigma(5^2) \cdot \sigma(7^1) = 13 \cdot 31 \cdot 8<br>   \]<br><br>4. **Final Calculation**:<br>   We compute:<br>   \[<br>   13 \cdot 31 = 403<br>   \]<br>   \[<br>   403 \cdot 8 = 3224<br>   \]<br><br>### Final Answer<br>The sum of all odd divisors of \(6300\) is:<br>\[<br>\boxed{3224}<br>\]<br><br>### Significance of the Result<br>This result is significant in number theory as it illustrates the relationship between prime factorization and the properties of divisors, particularly how to efficiently compute the sum of specific types of divisors.","First, we find the prime factorization of $6300$ to be $2^2 \cdot 3^2 \cdot 5^2 \cdot 7$. Note that the odd divisors of 6300 are precisely the integers of the form $3^a5^b7^c$ where $0\leq a \leq 2$, $0\leq b\leq 2$, and $0\leq c \leq 1$. Note also that distributing $(1+3+9)(1+5+25)(1+7)$ yields 18 terms, with each integer of the form $3^a5^b7^c$ (again, where $0\leq a \leq 2$, $0\leq b\leq 2$, and $0\leq c \leq 1$) appearing exactly once.  It follows that the sum of the odd divisors of 6300 is $(1+3+9)(1+5+25)(1+7)=\boxed{3224}$.",1,399,1179,1578,1
Find the sum of the base-2 geometric series $0.1_2-0.01_2+0.001_2-0.0001_2+0.00001_2\ldots$; give your answer as a fraction in which the numerator and denominator are both expressed in base 10.,"## Perspective 1: Python Code Solution<br><br>To solve the problem of finding the sum of the base-2 geometric series \(0.1_2 - 0.01_2 + 0.001_2 - 0.0001_2 + 0.00001_2 \ldots\), we can first convert the binary representations into decimal fractions. The series can be expressed as:<br><br>\[<br>S = 0.1_2 - 0.01_2 + 0.001_2 - 0.0001_2 + 0.00001_2 - \ldots<br>\]<br><br>In decimal, this translates to:<br><br>\[<br>S = \frac{1}{2} - \frac{1}{4} + \frac{1}{8} - \frac{1}{16} + \frac{1}{32} - \ldots<br>\]<br><br>This is an infinite geometric series with the first term \(a = \frac{1}{2}\) and a common ratio \(r = -\frac{1}{2}\). The sum of an infinite geometric series can be calculated using the formula:<br><br>\[<br>S = \frac{a}{1 - r}<br>\]<br><br>Now, let's implement this in Python.<br><br>```python<br>def solve():<br>    # First term of the series<br>    a = 1 / 2<br>    # Common ratio of the series<br>    r = -1 / 2<br>    <br>    # Sum of the infinite geometric series<br>    S = a / (1 - r)<br>    <br>    # Return the result as a fraction<br>    return S<br><br># Call the solve function and print the result<br>result = solve()<br>print(result)  # This will output the sum of the series<br>```<br><br>## Perspective 2: Mathematical Solution<br><br>### Restatement of the Problem<br>We need to find the sum of the infinite geometric series given by:<br><br>\[<br>S = 0.1_2 - 0.01_2 + 0.001_2 - 0.0001_2 + 0.00001_2 - \ldots<br>\]<br><br>### Explanation of Mathematical Concepts<br>This series can be interpreted as a geometric series where each term is a power of \(-\frac{1}{2}\). The first term \(a\) is the decimal equivalent of \(0.1_2\), which is \(\frac{1}{2}\), and the common ratio \(r\) is \(-\frac{1}{2}\).<br><br>### Steps to Solve the Problem<br>1. **Identify the first term and common ratio**:<br>   - The first term \(a\) is:<br>     \[<br>     a = 0.1_2 = \frac{1}{2}<br>     \]<br>   - The common ratio \(r\) is:<br>     \[<br>     r = -0.1_2 = -\frac{1}{2}<br>     \]<br><br>2. **Use the formula for the sum of an infinite geometric series**:<br>   The sum \(S\) of an infinite geometric series can be calculated using the formula:<br>   \[<br>   S = \frac{a}{1 - r}<br>   \]<br>   where \(|r| < 1\).<br><br>3. **Substitute the values of \(a\) and \(r\)**:<br>   \[<br>   S = \frac{\frac{1}{2}}{1 - \left(-\frac{1}{2}\right)} = \frac{\frac{1}{2}}{1 + \frac{1}{2}} = \frac{\frac{1}{2}}{\frac{3}{2}} = \frac{1}{3}<br>   \]<br><br>### Final Answer<br>Thus, the sum of the series is:<br><br>\[<br>\boxed{\frac{1}{3}}<br>\]<br><br>### Significance of the Result<br>The result \(\frac{1}{3}\) indicates that the alternating series converges to a finite value, demonstrating the behavior of geometric series with alternating signs. This is a fundamental concept in calculus and series analysis, showcasing how infinite sums can yield finite results under certain conditions.","Places to the right of the decimal point represent negative powers of the base, so we notice that the series in base 10 is $2^{-1}-2^{-2}+2^{-3}\ldots=\frac{1}{2}-\frac{1}{4}+\frac{1}{8}\ldots$. We recognize this as a geometric series with a common ratio of $-\frac{1}{2}$ and apply the formula $\frac{a}{1-r}$ for the sum of a geometric series with first term $a$ and common ratio $r$. We get $$\frac{\frac{1}{2}}{1-\left(-\frac{1}{2}\right)}=\frac{\frac{1}{2}}{\frac{3}{2}}=\frac{1}{3}.$$So, the sum of the geometric series is $\boxed{\frac{1}{3}}$.",1,449,859,1308,1
How many integers $n$ satisfy $0<n<60$ and $4n\equiv 2\pmod 6?$,"## Perspective 1: Python Code Solution<br><br>To solve the problem of finding how many integers \( n \) satisfy \( 0 < n < 60 \) and \( 4n \equiv 2 \pmod{6} \), we can implement the following Python code:<br><br>```python<br>def solve():<br>    # Initialize a counter for valid integers<br>    count = 0<br>    <br>    # Iterate through the range of n from 1 to 59 (inclusive)<br>    for n in range(1, 60):<br>        # Check the condition 4n ≡ 2 (mod 6)<br>        if (4 * n) % 6 == 2:<br>            count += 1  # Increment the count if the condition is satisfied<br>            <br>    return count  # Return the total count of valid integers<br><br># Call the solve function and print the result<br>result = solve()<br>print(result)<br>```<br><br>This code iterates through all integers \( n \) from 1 to 59, checks if \( 4n \equiv 2 \pmod{6} \), and counts how many integers satisfy this condition.<br><br>## Perspective 2: Mathematical Solution<br><br>### Restatement of the Problem<br>We need to find the number of integers \( n \) such that \( 0 < n < 60 \) and \( 4n \equiv 2 \pmod{6} \).<br><br>### Mathematical Concepts Involved<br>The problem involves modular arithmetic, specifically congruences. The expression \( 4n \equiv 2 \pmod{6} \) means that when \( 4n \) is divided by 6, the remainder is 2.<br><br>### Step-by-Step Solution<br><br>1. **Understanding the Congruence**:<br>   We start with the congruence:<br>   \[<br>   4n \equiv 2 \pmod{6}<br>   \]<br>   This can be rewritten as:<br>   \[<br>   4n - 2 = 6k \quad \text{for some integer } k<br>   \]<br>   Rearranging gives:<br>   \[<br>   4n = 6k + 2<br>   \]<br><br>2. **Simplifying the Congruence**:<br>   We can simplify the congruence by dividing all terms by 2:<br>   \[<br>   2n \equiv 1 \pmod{3}<br>   \]<br>   This means that \( 2n - 1 = 3m \) for some integer \( m \), or:<br>   \[<br>   2n = 3m + 1<br>   \]<br><br>3. **Finding Values of \( n \)**:<br>   To solve \( 2n \equiv 1 \pmod{3} \), we can test values of \( n \):<br>   - If \( n \equiv 0 \pmod{3} \), then \( 2n \equiv 0 \pmod{3} \)<br>   - If \( n \equiv 1 \pmod{3} \), then \( 2n \equiv 2 \pmod{3} \)<br>   - If \( n \equiv 2 \pmod{3} \), then \( 2n \equiv 1 \pmod{3} \)<br><br>   Thus, \( n \equiv 2 \pmod{3} \) satisfies the condition.<br><br>4. **Finding Valid Integers**:<br>   Now we need to find integers \( n \) in the range \( 0 < n < 60 \) that satisfy \( n \equiv 2 \pmod{3} \). The integers can be expressed as:<br>   \[<br>   n = 3k + 2 \quad \text{for integers } k<br>   \]<br>   We need \( 0 < 3k + 2 < 60 \):<br>   - For the lower bound: \( 3k + 2 > 0 \) gives \( k \geq 0 \)<br>   - For the upper bound: \( 3k + 2 < 60 \) gives \( k < 19.33 \), so \( k \leq 19 \)<br><br>   Thus, \( k \) can take values from 0 to 19, which gives us 20 possible values for \( k \).<br><br>### Final Answer<br>The total number of integers \( n \) that satisfy the given conditions is:<br>\[<br>\boxed{20}<br>\]<br><br>### Significance of the Result<br>This result indicates that there are 20 integers within the specified range that meet the modular condition, showcasing the application of modular arithmetic in solving integer constraints.","The residue of $4n\pmod 6$ is determined by the residue of $n\pmod 6.$ We can build a table showing the possibilities: $$\begin{array}{r || c * 5 {| c}}<br>n\pmod 6 & 0 & 1 & 2 & 3 & 4 & 5 \\<br>\hline<br>4n\pmod 6 & 0 & 4 & 2 & 0 & 4 & 2<br>\end{array}$$As the table shows, $4n\equiv 2\pmod 6$ is true when $n\equiv 2$ or $n\equiv 5\pmod 6.$ Otherwise, it's false.<br><br>So, our problem is to count all $n$ between $0$ and $60$ that leave a remainder of $2$ or $5$ modulo $6.$ These integers are $$2, 5, 8, 11, 14, 17, \ldots, 56, 59.$$There are $\boxed{20}$ integers in this list.",1,410,977,1387,1
"How many positive  cubes  divide $3!\cdot 5!\cdot 7!\,$?","## Perspective 1: Python Code Solution<br><br>To solve the problem of finding how many positive cubes divide \(3! \cdot 5! \cdot 7!\), we can follow these steps in Python:<br><br>1. Calculate the factorials of 3, 5, and 7.<br>2. Compute the product of these factorials.<br>3. Factor the product into its prime factors.<br>4. Count how many cubes can be formed from these prime factors.<br><br>Here is the complete Python code to achieve this:<br><br>```python<br>from math import factorial<br>from collections import Counter<br><br>def prime_factors(n):<br>    """"""Return the prime factorization of n as a Counter (dictionary).""""""<br>    i = 2<br>    factors = Counter()<br>    while i * i <= n:<br>        while (n % i) == 0:<br>            factors[i] += 1<br>            n //= i<br>        i += 1<br>    if n > 1:<br>        factors[n] += 1<br>    return factors<br><br>def solve():<br>    # Calculate the factorials<br>    f3 = factorial(3)<br>    f5 = factorial(5)<br>    f7 = factorial(7)<br>    <br>    # Calculate the product of the factorials<br>    product = f3 * f5 * f7<br>    <br>    # Get the prime factorization of the product<br>    factors = prime_factors(product)<br>    <br>    # Count the number of cubes<br>    cube_count = 1<br>    for exponent in factors.values():<br>        cube_count *= (exponent // 3 + 1)  # Each exponent contributes (exponent // 3 + 1) to the count of cubes<br>    <br>    return cube_count<br><br># Call the solve function and print the result<br>result = solve()<br>print(result)<br>```<br><br>### Explanation of the Code:<br>- The `factorial` function from the `math` module is used to compute the factorials of 3, 5, and 7.<br>- The `prime_factors` function computes the prime factorization of a number using trial division and returns a `Counter` object that counts the occurrences of each prime factor.<br>- In the `solve` function, we calculate the product of the factorials and then find its prime factorization.<br>- Finally, we calculate how many cubes can be formed from the prime factors by using the formula \((e_i // 3 + 1)\) for each prime factor's exponent \(e_i\).<br><br>## Perspective 2: Mathematical Solution<br><br>### Problem Restatement<br>We need to determine how many positive cubes divide the product \(3! \cdot 5! \cdot 7!\).<br><br>### Mathematical Concepts<br>To solve this problem, we will use the concepts of factorials, prime factorization, and the properties of exponents. Specifically, we will utilize the fact that a number can be expressed as a product of its prime factors, and we can determine how many cubes can be formed from these factors.<br><br>### Step-by-Step Solution<br><br>1. **Calculate the Factorials**:<br>   \[<br>   3! = 6 = 2^1 \cdot 3^1<br>   \]<br>   \[<br>   5! = 120 = 2^3 \cdot 3^1 \cdot 5^1<br>   \]<br>   \[<br>   7! = 5040 = 2^4 \cdot 3^2 \cdot 5^1 \cdot 7^1<br>   \]<br><br>2. **Compute the Product**:<br>   We need to find \(3! \cdot 5! \cdot 7!\):<br>   \[<br>   3! \cdot 5! \cdot 7! = (2^1 \cdot 3^1) \cdot (2^3 \cdot 3^1 \cdot 5^1) \cdot (2^4 \cdot 3^2 \cdot 5^1 \cdot 7^1)<br>   \]<br><br>3. **Combine the Prime Factors**:<br>   We can combine the exponents of the prime factors:<br>   - For \(2\): \(1 + 3 + 4 = 8\)<br>   - For \(3\): \(1 + 1 + 2 = 4\)<br>   - For \(5\): \(1 + 1 = 2\)<br>   - For \(7\): \(1\)<br><br>   Thus, the prime factorization of \(3! \cdot 5! \cdot 7!\) is:<br>   \[<br>   3! \cdot 5! \cdot 7! = 2^8 \cdot 3^4 \cdot 5^2 \cdot 7^1<br>   \]<br><br>4. **Count the Number of Cubes**:<br>   A cube can be formed from the prime factorization if each exponent is at least 3. The number of cubes that can be formed from each prime factor is given by:<br>   \[<br>   \text{Number of cubes} = \prod_{p_i} \left(\frac{e_i}{3} + 1\right)<br>   \]<br>   where \(e_i\) is the exponent of the prime factor \(p_i\).<br><br>   - For \(2^8\): \(\frac{8}{3} + 1 = 2 + 1 = 3\)<br>   - For \(3^4\): \(\frac{4}{3} + 1 = 1 + 1 = 2\)<br>   - For \(5^2\): \(\frac{2}{3} + 1 = 0 + 1 = 1\)<br>   - For \(7^1\): \(\frac{1}{3} + 1 = 0 + 1 = 1\)<br><br>   Therefore, the total number of cubes is:<br>   \[<br>   3 \cdot 2 \cdot 1 \cdot 1 = 6<br>   \]<br><br>### Final Answer<br>The number of positive cubes that divide \(3! \cdot 5! \cdot 7!\) is:<br>\[<br>\boxed{6}<br>\]<br><br>### Significance of the Result<br>This result indicates that there are 6 distinct positive cubes that can be formed from the product of the factorials of 3, 5, and 7, showcasing the interplay between combinatorial counting and number theory.","Written  as a product of primes, we have \[<br>3!\cdot 5!\cdot 7!=2^8\cdot 3^4\cdot 5^2\cdot 7.<br>\]A cube that is a factor has a prime factorization of the form $2^p\cdot 3^q\cdot 5^r\cdot 7^s$, where $p$, $q$, $r$, and $s$ are all multiples of 3. There are 3 possible values for $p$, which are  0, 3, and 6. There are 2 possible values for $q$, which are $0$ and $3$. The only value  for $r$ and for $s$ is 0. Hence, there are $\boxed{6} = 3\cdot 2\cdot1\cdot1$ distinct cubes that divide $3!\cdot 5!\cdot 7!$. They are<br><br>\begin{align*}<br>1 &= 2^03^05^07^0, \quad 8 = 2^33^05^07^0,\quad 27 = 2^03^35^07^0,\\<br>64 &= 2^63^05^07^0,\quad 216 = 2^33^35^07^0,\quad\text{and}\quad 1728 = 2^63^35^07^0.<br>\end{align*}",1,404,1357,1761,1
"The infinite sequence $T=\{t_0,t_1,t_2,\ldots\}$ is defined as $t_0=0,$ $t_1=1,$ and $t_n=t_{n-2}+t_{n-1}$ for all integers $n>1.$ If $a,$ $b,$ $c$ are fixed non-negative integers such that \begin{align*}<br>a&\equiv 5\pmod {16}\\<br>b&\equiv 10\pmod {16}\\<br>c&\equiv 15\pmod {16},<br>\end{align*}then what is the remainder when $t_a+t_b+t_c$ is divided by $7?$","## Perspective 1: Python Code Solution<br><br>To solve the problem using Python, we need to compute the Fibonacci-like sequence defined by \( t_0 = 0 \), \( t_1 = 1 \), and \( t_n = t_{n-2} + t_{n-1} \) for \( n > 1 \). We will calculate the values of \( t_a \), \( t_b \), and \( t_c \) based on the given congruences, and then find the sum \( t_a + t_b + t_c \) modulo \( 7 \).<br><br>Here is the complete Python code to achieve this:<br><br>```python<br>def solve():<br>    # Define the Fibonacci-like sequence<br>    def fibonacci(n):<br>        if n == 0:<br>            return 0<br>        elif n == 1:<br>            return 1<br>        else:<br>            t = [0] * (n + 1)<br>            t[0], t[1] = 0, 1<br>            for i in range(2, n + 1):<br>                t[i] = t[i - 1] + t[i - 2]<br>            return t[n]<br><br>    # Given congruences<br>    a = 5  # a ≡ 5 (mod 16)<br>    b = 10 # b ≡ 10 (mod 16)<br>    c = 15 # c ≡ 15 (mod 16)<br><br>    # Calculate t_a, t_b, t_c<br>    t_a = fibonacci(a)<br>    t_b = fibonacci(b)<br>    t_c = fibonacci(c)<br><br>    # Calculate the sum and find the remainder when divided by 7<br>    result = (t_a + t_b + t_c) % 7<br>    return result<br><br># Call the solve function and print the result<br>print(solve())<br>```<br><br>### Explanation of the Code:<br>1. **Fibonacci Function**: The `fibonacci` function computes the \( n \)-th term of the sequence using dynamic programming to store previously computed values.<br>2. **Congruences**: We directly assign the values of \( a \), \( b \), and \( c \) based on the given congruences.<br>3. **Calculating Terms**: We compute \( t_a \), \( t_b \), and \( t_c \) using the `fibonacci` function.<br>4. **Final Calculation**: We sum the three terms and take the result modulo \( 7 \).<br>5. **Output**: The result is printed.<br><br>## Perspective 2: Mathematical Solution<br><br>### Problem Restatement<br>We need to find the remainder when the sum \( t_a + t_b + t_c \) is divided by \( 7 \), where \( t_n \) is defined by the recurrence relation:<br>\[<br>t_0 = 0, \quad t_1 = 1, \quad t_n = t_{n-2} + t_{n-1} \text{ for } n > 1<br>\]<br>with \( a \equiv 5 \pmod{16} \), \( b \equiv 10 \pmod{16} \), and \( c \equiv 15 \pmod{16} \).<br><br>### Mathematical Concepts<br>The sequence defined is similar to the Fibonacci sequence, where each term is the sum of the two preceding terms. We will compute the terms \( t_a \), \( t_b \), and \( t_c \) and then find their sum modulo \( 7 \).<br><br>### Steps to Solution<br>1. **Calculate Terms**:<br>   - We need to compute \( t_5 \), \( t_{10} \), and \( t_{15} \).<br><br>2. **Compute \( t_5 \)**:<br>   \[<br>   \begin{align*}<br>   t_0 & = 0 \\<br>   t_1 & = 1 \\<br>   t_2 & = t_0 + t_1 = 0 + 1 = 1 \\<br>   t_3 & = t_1 + t_2 = 1 + 1 = 2 \\<br>   t_4 & = t_2 + t_3 = 1 + 2 = 3 \\<br>   t_5 & = t_3 + t_4 = 2 + 3 = 5<br>   \end{align*}<br>   \]<br><br>3. **Compute \( t_{10} \)**:<br>   \[<br>   \begin{align*}<br>   t_6 & = t_4 + t_5 = 3 + 5 = 8 \\<br>   t_7 & = t_5 + t_6 = 5 + 8 = 13 \\<br>   t_8 & = t_6 + t_7 = 8 + 13 = 21 \\<br>   t_9 & = t_7 + t_8 = 13 + 21 = 34 \\<br>   t_{10} & = t_8 + t_9 = 21 + 34 = 55<br>   \end{align*}<br>   \]<br><br>4. **Compute \( t_{15} \)**:<br>   \[<br>   \begin{align*}<br>   t_{11} & = t_9 + t_{10} = 34 + 55 = 89 \\<br>   t_{12} & = t_{10} + t_{11} = 55 + 89 = 144 \\<br>   t_{13} & = t_{11} + t_{12} = 89 + 144 = 233 \\<br>   t_{14} & = t_{12} + t_{13} = 144 + 233 = 377 \\<br>   t_{15} & = t_{13} + t_{14} = 233 + 377 = 610<br>   \end{align*}<br>   \]<br><br>5. **Sum the Terms**:<br>   \[<br>   t_a + t_b + t_c = t_5 + t_{10} + t_{15} = 5 + 55 + 610 = 670<br>   \]<br><br>6. **Find the Remainder**:<br>   \[<br>   670 \mod 7<br>   \]<br>   To compute this, we can divide \( 670 \) by \( 7 \):<br>   \[<br>   670 \div 7 = 95 \quad \text{(integer part)} \quad \Rightarrow \quad 95 \times 7 = 665<br>   \]<br>   \[<br>   670 - 665 = 5<br>   \]<br><br>### Final Answer<br>The remainder when \( t_a + t_b + t_c \) is divided by \( 7 \) is:<br>\[<br>\boxed{5}<br>\]<br><br>### Significance of the Result<br>This result shows how the properties of modular arithmetic can simplify calculations involving sequences defined by recurrence relations. The periodicity of the Fibonacci-like sequences modulo small integers can often lead to interesting patterns and insights in number theory.","We need to find a pattern in $T$ first. You may have heard of it by the name Fibonacci sequence. Reduced modulo $7$ (we can still use the recurrence relation), it looks like \[T\equiv \{0,1,1,2,3,5,1,6,0,6,6,5,4,2,6,1,0,1\ldots\}.\]The first $16$ terms are $\{0,1,1,2,3,5,1,6,0,6,6,5,4,2,6,1\}.$ As the next two are $0$ and $1$ and since the sequence is defined by recursion on the most recent two terms, the Fibonacci sequence modulo $7$ consists of repetitions of $0,$ $1,$ $1,$ $2,$ $3,$ $5,$ $1,$ $6,$ $0,$ $6,$ $6,$ $5,$ $4,$ $2,$ $6,$ $1.$ Now \[\begin{cases}<br>a\equiv 5\pmod {16}\implies t_a\equiv 5\pmod 7\\<br>b\equiv 10\pmod {16}\implies t_b\equiv 6\pmod 7\\<br>c\equiv 15\pmod {16}\implies t_c\equiv 1\pmod 7<br>\end{cases}~.\]Thus, $$t_a+t_b+t_c\equiv 5+6+1\equiv 12\equiv \boxed{5}\pmod 7.$$",1,534,1474,2008,1
"Compute $17^{-1}\pmod{83}$. Express your answer as a residue from $0$ to $82$, inclusive.<br><br>(You may find it helpful to consider the fact that $17\cdot 5=85$.)","## Perspective 1: Python Code Solution<br><br>To solve the problem of finding the modular inverse of \( 17 \) modulo \( 83 \), we can use the Extended Euclidean Algorithm. This algorithm not only computes the greatest common divisor (gcd) of two integers but also finds a way to express this gcd as a linear combination of the two integers. In our case, we want to find integers \( x \) and \( y \) such that:<br><br>\[<br>17x + 83y = \gcd(17, 83)<br>\]<br><br>Since \( 17 \) and \( 83 \) are coprime (their gcd is \( 1 \)), the integer \( x \) will be the modular inverse of \( 17 \) modulo \( 83 \).<br><br>Here is the Python code that implements this:<br><br>```python<br>def extended_gcd(a, b):<br>    """"""Return gcd of a and b, and coefficients x, y such that ax + by = gcd(a, b)""""""<br>    if a == 0:<br>        return b, 0, 1<br>    gcd, x1, y1 = extended_gcd(b % a, a)<br>    x = y1 - (b // a) * x1<br>    y = x1<br>    return gcd, x, y<br><br>def solve():<br>    a = 17<br>    m = 83<br>    gcd, x, _ = extended_gcd(a, m)<br>    <br>    # Since we want the inverse, we need x mod m<br>    if gcd != 1:<br>        raise ValueError(""Inverse does not exist"")<br>    <br>    # Ensure x is positive<br>    inverse = x % m<br>    return inverse<br><br># Call the solve function and print the result<br>result = solve()<br>print(result)<br>```<br><br>### Explanation of the Code:<br>1. **Extended GCD Function**: This function recursively computes the gcd and the coefficients \( x \) and \( y \).<br>2. **Solve Function**: This function calls the extended GCD function, checks if the gcd is \( 1 \) (indicating that the inverse exists), and then computes the modular inverse.<br>3. **Output**: The result is printed, which is the modular inverse of \( 17 \) modulo \( 83 \).<br><br>## Perspective 2: Mathematical Solution<br><br>### Problem Restatement<br>We need to compute the modular inverse of \( 17 \) modulo \( 83 \). This means we are looking for an integer \( x \) such that:<br><br>\[<br>17x \equiv 1 \pmod{83}<br>\]<br><br>### Mathematical Concepts<br>The modular inverse exists if and only if \( 17 \) and \( 83 \) are coprime, which is true since \( 83 \) is a prime number and does not divide \( 17 \). We can find the inverse using the Extended Euclidean Algorithm.<br><br>### Steps to Solve<br><br>1. **Apply the Extended Euclidean Algorithm**:<br>   We need to express \( 1 \) as a linear combination of \( 17 \) and \( 83 \):<br>   \[<br>   17x + 83y = 1<br>   \]<br><br>2. **Perform the Euclidean Algorithm**:<br>   We start with \( 83 \) and \( 17 \):<br>   \[<br>   83 = 4 \cdot 17 + 15<br>   \]<br>   \[<br>   17 = 1 \cdot 15 + 2<br>   \]<br>   \[<br>   15 = 7 \cdot 2 + 1<br>   \]<br>   \[<br>   2 = 2 \cdot 1 + 0<br>   \]<br>   The gcd is \( 1 \).<br><br>3. **Back Substitute to Find Coefficients**:<br>   From \( 15 = 7 \cdot 2 + 1 \), we can express \( 1 \):<br>   \[<br>   1 = 15 - 7 \cdot 2<br>   \]<br>   Substitute \( 2 \) from \( 17 = 1 \cdot 15 + 2 \):<br>   \[<br>   2 = 17 - 1 \cdot 15 \implies 1 = 15 - 7(17 - 1 \cdot 15) = 8 \cdot 15 - 7 \cdot 17<br>   \]<br>   Substitute \( 15 \) from \( 83 = 4 \cdot 17 + 15 \):<br>   \[<br>   15 = 83 - 4 \cdot 17 \implies 1 = 8(83 - 4 \cdot 17) - 7 \cdot 17 = 8 \cdot 83 - 39 \cdot 17<br>   \]<br><br>4. **Conclusion**:<br>   Thus, we have:<br>   \[<br>   1 = -39 \cdot 17 + 8 \cdot 83<br>   \]<br>   This means \( -39 \) is the modular inverse of \( 17 \) modulo \( 83 \). To express it as a positive residue, we compute:<br>   \[<br>   -39 \mod 83 = 44<br>   \]<br><br>### Final Answer<br>The modular inverse of \( 17 \) modulo \( 83 \) is:<br><br>\[<br>\boxed{44}<br>\]<br><br>### Significance of the Result<br>Finding the modular inverse is crucial in various applications, including cryptography, where it is used in algorithms such as RSA. The result indicates that multiplying \( 17 \) by \( 44 \) will yield a result congruent to \( 1 \) modulo \( 83 \).","We may begin by noting that $17\cdot 5=85\equiv 2\pmod{83}$. However, we are looking for $n$ such that $17\cdot n\equiv 1\pmod{83}$.<br><br>Note that $2\cdot 42=84\equiv 1\pmod{83}$. Therefore, \begin{align*}<br>17\cdot 5\cdot 42 &\equiv 2\cdot 42 \\<br>&\equiv 1\pmod{83},<br>\end{align*}which tells us that $17$ and $5\cdot 42$ are each other's inverses modulo $83$. We can evaluate $5\cdot 42=210$, but this is not in the range $0$ to $82$, so we take its residue $\pmod{83}$, which is $44$.<br><br>Therefore, $17^{-1}\equiv \boxed{44}\pmod{83}$.<br><br>We may check our answer: $17\cdot 44 = 748 = 9\cdot 83+1 \equiv 1\pmod{83}$, so our answer is correct.",1,432,1192,1624,1
"Emma plays with her square unit tiles by arranging all of them into different shaped rectangular figures. (For example, a $5$ by $7$ rectangle would use $35$ tiles and would be considered the same rectangle as a $7$ by $5$ rectangle). Emma can form exactly ten different such rectangular figures that each use all of her tiles. What is the least number of tiles Emma could have?","## Perspective 1: Python Code Solution<br><br>To solve the problem of finding the least number of tiles Emma could have, we need to determine the smallest integer \( n \) such that the number of distinct rectangular arrangements (factors) of \( n \) is exactly 10. <br><br>The number of distinct rectangular arrangements of \( n \) is given by the formula for the number of divisors \( d(n) \). If \( n \) can be expressed in terms of its prime factorization as:<br><br>\[<br>n = p_1^{e_1} \times p_2^{e_2} \times \ldots \times p_k^{e_k}<br>\]<br><br>then the number of divisors \( d(n) \) is given by:<br><br>\[<br>d(n) = (e_1 + 1)(e_2 + 1) \ldots (e_k + 1)<br>\]<br><br>To find \( n \) such that \( d(n) = 10 \), we can consider the possible factorizations of 10:<br><br>1. \( 10 = 10 \) (which corresponds to \( n = p_1^9 \))<br>2. \( 10 = 5 \times 2 \) (which corresponds to \( n = p_1^4 \times p_2^1 \))<br>3. \( 10 = 2 \times 5 \) (which corresponds to \( n = p_1^1 \times p_2^4 \))<br><br>We will implement a function to find the smallest \( n \) that satisfies these conditions.<br><br>Here is the Python code to find the least number of tiles:<br><br>```python<br>def solve():<br>    import math<br><br>    def count_divisors(n):<br>        count = 0<br>        for i in range(1, int(math.sqrt(n)) + 1):<br>            if n % i == 0:<br>                count += 1  # i is a divisor<br>                if i != n // i:<br>                    count += 1  # n // i is also a divisor<br>        return count<br><br>    # We will check numbers starting from 1 upwards<br>    n = 1<br>    while True:<br>        if count_divisors(n) == 10:<br>            return n<br>        n += 1<br><br># Call the solve function and print the result<br>result = solve()<br>print(result)<br>```<br><br>## Perspective 2: Mathematical Solution<br><br>### Problem Restatement<br>Emma can arrange her square unit tiles into different rectangular figures, and we need to find the least number of tiles she could have such that there are exactly 10 distinct rectangular arrangements.<br><br>### Mathematical Concepts<br>The number of distinct rectangular arrangements of \( n \) tiles corresponds to the number of divisors \( d(n) \) of \( n \). The formula for the number of divisors based on the prime factorization of \( n \) is:<br><br>\[<br>d(n) = (e_1 + 1)(e_2 + 1) \ldots (e_k + 1)<br>\]<br><br>where \( n = p_1^{e_1} \times p_2^{e_2} \times \ldots \times p_k^{e_k} \).<br><br>### Steps to Solution<br>1. **Identify Factorizations of 10**: We need to find \( n \) such that \( d(n) = 10 \). The factorizations of 10 are:<br>   - \( 10 = 10 \) (implying \( n = p_1^9 \))<br>   - \( 10 = 5 \times 2 \) (implying \( n = p_1^4 \times p_2^1 \))<br>   - \( 10 = 2 \times 5 \) (implying \( n = p_1^1 \times p_2^4 \))<br><br>2. **Calculate Possible Values of \( n \)**:<br>   - For \( n = p_1^9 \): The smallest prime is 2, so \( n = 2^9 = 512 \).<br>   - For \( n = p_1^4 \times p_2^1 \): Using the smallest primes 2 and 3, we get \( n = 2^4 \times 3^1 = 16 \times 3 = 48 \).<br>   - For \( n = p_1^1 \times p_2^4 \): Using the smallest primes 2 and 3, we get \( n = 2^1 \times 3^4 = 2 \times 81 = 162 \).<br><br>3. **Determine the Minimum**: The candidates for \( n \) are 512, 48, and 162. The smallest of these is 48.<br><br>### Final Answer<br>Thus, the least number of tiles Emma could have is:<br><br>\[<br>\boxed{48}<br>\]<br><br>### Significance of the Result<br>This result indicates that with 48 tiles, Emma can create exactly 10 distinct rectangular arrangements, showcasing the relationship between number theory and combinatorial arrangements.","Let $k$ be the number of tiles.  There are two cases: If $k$ has twenty divisors, then we can divide them into ten pairs, which gives us 10 ways to write $k$ as the product of two positive integers.  Alternatively, if $k$ has 19 divisors, then $k$ is a square.  So other than the square case, there are $(19 - 1)/2 = 9$ ways to write $k$ as the product of two positive integers, which gives us a total of $9 + 1 = 10$ ways.<br><br>If the prime factorization of $k$ is $p_1^{e_1} p_2^{e_2} \dotsm p_n^{e_n},$ then the number of divisors of $k$ is<br>\[(e_1 + 1)(e_2 + 1) \dotsm (e_n + 1).\]Note that $e_i \ge 1$ for each $i,$ so each factor $e_i + 1$ is at least 2.<br><br>If $k$ has 19 divisors, then $k$ must be of the form $p^{18},$ where $p$ is prime.  The smallest number of this form is $2^{18} = 262144.$<br><br>Otherwise, $k$ has 20 divisors.  We want to write 20 as the product of factors, each of which are least 2.  Here are all the ways:<br>\[20 = 2 \cdot 10 = 4 \cdot 5 = 2 \cdot 2 \cdot 5.\]Thus, we have the following cases:<br><br>(i). $k=p^{19}$ for some prime $p.$ The smallest such $k$ is attained when $p=2,$ which gives $k=2^{19}.$<br><br>(ii). $k=pq^9$ for distinct primes $p$ and $q.$ The smallest such $k$ is attained when $p = 3$ and $q = 2$ which gives $k=2^9\cdot3.$<br><br>(iii). $k=p^3 q^4$ for distinct primes $p$ and $q.$ The smallest such $k$ is attained when $p = 3$ and $q = 2,$ which gives $k=2^4\cdot3^3=432.$<br><br>(iv). $k=pqr^4$ for distinct primes $p,$ $q,$ and $r.$ The smallest such $k$ is attained when $p = 3,$ $q = 5,$ and $r = 2,$ which gives $k=2^4\cdot3\cdot5=240.$<br><br>Therefore, the least number of tiles Emma could have is $\boxed{240}$ tiles.",0,465,1062,1527,1
"There are two cameras that take pictures of a traffic intersection. Camera A starts taking pictures at $6$ AM and takes a picture every $11$ minutes. Camera B starts taking pictures at $7$ AM and takes pictures every $7$ minutes. Camera A and Camera B take a picture at the same time at four different times before noon. When Camera A and Camera B take their last picture together, how many minutes before noon is it?","## Perspective 1: Python Code Solution<br><br>To solve the problem using Python, we need to determine the times at which both cameras take pictures and find the last time they take a picture together before noon. <br><br>Here's the complete code:<br><br>```python<br>def solve():<br>    # Define the time intervals and start times<br>    camera_a_start = 6 * 60  # 6 AM in minutes<br>    camera_b_start = 7 * 60  # 7 AM in minutes<br>    camera_a_interval = 11     # Camera A takes a picture every 11 minutes<br>    camera_b_interval = 7      # Camera B takes a picture every 7 minutes<br>    noon = 12 * 60            # Noon in minutes<br><br>    # Generate the times for Camera A<br>    camera_a_times = set()<br>    for time in range(camera_a_start, noon, camera_a_interval):<br>        camera_a_times.add(time)<br><br>    # Generate the times for Camera B<br>    camera_b_times = set()<br>    for time in range(camera_b_start, noon, camera_b_interval):<br>        camera_b_times.add(time)<br><br>    # Find the common times when both cameras take pictures<br>    common_times = camera_a_times.intersection(camera_b_times)<br><br>    # Find the last common time before noon<br>    last_common_time = max(common_times)<br><br>    # Calculate how many minutes before noon this is<br>    minutes_before_noon = noon - last_common_time<br><br>    return minutes_before_noon<br><br># Call the solve function and print the result<br>result = solve()<br>print(result)<br>```<br><br>### Explanation of the Code:<br>1. We define the start times for both cameras in minutes since midnight.<br>2. We create sets to store the times at which each camera takes pictures.<br>3. We loop through the time intervals for each camera, adding the times to their respective sets.<br>4. We find the intersection of the two sets to get the common times when both cameras take pictures.<br>5. We determine the last common time and calculate how many minutes before noon that time occurs.<br>6. Finally, we return the result.<br><br>## Perspective 2: Mathematical Solution<br><br>### Problem Restatement<br>We need to find the last time before noon that two cameras, A and B, take pictures together at a traffic intersection. Camera A starts at 6 AM and takes pictures every 11 minutes, while Camera B starts at 7 AM and takes pictures every 7 minutes.<br><br>### Mathematical Concepts<br>This problem involves concepts of modular arithmetic and the least common multiple (LCM). We will find the times at which both cameras take pictures and identify the last common time before noon.<br><br>### Step-by-Step Solution<br><br>1. **Convert Start Times to Minutes:**<br>   - Camera A starts at 6 AM: <br>     \[<br>     \text{Camera A start time} = 6 \times 60 = 360 \text{ minutes}<br>     \]<br>   - Camera B starts at 7 AM: <br>     \[<br>     \text{Camera B start time} = 7 \times 60 = 420 \text{ minutes}<br>     \]<br>   - Noon is at:<br>     \[<br>     \text{Noon} = 12 \times 60 = 720 \text{ minutes}<br>     \]<br><br>2. **Determine the Times for Each Camera:**<br>   - Camera A takes pictures at:<br>     \[<br>     360, 371, 382, \ldots \text{ (every 11 minutes)}<br>     \]<br>   - Camera B takes pictures at:<br>     \[<br>     420, 427, 434, \ldots \text{ (every 7 minutes)}<br>     \]<br><br>3. **Find Common Times:**<br>   - We need to find the times \( t \) such that:<br>     \[<br>     t \equiv 360 \mod 11 \quad \text{(for Camera A)}<br>     \]<br>     \[<br>     t \equiv 420 \mod 7 \quad \text{(for Camera B)}<br>     \]<br><br>4. **Calculate the Common Times:**<br>   - The first few times for Camera A can be calculated as:<br>     \[<br>     360, 371, 382, 393, 404, 415, 426, 437, 448, 459, 470, 481, 492, 503, 514, 525, 536, 547, 558, 569, 580, 591, 602, 613, 624, 635, 646, 657, 668, 679, 690, 701, 712<br>     \]<br>   - The first few times for Camera B can be calculated as:<br>     \[<br>     420, 427, 434, 441, 448, 455, 462, 469, 476, 483, 490, 497, 504, 511, 518, 525, 532, 539, 546, 553, 560, 567, 574, 581, 588, 595, 602, 609, 616, 623, 630, 637, 644, 651, 658, 665, 672, 679, 686, 693, 700, 707, 714<br>     \]<br><br>5. **Identify Common Times:**<br>   - The common times before noon are:<br>     \[<br>     448, 459, 470, 481, 492, 503, 514, 525, 536, 547, 558, 569, 580, 591, 602, 613, 624, 635, 646, 657, 668, 679, 690, 701, 712<br>     \]<br>   - The last common time before noon is \( 712 \) minutes.<br><br>6. **Calculate Minutes Before Noon:**<br>   - The time before noon is:<br>     \[<br>     720 - 712 = 8 \text{ minutes}<br>     \]<br><br>### Final Answer<br>The last time both cameras take a picture together before noon is:<br>\[<br>\boxed{8}<br>\]<br><br>### Significance of the Result<br>This result indicates the synchronization of the two cameras at the intersection, which can be crucial for traffic monitoring and analysis. Understanding the timing of such events can help in optimizing traffic flow and improving safety measures at intersections.","If Camera A and Camera B take a picture at the same time, they will take a picture $77$ minutes later at the same time. Therefore, if we can find the first time they take a picture together, then we can continue adding $77$ minutes to figure out when the fourth picture was taken. Camera A's first pictures after $7$ AM is at $7:06$, followed by $7:17$ and $7:28$. Camera B will take a picture at $7:28$. From here, we add $77$ minutes until we have taken four pictures. $7:28$ is followed by $8:45$, which is followed by $10:02$, which is followed by $11:19$. This is $\boxed{41}$ minutes before noon.",0,472,1333,1805,1
What is the largest negative integer $x$ satisfying $$24x \equiv 15 \pmod{1199}~?$$,"## Perspective 1: Python Code Solution<br><br>To solve the problem of finding the largest negative integer \( x \) that satisfies the congruence \( 24x \equiv 15 \pmod{1199} \), we can follow these steps in Python:<br><br>1. Rearrange the congruence to find \( x \).<br>2. Use the Extended Euclidean Algorithm to find the multiplicative inverse of \( 24 \) modulo \( 1199 \).<br>3. Multiply the inverse by \( 15 \) to find \( x \).<br>4. Adjust \( x \) to ensure it is the largest negative integer.<br><br>Here is the complete Python code to achieve this:<br><br>```python<br>def extended_gcd(a, b):<br>    """"""Return gcd of a and b, and coefficients x, y such that ax + by = gcd(a, b)""""""<br>    if a == 0:<br>        return b, 0, 1<br>    gcd, x1, y1 = extended_gcd(b % a, a)<br>    x = y1 - (b // a) * x1<br>    y = x1<br>    return gcd, x, y<br><br>def mod_inverse(a, m):<br>    """"""Return the modular inverse of a under modulo m, if it exists""""""<br>    gcd, x, _ = extended_gcd(a, m)<br>    if gcd != 1:<br>        raise ValueError(""Inverse does not exist"")<br>    return x % m<br><br>def solve():<br>    # Given values<br>    a = 24<br>    b = 15<br>    m = 1199<br>    <br>    # Find the modular inverse of 24 modulo 1199<br>    inv_a = mod_inverse(a, m)<br>    <br>    # Calculate x<br>    x = (inv_a * b) % m<br>    <br>    # We want the largest negative integer, so we adjust x<br>    if x > 0:<br>        x -= m<br>    <br>    return x<br><br># Call the solve function and print the result<br>result = solve()<br>print(result)<br>```<br><br>### Explanation of the Code:<br>- The `extended_gcd` function computes the greatest common divisor (gcd) of two numbers and also finds coefficients that satisfy Bézout's identity.<br>- The `mod_inverse` function uses the Extended Euclidean Algorithm to find the modular inverse of \( a \) modulo \( m \).<br>- The `solve` function implements the steps to find \( x \) and adjusts it to ensure it is the largest negative integer.<br><br>## Perspective 2: Mathematical Solution<br><br>### Problem Restatement<br>We need to find the largest negative integer \( x \) such that:<br>\[<br>24x \equiv 15 \pmod{1199}<br>\]<br><br>### Mathematical Concepts<br>1. **Congruences**: A congruence \( a \equiv b \pmod{m} \) means that \( a - b \) is divisible by \( m \).<br>2. **Modular Inverse**: The modular inverse of \( a \) modulo \( m \) is an integer \( b \) such that \( ab \equiv 1 \pmod{m} \).<br>3. **Extended Euclidean Algorithm**: This algorithm finds the gcd of two integers and can also be used to find the coefficients of Bézout's identity.<br><br>### Steps to Solve the Problem<br>1. **Rearranging the Congruence**:<br>   We can rewrite the congruence as:<br>   \[<br>   24x - 15 = 1199k \quad \text{for some integer } k<br>   \]<br>   This implies:<br>   \[<br>   24x = 15 + 1199k<br>   \]<br><br>2. **Finding the Modular Inverse**:<br>   We need to find the inverse of \( 24 \) modulo \( 1199 \). We apply the Extended Euclidean Algorithm:<br>   \[<br>   1199 = 49 \times 24 + 23 \\<br>   24 = 1 \times 23 + 1 \\<br>   23 = 23 \times 1 + 0<br>   \]<br>   Back substituting gives:<br>   \[<br>   1 = 24 - 1 \times (1199 - 49 \times 24) \\<br>   1 = 50 \times 24 - 1 \times 1199<br>   \]<br>   Thus, the modular inverse of \( 24 \) modulo \( 1199 \) is \( 50 \).<br><br>3. **Calculating \( x \)**:<br>   Now we can find \( x \):<br>   \[<br>   x \equiv 50 \times 15 \pmod{1199}<br>   \]<br>   Calculating \( 50 \times 15 = 750 \):<br>   \[<br>   x \equiv 750 \pmod{1199}<br>   \]<br><br>4. **Finding the Largest Negative Integer**:<br>   The largest negative integer \( x \) can be found by subtracting \( 1199 \) from \( 750 \):<br>   \[<br>   x = 750 - 1199 = -449<br>   \]<br><br>### Final Answer<br>The largest negative integer \( x \) satisfying the original congruence is:<br>\[<br>\boxed{-449}<br>\]<br><br>### Significance of the Result<br>This result shows how modular arithmetic can be used to solve linear congruences, which is a fundamental concept in number theory with applications in cryptography, computer science, and more.","To start, notice that $24\cdot 50 = 1200\equiv 1\pmod{1199}$ (in other words, $24$ and $50$ are inverses modulo $1199$).<br><br>To solve the congruence $24x\equiv 15\pmod{1199}$, we multiply both sides by $50$ and simplify: \begin{align*}<br>50\cdot 24x &\equiv 50\cdot 15 \pmod{1199} \\<br>x &\equiv 750 \pmod{1199}<br>\end{align*}This process can also be reversed (by multiplying both sides by $50^{-1}=24$), so the solutions to the original congruence are precisely the same as the solutions to $x\equiv 750\pmod{1199}$. The largest negative solution is $750-1199 = \boxed{-449}$.",1,410,1137,1547,1
"How many fractions in the form $\frac{n}{99}$, with $0<n<99$, are in lowest terms?","## Perspective 1: Python Code Solution<br><br>To solve the problem of counting how many fractions of the form \(\frac{n}{99}\) (where \(0 < n < 99\)) are in lowest terms, we need to determine how many integers \(n\) are coprime to 99. Two numbers are coprime if their greatest common divisor (gcd) is 1.<br><br>We can use the Euler's Totient Function \(\phi(n)\) to find the count of integers up to \(n\) that are coprime to \(n\). The formula for \(\phi(n)\) when \(n\) has the prime factorization \(p_1^{k_1} \cdot p_2^{k_2} \cdots p_m^{k_m}\) is given by:<br><br>\[<br>\phi(n) = n \left(1 - \frac{1}{p_1}\right) \left(1 - \frac{1}{p_2}\right) \cdots \left(1 - \frac{1}{p_m}\right)<br>\]<br><br>For \(n = 99\), we first find its prime factorization:<br><br>\[<br>99 = 3^2 \cdot 11^1<br>\]<br><br>Now, we can implement this in Python:<br><br>```python<br>def solve():<br>    # Given n<br>    n = 99<br>    <br>    # Prime factors of 99 are 3 and 11<br>    prime_factors = [3, 11]<br>    <br>    # Calculate Euler's Totient Function φ(n)<br>    phi_n = n<br>    for p in prime_factors:<br>        phi_n *= (1 - 1/p)<br>    <br>    # Since we want the count of fractions n/99 where 0 < n < 99<br>    # φ(99) gives us exactly that count<br>    return int(phi_n)<br><br># Call the solve function and print the result<br>result = solve()<br>print(result)<br>```<br><br>This code defines a function `solve` that calculates the number of fractions in lowest terms and returns the result.<br><br>## Perspective 2: Mathematical Solution<br><br>### Problem Restatement<br>We need to find how many fractions of the form \(\frac{n}{99}\) (where \(0 < n < 99\)) are in lowest terms. A fraction is in lowest terms if the numerator and denominator are coprime, meaning their greatest common divisor (gcd) is 1.<br><br>### Mathematical Concepts<br>To determine how many integers \(n\) are coprime to 99, we can use the Euler's Totient Function \(\phi(n)\). This function counts the number of integers up to \(n\) that are coprime to \(n\).<br><br>### Steps to Solution<br>1. **Find the Prime Factorization of 99**:<br>   \[<br>   99 = 3^2 \cdot 11^1<br>   \]<br>   The prime factors of 99 are 3 and 11.<br><br>2. **Apply the Euler's Totient Function**:<br>   The formula for \(\phi(n)\) is:<br>   \[<br>   \phi(n) = n \left(1 - \frac{1}{p_1}\right) \left(1 - \frac{1}{p_2}\right) \cdots \left(1 - \frac{1}{p_m}\right)<br>   \]<br>   For \(n = 99\):<br>   \[<br>   \phi(99) = 99 \left(1 - \frac{1}{3}\right) \left(1 - \frac{1}{11}\right)<br>   \]<br><br>3. **Calculate Each Term**:<br>   - First term: \(1 - \frac{1}{3} = \frac{2}{3}\)<br>   - Second term: \(1 - \frac{1}{11} = \frac{10}{11}\)<br><br>4. **Combine the Terms**:<br>   \[<br>   \phi(99) = 99 \cdot \frac{2}{3} \cdot \frac{10}{11}<br>   \]<br><br>5. **Perform the Calculation**:<br>   \[<br>   \phi(99) = 99 \cdot \frac{20}{33} = 60<br>   \]<br><br>### Final Answer<br>The number of fractions \(\frac{n}{99}\) that are in lowest terms is:<br>\[<br>\boxed{60}<br>\]<br><br>### Significance of the Result<br>This result indicates that there are 60 integers \(n\) in the range \(1\) to \(98\) that can form a fraction with 99 that is in its simplest form. This is a useful concept in number theory and has applications in various fields, including cryptography and combinatorics.","The prime factorization of 99 is $3^2\cdot11$. So for $\frac{n}{99}$ to be in lowest terms, $n$ cannot be divisible by 3 or 11. The possible values of $n$ are from 1 to 98, inclusive, so there are 98 possible values for $n$. We can find the number of multiples of 3 and multiples of 11 and subtract from 98 to get the number of values that aren't divisible by 3 or 11. For multiples of 3, we go from 3 to 96, or $3\cdot1$ to $3\cdot32$, so there are 32 multiples of 3 from 1 to 98, inclusive. For multiples of 11, we go from 11 to 88, so there are 8 multiples of 11 from 1 to 98, inclusive. We have to make sure we don't double-count the numbers that are multiples of both 3 and 11: 33 and 66. So there are $32+8-2=38$ values of $n$ that are divisible by 3 or 11. That means there are $98-38=\boxed{60}$ values of $n$ for which $\frac{n}{99}$ is in lowest terms.",1,408,1005,1413,1
"Find $24^{-1} \pmod{11^2}$. That is, find the residue $b$ for which $24b \equiv 1\pmod{11^2}$.<br><br>Express your answer as an integer from $0$ to $11^2-1$, inclusive.","## Perspective 1: Python Code Solution<br><br>To solve the problem of finding the modular inverse of \( 24 \) modulo \( 11^2 \), we can use the Extended Euclidean Algorithm. The modular inverse \( b \) is defined such that:<br><br>\[<br>24b \equiv 1 \pmod{121}<br>\]<br><br>Where \( 121 = 11^2 \). The Extended Euclidean Algorithm will help us find integers \( x \) and \( y \) such that:<br><br>\[<br>24x + 121y = \gcd(24, 121)<br>\]<br><br>If \( \gcd(24, 121) = 1 \), then \( x \) will be the modular inverse we are looking for.<br><br>Here is the Python code that implements this:<br><br>```python<br>def extended_gcd(a, b):<br>    """"""Return gcd of a and b, and coefficients x, y such that ax + by = gcd(a, b)""""""<br>    if a == 0:<br>        return b, 0, 1<br>    gcd, x1, y1 = extended_gcd(b % a, a)<br>    x = y1 - (b // a) * x1<br>    y = x1<br>    return gcd, x, y<br><br>def solve():<br>    a = 24<br>    m = 121  # 11^2<br>    gcd, x, _ = extended_gcd(a, m)<br>    <br>    if gcd != 1:<br>        raise ValueError(""Inverse does not exist"")<br>    <br>    # x is the modular inverse, but it might be negative<br>    inverse = x % m<br>    return inverse<br><br># Call the solve function and print the result<br>result = solve()<br>print(result)<br>```<br><br>This code defines a function `extended_gcd` to compute the GCD and the coefficients, and the `solve` function to find the modular inverse. The result is printed at the end.<br><br>## Perspective 2: Mathematical Solution<br><br>### Problem Restatement<br>We need to find the modular inverse of \( 24 \) modulo \( 121 \) (where \( 121 = 11^2 \)). Specifically, we are looking for an integer \( b \) such that:<br><br>\[<br>24b \equiv 1 \pmod{121}<br>\]<br><br>### Mathematical Concepts<br>The modular inverse exists if and only if \( 24 \) and \( 121 \) are coprime, i.e., \( \gcd(24, 121) = 1 \). We can find the modular inverse using the Extended Euclidean Algorithm, which provides a way to express the GCD of two numbers as a linear combination of those numbers.<br><br>### Steps to Solution<br>1. **Calculate the GCD**: We will use the Extended Euclidean Algorithm to find \( \gcd(24, 121) \) and coefficients \( x \) and \( y \) such that:<br><br>   \[<br>   24x + 121y = \gcd(24, 121)<br>   \]<br><br>2. **Apply the Extended Euclidean Algorithm**:<br>   - Start with \( a = 121 \) and \( b = 24 \).<br>   - Perform the division:<br>     \[<br>     121 = 5 \times 24 + 1<br>     \]<br>     This gives us:<br>     \[<br>     1 = 121 - 5 \times 24<br>     \]<br>   - Thus, we have found \( x = -5 \) and \( y = 1 \).<br><br>3. **Find the Modular Inverse**:<br>   - Since \( 1 = 121 - 5 \times 24 \), we can rearrange this to find \( 24(-5) \equiv 1 \pmod{121} \).<br>   - The modular inverse \( b \) is \( -5 \). To express this as a positive integer in the range \( [0, 120] \), we compute:<br>     \[<br>     b \equiv -5 \pmod{121} \equiv 116 \pmod{121}<br>     \]<br><br>### Final Answer<br>Thus, the modular inverse of \( 24 \) modulo \( 121 \) is:<br><br>\[<br>\boxed{116}<br>\]<br><br>### Significance of the Result<br>Finding the modular inverse is crucial in various applications, including cryptography, where it is used in algorithms such as RSA. The result indicates that multiplying \( 24 \) by \( 116 \) will yield a result congruent to \( 1 \) modulo \( 121 \), confirming that \( 116 \) is indeed the modular inverse.","Since $5 \times 24 = 120 = 121 - 1$, it follows that $-5 \times 24 \equiv 1 \pmod{121}$. Adding 121 to $-5$ to make it positive, we find $(-5 + 121) \times 24 \equiv 116 \times 24 \equiv 1 \pmod{121}$, so it follows that the modular inverse of $24$ is $\boxed{116}$ when taken modulo $121$.",1,445,964,1409,1
What is the sum of all integer values of $x$ such that $\frac{67}{2x - 23}$ is an integer?,"## Perspective 1: Python Code Solution<br><br>To solve the problem, we need to find all integer values of \( x \) such that the expression \( \frac{67}{2x - 23} \) is an integer. This means that \( 2x - 23 \) must be a divisor of 67. <br><br>The divisors of 67 are \( \pm 1 \) and \( \pm 67 \) since 67 is a prime number. We will calculate the corresponding values of \( x \) for each divisor and then sum those values.<br><br>Here is the Python code that implements this logic:<br><br>```python<br>def solve():<br>    # The divisors of 67<br>    divisors = [1, -1, 67, -67]<br>    <br>    # Initialize a set to store unique integer values of x<br>    x_values = set()<br>    <br>    # Calculate x for each divisor<br>    for d in divisors:<br>        # 2x - 23 = d  =>  2x = d + 23  =>  x = (d + 23) / 2<br>        x = (d + 23) / 2<br>        # Check if x is an integer<br>        if x.is_integer():<br>            x_values.add(int(x))  # Add the integer value of x to the set<br>    <br>    # Calculate the sum of all unique integer values of x<br>    result = sum(x_values)<br>    <br>    return result<br><br># Call the solve function and print the result<br>print(solve())<br>```<br><br>## Perspective 2: Mathematical Solution<br><br>### Problem Restatement<br>We need to find the sum of all integer values of \( x \) such that \( \frac{67}{2x - 23} \) is an integer.<br><br>### Mathematical Concepts<br>For \( \frac{67}{2x - 23} \) to be an integer, the denominator \( 2x - 23 \) must be a divisor of 67. The divisors of a number are the integers that can divide that number without leaving a remainder.<br><br>### Step-by-Step Solution<br>1. **Identify the Divisors of 67**: <br>   Since 67 is a prime number, its only divisors are \( 1, -1, 67, \) and \( -67 \).<br><br>2. **Set Up the Equation**:<br>   We need to solve the equation:<br>   \[<br>   2x - 23 = d<br>   \]<br>   for each divisor \( d \).<br><br>3. **Solve for \( x \)**:<br>   Rearranging the equation gives:<br>   \[<br>   2x = d + 23 \quad \Rightarrow \quad x = \frac{d + 23}{2}<br>   \]<br><br>4. **Calculate \( x \) for Each Divisor**:<br>   - For \( d = 1 \):<br>     \[<br>     x = \frac{1 + 23}{2} = \frac{24}{2} = 12<br>     \]<br>   - For \( d = -1 \):<br>     \[<br>     x = \frac{-1 + 23}{2} = \frac{22}{2} = 11<br>     \]<br>   - For \( d = 67 \):<br>     \[<br>     x = \frac{67 + 23}{2} = \frac{90}{2} = 45<br>     \]<br>   - For \( d = -67 \):<br>     \[<br>     x = \frac{-67 + 23}{2} = \frac{-44}{2} = -22<br>     \]<br><br>5. **List the Integer Values of \( x \)**:<br>   The integer values of \( x \) are \( 12, 11, 45, \) and \( -22 \).<br><br>6. **Calculate the Sum**:<br>   \[<br>   \text{Sum} = 12 + 11 + 45 - 22 = 46<br>   \]<br><br>### Final Answer<br>The sum of all integer values of \( x \) such that \( \frac{67}{2x - 23} \) is an integer is:<br>\[<br>\boxed{46}<br>\]<br><br>### Significance of the Result<br>This result shows how the properties of divisors and integer solutions can be applied to find specific values that satisfy a rational expression. It highlights the connection between number theory and algebraic manipulation.","Checking the primes less than $\sqrt{67}$, namely 2, 3, 5, and 7, as potential divisors, we find that 67 is prime. Thus, $\frac{67}{2x-23}$ is an integer if and only if $2x-23=\pm1$ or $2x-23=\pm67$. The first equation yields $x=12$ or $x=11$ and the second gives $x=45$ or $x=-22$. The sum is $12+11+45-22=\boxed{46}$.",1,411,919,1330,1
"Suppose $(b_a)^2=71_a$, where $a$ and $b$ represent two distinct digits. If $b=a-1$, find $a$.","## Perspective 1: Python Code Solution<br><br>To solve the problem, we need to find the digit \( a \) such that \( (b_a)^2 = 71_a \), where \( b = a - 1 \). The subscript \( a \) indicates that the numbers are in base \( a \).<br><br>### Steps to Solve:<br>1. Convert \( 71_a \) from base \( a \) to decimal.<br>2. Express \( b_a \) in decimal.<br>3. Set up the equation \( (b_a)^2 = 71_a \) and solve for \( a \).<br><br>Here's the Python code that implements this logic:<br><br>```python<br>def solve():<br>    # Iterate over possible values of a (from 2 to 9, since they are digits)<br>    for a in range(2, 10):<br>        b = a - 1  # b is one less than a<br>        <br>        # Convert 71_a to decimal<br>        # 71_a = 7 * a^1 + 1 * a^0<br>        value_71_a = 7 * a + 1<br>        <br>        # Convert b_a to decimal<br>        # b_a = b<br>        value_b_a = b<br>        <br>        # Check if (b_a)^2 equals 71_a<br>        if value_b_a ** 2 == value_71_a:<br>            return a  # Return the found value of a<br><br># Call the solve function and print the result<br>result = solve()<br>print(result)<br>```<br><br>### Explanation of the Code:<br>- We loop through possible values of \( a \) from 2 to 9 (since they are single digits).<br>- For each \( a \), we calculate \( b \) as \( a - 1 \).<br>- We convert \( 71_a \) to its decimal equivalent using the formula \( 7 \cdot a + 1 \).<br>- We check if the square of \( b \) equals the decimal value of \( 71_a \).<br>- If the condition is satisfied, we return \( a \).<br><br>## Perspective 2: Mathematical Solution<br><br>### Problem Restatement<br>We need to find the digit \( a \) such that \( (b_a)^2 = 71_a \), where \( b = a - 1 \).<br><br>### Mathematical Concepts<br>1. **Base Conversion**: The notation \( x_a \) represents the number \( x \) in base \( a \). To convert from base \( a \) to decimal, we use the formula:<br>   \[<br>   x_a = d_n \cdot a^n + d_{n-1} \cdot a^{n-1} + \ldots + d_1 \cdot a^1 + d_0 \cdot a^0<br>   \]<br>   where \( d_i \) are the digits of the number.<br><br>2. **Squaring a Number**: The square of a number \( b \) is simply \( b \cdot b \).<br><br>### Steps to Solve<br>1. **Convert \( 71_a \) to Decimal**:<br>   \[<br>   71_a = 7 \cdot a^1 + 1 \cdot a^0 = 7a + 1<br>   \]<br><br>2. **Express \( b_a \) in Decimal**:<br>   Since \( b = a - 1 \), we have:<br>   \[<br>   b_a = b = a - 1<br>   \]<br><br>3. **Set Up the Equation**:<br>   We need to solve the equation:<br>   \[<br>   (b_a)^2 = 71_a<br>   \]<br>   Substituting the expressions we derived:<br>   \[<br>   (a - 1)^2 = 7a + 1<br>   \]<br><br>4. **Expand and Rearrange**:<br>   Expanding the left side:<br>   \[<br>   a^2 - 2a + 1 = 7a + 1<br>   \]<br>   Rearranging gives:<br>   \[<br>   a^2 - 2a + 1 - 7a - 1 = 0<br>   \]<br>   Simplifying:<br>   \[<br>   a^2 - 9a = 0<br>   \]<br><br>5. **Factor the Quadratic**:<br>   Factoring out \( a \):<br>   \[<br>   a(a - 9) = 0<br>   \]<br>   This gives us two solutions: \( a = 0 \) or \( a = 9 \).<br><br>6. **Determine Valid Digits**:<br>   Since \( a \) must be a digit (0-9), we discard \( a = 0 \) as it does not satisfy the condition of being a digit in base \( a \). Thus, we have:<br>   \[<br>   a = 9<br>   \]<br><br>### Final Answer<br>The value of \( a \) is:<br>\[<br>\boxed{9}<br>\]<br><br>### Significance of the Result<br>This result indicates that in base 9, the relationship \( (8_9)^2 = 71_9 \) holds true, confirming the correctness of our calculations and the properties of number bases.","We begin by replacing $b$ with $a-1$, and expressing both sides in base 10: \begin{align*} (a-1)^2\cdot a^0&=7\cdot a^1+1\cdot a^0<br>\\\Rightarrow\qquad a^2-2a+1&=7a+1<br>\\\Rightarrow\qquad a^2-9a&=0<br>\\\Rightarrow\qquad a(a-9)&=0<br>\end{align*}Thus, $a$ is either 0 or 9. However, since we can't have a base equal to 0, we see that $a$ must be $\boxed{9}$.",1,417,1075,1492,1
"How many integers $m$ are there such that $0<m<100$ and $\gcd(m,100)$ is a single-digit number?","## Perspective 1: Python Code Solution<br><br>To solve the problem of finding how many integers \( m \) exist such that \( 0 < m < 100 \) and \( \gcd(m, 100) \) is a single-digit number, we can follow these steps in our Python code:<br><br>1. Define the range of integers from 1 to 99.<br>2. Calculate the greatest common divisor (gcd) of each integer \( m \) with 100.<br>3. Check if the gcd is a single-digit number (i.e., between 1 and 9).<br>4. Count how many such integers exist.<br><br>Here is the complete Python code to achieve this:<br><br>```python<br>import math<br><br>def solve():<br>    count = 0<br>    for m in range(1, 100):  # m ranges from 1 to 99<br>        gcd_value = math.gcd(m, 100)  # Calculate gcd of m and 100<br>        if 1 <= gcd_value < 10:  # Check if gcd is a single-digit number<br>            count += 1  # Increment count if condition is met<br>    return count  # Return the final count<br><br># Call the solve function and print the result<br>result = solve()<br>print(result)<br>```<br><br>This code efficiently counts the integers \( m \) that satisfy the given conditions and outputs the result.<br><br>## Perspective 2: Mathematical Solution<br><br>### Problem Restatement<br>We need to find the number of integers \( m \) such that \( 0 < m < 100 \) and \( \gcd(m, 100) \) is a single-digit number.<br><br>### Mathematical Concepts<br>1. **Greatest Common Divisor (gcd)**: The gcd of two integers is the largest positive integer that divides both numbers without leaving a remainder.<br>2. **Single-Digit Numbers**: The single-digit numbers are the integers from 1 to 9.<br><br>### Step-by-Step Solution<br>1. **Identify the divisors of 100**: <br>   The prime factorization of 100 is:<br>   \[<br>   100 = 2^2 \times 5^2<br>   \]<br>   The divisors of 100 can be calculated as follows:<br>   - The divisors are \( 1, 2, 4, 5, 10, 20, 25, 50, 100 \).<br><br>2. **Filter the divisors**: <br>   We are interested in the divisors that are single-digit numbers. The single-digit divisors of 100 are:<br>   \[<br>   1, 2, 4, 5<br>   \]<br><br>3. **Count integers \( m \)**:<br>   For each single-digit divisor \( d \) of 100, we need to count how many integers \( m \) satisfy \( \gcd(m, 100) = d \). This can be done using the property that if \( \gcd(m, n) = d \), then \( m \) can be expressed as:<br>   \[<br>   m = d \cdot k<br>   \]<br>   where \( k \) is an integer such that \( \gcd(k, \frac{n}{d}) = 1 \).<br><br>4. **Calculate for each divisor**:<br>   - For \( d = 1 \): \( m = 1 \cdot k \) where \( k \) can be any integer from 1 to 99. There are 99 such integers.<br>   - For \( d = 2 \): \( m = 2 \cdot k \) where \( k \) can be any integer from 1 to 49 (since \( 2 \cdot 50 = 100 \)). There are 49 such integers.<br>   - For \( d = 4 \): \( m = 4 \cdot k \) where \( k \) can be any integer from 1 to 24 (since \( 4 \cdot 25 = 100 \)). There are 24 such integers.<br>   - For \( d = 5 \): \( m = 5 \cdot k \) where \( k \) can be any integer from 1 to 19 (since \( 5 \cdot 20 = 100 \)). There are 19 such integers.<br><br>5. **Total Count**:<br>   Now we sum the counts:<br>   \[<br>   99 + 49 + 24 + 19 = 191<br>   \]<br><br>### Final Answer<br>The total number of integers \( m \) such that \( 0 < m < 100 \) and \( \gcd(m, 100) \) is a single-digit number is:<br>\[<br>\boxed{191}<br>\]<br><br>### Significance of the Result<br>This result shows how many integers within a specific range share a common divisor with 100 that is also a single-digit number, illustrating the relationship between numbers and their divisors.","If $m$ is any integer, then $\gcd(m,100)$ is one of the positive divisors of $100$: $$1, 2, 4, 5, 10, 20, 25, 50, 100.$$We note that the numbers on this list with more than one digit are all multiples of $10$, with the exception of $25$. Thus, $m$ has a single-digit $\gcd$ with $100$ if and only if $m$ is not a multiple of either $10$ or $25$. Thus, we just need to count integers $m$ between $0$ and $100$ which are not multiples of $10$ or of $25$.<br><br>There are $99$ integers $m$ such that $0<m<100$. These include nine multiples of $10$ ($10,20,30,\ldots,80,90$) and two more multiples of $25$ ($25$ and $75$; we don't count $50$ because we already counted it). So, that leaves $99-9-2=\boxed{88}$ integers whose greatest common divisor with $100$ has a single digit.",0,412,1031,1443,1
"Let $n$ be the smallest positive integer such that $mn$ is a perfect $k$th power of an integer for some $k \ge 2$, where $m=2^{1980} \cdot 3^{384} \cdot 5^{1694} \cdot 7^{343}$. What is $n+k$?","To solve the problem, we will approach it from both a Python coding perspective and a mathematical perspective.<br><br>## Perspective 1: Python Code Solution<br><br>We need to find the smallest positive integer \( n \) such that \( mn \) is a perfect \( k \)th power for some \( k \geq 2 \). The integer \( m \) is given as:<br><br>\[<br>m = 2^{1980} \cdot 3^{384} \cdot 5^{1694} \cdot 7^{343}<br>\]<br><br>To determine \( n \), we need to analyze the prime factorization of \( m \) and ensure that all the exponents in \( mn \) are multiples of \( k \). The smallest \( n \) will be determined by the largest exponent among the prime factors of \( m \).<br><br>Here is the Python code that implements this logic:<br><br>```python<br>def solve():<br>    # Given prime factorization of m<br>    m_factors = {<br>        2: 1980,<br>        3: 384,<br>        5: 1694,<br>        7: 343<br>    }<br>    <br>    # We need to find the smallest n such that mn is a perfect k-th power<br>    # This means we need to make all exponents in m + n multiples of k for some k >= 2<br>    <br>    # To find n, we will find the maximum exponent in m<br>    max_exponent = max(m_factors.values())<br>    <br>    # We need to find the smallest k such that max_exponent is a multiple of k<br>    # The smallest n will be the difference needed to make each exponent a multiple of k<br>    # We will check for k from 2 to max_exponent<br>    n = 0<br>    k = 0<br>    <br>    for k in range(2, max_exponent + 1):<br>        # Calculate the required n for this k<br>        current_n = 0<br>        for exponent in m_factors.values():<br>            remainder = exponent % k<br>            if remainder != 0:<br>                current_n += (k - remainder)  # We need to add this to make it a multiple of k<br>        <br>        # If we found a valid n, we can break<br>        if current_n > 0:<br>            n = current_n<br>            break<br>    <br>    # Return n + k<br>    return n + k<br><br># Call the solve function and print the result<br>result = solve()<br>print(result)<br>```<br><br>## Perspective 2: Mathematical Solution<br><br>### Problem Restatement<br>We need to find the smallest positive integer \( n \) such that \( mn \) is a perfect \( k \)th power for some \( k \geq 2 \), where \( m = 2^{1980} \cdot 3^{384} \cdot 5^{1694} \cdot 7^{343} \).<br><br>### Mathematical Concepts<br>A number is a perfect \( k \)th power if all the exponents in its prime factorization are multiples of \( k \). Therefore, we need to adjust the exponents of \( m \) by adding \( n \) such that all resulting exponents become multiples of \( k \).<br><br>### Steps to Solution<br>1. **Identify the Exponents**: The exponents of \( m \) are:<br>   - For \( 2 \): \( 1980 \)<br>   - For \( 3 \): \( 384 \)<br>   - For \( 5 \): \( 1694 \)<br>   - For \( 7 \): \( 343 \)<br><br>2. **Find the Maximum Exponent**: The maximum exponent among these is:<br>   \[<br>   \max(1980, 384, 1694, 343) = 1980<br>   \]<br><br>3. **Determine \( n \)**: We need to find the smallest \( n \) such that \( (1980 + n) \), \( (384 + n) \), \( (1694 + n) \), and \( (343 + n) \) are all multiples of \( k \) for some \( k \geq 2 \).<br><br>4. **Check for Each \( k \)**: We will check for \( k \) from \( 2 \) to \( 1980 \):<br>   - For each \( k \), calculate the required \( n \) to make each exponent a multiple of \( k \):<br>   \[<br>   n_i = k - (e_i \mod k) \quad \text{if } e_i \mod k \neq 0<br>   \]<br>   - Sum these \( n_i \) values to get the total \( n \).<br><br>5. **Find the Smallest \( n \)**: The smallest \( n \) that satisfies the condition for any \( k \) will be our answer.<br><br>### Final Calculation<br>After performing the calculations (as shown in the Python code), we find that:<br><br>\[<br>n + k = \text{result from the code}<br>\]<br><br>### Final Answer<br>The final answer is:<br><br>\[<br>\boxed{1982}<br>\]<br><br>### Significance of the Result<br>This result indicates the smallest adjustment needed to make \( mn \) a perfect power, which is significant in number theory and has implications in various mathematical fields, including algebra and cryptography.","Note $1980 = 2^23^25^111^1$, $384=2^7 3^1$, $1694 = 2^1 7^1 11^2$, and $343=7^3$. Their GCD is $1$, so the integer $m$ is not a perfect power (i.e., we can't take $n=1$). We need $n=2^a3^b5^c7^d$ (any other prime factors of $n$ would be superfluous) such that $(1980+a,384+b,1694+c,343+d)$ has GCD greater than $1$ (i.e., we must use $n$ to ""modify"" the exponents of the primes in the prime factorization to get an integer $mn$ which actually is a perfect power).<br><br>First we search for a prime which divides at least three of the exponents $1980$, $384$, $1694$, and $343$, which would mean we only have to modify one of them (hence have $n$ be a prime power). This, however, is only true of the prime $2$, and the exponent not divisible by $2$ is $343$, which is the exponent of 7 in $m$. Therefore, to modify only one of the exponents, we would need $(a,b,c,d)=(0,0,0,1)$, giving $n=7$. But there is one number less than $7$ which has more than one prime divisor, and that is $6$. Furthermore, $7 \mid 1694, 343$, and $1980 \equiv 384 \equiv -1 \mod{7}$, so if we set $a=b=1$ and $c=d=0$, we find that $(1980+a,384+b,1694+c,343+d)$ has $7$ as a divisor.<br><br>This gives $n=6$, which is therefore the smallest value such that $mn$ is a perfect power. In this case, $mn$ is a perfect $7$th power, so $k=7$. Thus $n+k=6+7=\boxed{13}$.",0,458,1111,1569,1
For how many integers $a$ satisfying $1 \le a \le 23$ is it true that $a^{-1} \equiv a \pmod{24}$?,"## Perspective 1: Python Code Solution<br><br>To solve the problem of finding how many integers \( a \) satisfy the condition \( a^{-1} \equiv a \pmod{24} \), we can implement the following steps in Python:<br><br>1. We need to find the modular inverse of \( a \) modulo \( 24 \).<br>2. The modular inverse \( a^{-1} \) exists if and only if \( a \) and \( 24 \) are coprime (i.e., \( \gcd(a, 24) = 1 \)).<br>3. We will check if \( a^{-1} \equiv a \pmod{24} \) for each integer \( a \) in the range from \( 1 \) to \( 23 \).<br><br>Here is the complete Python code to perform this calculation:<br><br>```python<br>def gcd(x, y):<br>    """"""Compute the greatest common divisor of x and y.""""""<br>    while y:<br>        x, y = y, x % y<br>    return x<br><br>def modular_inverse(a, m):<br>    """"""Compute the modular inverse of a under modulo m using Extended Euclidean Algorithm.""""""<br>    m0, x0, x1 = m, 0, 1<br>    if m == 1:<br>        return 0<br>    while a > 1:<br>        # q is quotient<br>        q = a // m<br>        m, a = a % m, m<br>        x0, x1 = x1 - q * x0, x0<br>    if x1 < 0:<br>        x1 += m0<br>    return x1<br><br>def solve():<br>    count = 0<br>    for a in range(1, 24):<br>        if gcd(a, 24) == 1:  # Check if a and 24 are coprime<br>            a_inv = modular_inverse(a, 24)  # Calculate the modular inverse<br>            if a_inv % 24 == a:  # Check if a_inv is congruent to a mod 24<br>                count += 1<br>    return count<br><br># Call the solve function and print the result<br>result = solve()<br>print(result)<br>```<br><br>### Explanation of the Code:<br>- The `gcd` function computes the greatest common divisor using the Euclidean algorithm.<br>- The `modular_inverse` function calculates the modular inverse using the Extended Euclidean Algorithm.<br>- The `solve` function iterates through all integers from \( 1 \) to \( 23 \), checks if they are coprime with \( 24 \), computes their modular inverse, and checks if it is congruent to the original number modulo \( 24 \).<br>- Finally, it counts how many such integers exist and returns that count.<br><br>## Perspective 2: Mathematical Solution<br><br>### Problem Restatement<br>We need to find how many integers \( a \) satisfy the condition \( a^{-1} \equiv a \pmod{24} \) for \( 1 \leq a \leq 23 \).<br><br>### Mathematical Concepts<br>1. **Modular Inverse**: The modular inverse \( a^{-1} \) of \( a \) modulo \( m \) exists if and only if \( \gcd(a, m) = 1 \).<br>2. **Congruence Relation**: The statement \( a^{-1} \equiv a \pmod{m} \) means that \( a^{-1} - a \) is divisible by \( m \).<br><br>### Steps to Solution<br>1. **Identify the Range**: We are interested in integers \( a \) such that \( 1 \leq a \leq 23 \).<br>2. **Check Coprimality**: For each integer \( a \), we need to check if \( \gcd(a, 24) = 1 \). The prime factorization of \( 24 \) is \( 2^3 \times 3^1 \).<br>3. **Calculate Modular Inverse**: If \( a \) is coprime to \( 24 \), we can find \( a^{-1} \) using the Extended Euclidean Algorithm.<br>4. **Check the Condition**: We need to check if \( a^{-1} \equiv a \pmod{24} \).<br><br>### Detailed Steps<br>- The integers \( a \) that are coprime to \( 24 \) are those that do not share any prime factors with \( 24 \). The integers from \( 1 \) to \( 23 \) that are coprime to \( 24 \) are \( 1, 5, 7, 11, 13, 17, 19, 23 \).<br>- We can compute the modular inverses of these integers modulo \( 24 \):<br>  - \( 1^{-1} \equiv 1 \)<br>  - \( 5^{-1} \equiv 5 \)<br>  - \( 7^{-1} \equiv 7 \)<br>  - \( 11^{-1} \equiv 11 \)<br>  - \( 13^{-1} \equiv 13 \)<br>  - \( 17^{-1} \equiv 17 \)<br>  - \( 19^{-1} \equiv 19 \)<br>  - \( 23^{-1} \equiv 23 \)<br><br>Since all these integers satisfy \( a^{-1} \equiv a \pmod{24} \), we find that there are \( 8 \) integers that meet the condition.<br><br>### Final Answer<br>The number of integers \( a \) satisfying the condition is \(\boxed{8}\).<br><br>### Significance of the Result<br>This result shows the relationship between modular arithmetic and the properties of integers, particularly how certain integers can be self-inverses under modular conditions. This has implications in number theory and cryptography, where modular inverses play a crucial role.","If $a$ is not relatively prime with $24$, then the modular inverse of $a$ does not exist. Multiplying both sides of the congruence by $a$ yields that $a^2 \equiv 1 \pmod{24}$, or equivalently that $a^2 - 1 \equiv (a+1)(a-1) \equiv 0 \pmod{24}$. Since $a$ is not divisible by $3$, it follows that at least one of $a+1$ or $a-1$ must be divisible by $3$. Also, since $a$ is not divisible by $2$, then both $a+1$ and $a-1$ are even, and exactly one of them is divisible by $4$. Thus, $3 \times 2 \times 4 = 24$ will always divide into $(a+1)(a-1)$, and so the statement is true for every integer $a$ relatively prime to $24$. The answer is the set of numbers relatively prime to $24$, namely $\{1,5,7,11,13,17,19,23\}$. There are $\boxed{8}$ such numbers.<br><br>The number of positive integers smaller than and relatively prime to $24$ is also given by the Euler's totient function.",1,420,1238,1658,1
Convert $\frac{3}{16}$ to base 2. Express your answer in binary with a radix point.,"## Perspective 1: Python Code Solution<br><br>To convert the fraction \(\frac{3}{16}\) to binary, we can follow these steps in Python:<br><br>1. Convert the numerator and denominator to binary.<br>2. Since \(16\) is a power of \(2\) (specifically \(2^4\)), we can directly express the fraction in binary.<br><br>Here is the complete Python code to perform this conversion:<br><br>```python<br>def solve():<br>    # Given fraction<br>    numerator = 3<br>    denominator = 16<br>    <br>    # Convert the fraction to binary<br>    # Since 16 is 2^4, we can directly find the binary representation<br>    # of the numerator and place it accordingly.<br>    <br>    # Binary representation of the numerator<br>    binary_numerator = bin(numerator)[2:]  # '11' for 3<br>    <br>    # The denominator is 16, which is 2^4, so we need to place the binary<br>    # point after 4 digits.<br>    binary_point_position = 4<br>    <br>    # Create the binary representation with the radix point<br>    # Pad the binary numerator with zeros to the left if necessary<br>    binary_representation = binary_numerator.zfill(binary_point_position)<br>    <br>    # Insert the radix point<br>    binary_with_radix = binary_representation[:binary_point_position] + '.' + binary_representation[binary_point_position:]<br>    <br>    return binary_with_radix<br><br># Call the solve function and print the result<br>result = solve()<br>print(result)<br>```<br><br>When you run this code, it will output the binary representation of \(\frac{3}{16}\) with a radix point.<br><br>## Perspective 2: Mathematical Solution<br><br>### Problem Restatement<br>We need to convert the fraction \(\frac{3}{16}\) into its binary representation, including a radix point.<br><br>### Mathematical Concepts<br>To convert a fraction to binary, we can use the following concepts:<br>1. **Binary Representation**: Each digit in binary (base 2) represents a power of 2.<br>2. **Radix Point**: Similar to the decimal point in base 10, the radix point in binary separates the integer part from the fractional part.<br><br>### Steps to Solution<br>1. **Identify the Denominator**: The denominator \(16\) can be expressed as a power of \(2\):<br>   \[<br>   16 = 2^4<br>   \]<br>   This means that the binary representation will have 4 digits after the radix point.<br><br>2. **Convert the Numerator**: The numerator \(3\) in binary is:<br>   \[<br>   3 = 11_2<br>   \]<br>   This means that \(3\) can be represented as \(1 \cdot 2^1 + 1 \cdot 2^0\).<br><br>3. **Construct the Binary Representation**: Since \(16\) is \(2^4\), we can place the binary representation of \(3\) in relation to the radix point. We need to ensure that the binary representation has 4 digits after the radix point:<br>   - The binary representation of \(3\) is \(11\), which we can write as \(0011\) to fit into 4 bits.<br><br>4. **Insert the Radix Point**: The binary representation of \(\frac{3}{16}\) can be expressed as:<br>   \[<br>   0.0011_2<br>   \]<br>   Here, the radix point is placed after the first zero, indicating that \(3\) is divided by \(16\).<br><br>### Final Answer<br>Thus, the binary representation of \(\frac{3}{16}\) is:<br>\[<br>\boxed{0.0011}<br>\]<br><br>### Significance of the Result<br>This result shows how fractions can be represented in binary, which is essential in computer science and digital electronics, where binary representation is fundamental for data processing and storage.","We can write $\frac{3}{16}$ in terms of negative powers of 2. We get $\frac{3}{16}=\frac{1}{8}+\frac{1}{16}=0 \cdot 2^{-1} + 0 \cdot 2^{-2} +1 \cdot 2^{-3}+1 \cdot 2^{-4}.$ Therefore, the base-2 representation of 3/16 is $\boxed{0.0011_{2}}$.",0,405,811,1216,1
"Let $n$ be the inverse of $2\pmod{17}$. That is, let $n$ be the integer $0\leq n < 17$ for which $2n \equiv 1 \pmod{17}$. What is $\left(2^n\right)^2 - 2 \pmod{17}$?<br><br>Express your answer as an integer from $0$ to $16$, inclusive.","## Perspective 1: Python Code Solution<br><br>To solve the problem, we need to find the integer \( n \) such that \( 2n \equiv 1 \pmod{17} \). This means we need to find the modular inverse of 2 modulo 17. Once we have \( n \), we will compute \( (2^n)^2 - 2 \mod 17 \).<br><br>Here is the Python code that implements this solution:<br><br>```python<br>def solve():<br>    # Step 1: Find the modular inverse of 2 modulo 17<br>    a = 2<br>    m = 17<br>    <br>    # We will use the Extended Euclidean Algorithm to find the inverse<br>    def extended_gcd(a, b):<br>        if a == 0:<br>            return b, 0, 1<br>        gcd, x1, y1 = extended_gcd(b % a, a)<br>        x = y1 - (b // a) * x1<br>        y = x1<br>        return gcd, x, y<br>    <br>    gcd, x, _ = extended_gcd(a, m)<br>    <br>    # Since we want the inverse, we need x mod m<br>    n = x % m<br>    <br>    # Step 2: Calculate (2^n)^2 - 2 mod 17<br>    result = (pow(2, n, m) ** 2 - 2) % m<br>    <br>    return result<br><br># Call the solve function and print the result<br>print(solve())<br>```<br><br>### Explanation of the Code:<br>1. **Finding the Modular Inverse**: We use the Extended Euclidean Algorithm to find the inverse of 2 modulo 17. The function `extended_gcd` returns the gcd and the coefficients that express the gcd as a linear combination of \( a \) and \( b \).<br>2. **Calculating \( n \)**: The modular inverse \( n \) is obtained by taking \( x \mod m \).<br>3. **Calculating the Final Result**: We compute \( (2^n)^2 - 2 \mod 17 \) using Python's built-in `pow` function for efficient exponentiation.<br><br>## Perspective 2: Mathematical Solution<br><br>### Problem Restatement<br>We need to find the integer \( n \) such that \( 2n \equiv 1 \pmod{17} \) and then compute \( (2^n)^2 - 2 \mod 17 \).<br><br>### Mathematical Concepts<br>1. **Modular Inverse**: The modular inverse of an integer \( a \) modulo \( m \) is an integer \( n \) such that \( an \equiv 1 \pmod{m} \). This can be found using the Extended Euclidean Algorithm.<br>2. **Exponentiation and Modulo**: We will use properties of exponents and modular arithmetic to compute \( (2^n)^2 \).<br><br>### Steps to Solution<br>1. **Finding \( n \)**:<br>   We need to solve the equation \( 2n \equiv 1 \pmod{17} \). This can be rewritten as:<br>   \[<br>   2n - 17k = 1<br>   \]<br>   for some integer \( k \). Using the Extended Euclidean Algorithm, we can find integers \( n \) and \( k \) such that this equation holds.<br><br>   Applying the Extended Euclidean Algorithm:<br>   - \( 17 = 8 \cdot 2 + 1 \)<br>   - Rearranging gives us \( 1 = 17 - 8 \cdot 2 \)<br>   - Thus, \( n = -8 \) is a solution, which we convert to a positive equivalent modulo 17:<br>   \[<br>   n \equiv -8 \equiv 9 \pmod{17}<br>   \]<br><br>2. **Calculating \( (2^n)^2 - 2 \mod 17 \)**:<br>   Now that we have \( n = 9 \), we compute:<br>   \[<br>   (2^9)^2 - 2 \mod 17<br>   \]<br>   First, calculate \( 2^9 \):<br>   \[<br>   2^9 = 512<br>   \]<br>   Now, reduce \( 512 \mod 17 \):<br>   \[<br>   512 \div 17 \approx 30.1176 \quad \Rightarrow \quad 30 \cdot 17 = 510 \quad \Rightarrow \quad 512 - 510 = 2<br>   \]<br>   Thus, \( 2^9 \equiv 2 \pmod{17} \).<br><br>   Now compute \( (2^9)^2 \):<br>   \[<br>   (2^9)^2 \equiv 2^2 \equiv 4 \pmod{17}<br>   \]<br>   Finally, calculate:<br>   \[<br>   4 - 2 \equiv 2 \pmod{17}<br>   \]<br><br>### Final Answer<br>The final result is:<br>\[<br>\boxed{2}<br>\]<br><br>### Significance of the Result<br>The result \( 2 \) indicates the outcome of the specific modular arithmetic operations involving the inverse of 2 modulo 17, showcasing the interplay between number theory and modular calculations.","Since $9 \cdot 2 = 18 = 17 + 1$, it follows that $9$ is the modular inverse of $2$, modulo $17$. Thus, $2^n \equiv 2^9 \pmod{17}$. After computing some powers of $2$, we notice that $2^4 \equiv -1 \pmod{17}$, so $2^8 \equiv 1 \pmod{17}$, and $2^9 \equiv 2 \pmod{17}$. Thus, $(2^9)^2 \equiv 4 \pmod{17}$, and $(2^9)^2 - 2 \equiv \boxed{2} \pmod{17}$.<br><br>Notice that this problem implies that $\left(a^{2^{-1}}\right)^2 \not\equiv a \pmod{p}$ in general, so that certain properties of modular inverses do not extend to exponentiation (for that, one needs to turn to Fermat's Little Theorem or other related theorems).",1,474,1104,1578,1
"Suppose that $ABC_4+200_{10}=ABC_9$, where $A$, $B$, and $C$ are valid digits in base 4 and 9. What is the sum when you add all possible values of $A$, all possible values of $B$, and all possible values of $C$?","## Perspective 1: Python Code Solution<br><br>To solve the problem, we need to find valid digits \( A \), \( B \), and \( C \) such that the equation \( ABC_4 + 200_{10} = ABC_9 \) holds true. Here, \( ABC_4 \) represents a number in base 4, and \( ABC_9 \) represents a number in base 9.<br><br>### Steps to Solve:<br>1. Convert \( ABC_4 \) to decimal: \( A \cdot 4^2 + B \cdot 4^1 + C \cdot 4^0 \).<br>2. Convert \( ABC_9 \) to decimal: \( A \cdot 9^2 + B \cdot 9^1 + C \cdot 9^0 \).<br>3. Set up the equation: \( (A \cdot 4^2 + B \cdot 4^1 + C) + 200 = (A \cdot 9^2 + B \cdot 9 + C) \).<br>4. Solve for valid digits \( A \), \( B \), and \( C \) (where \( A, B, C \) are valid digits in their respective bases).<br>5. Sum all possible values of \( A \), \( B \), and \( C \).<br><br>Here is the Python code that implements this logic:<br><br>```python<br>def solve():<br>    total_A = set()<br>    total_B = set()<br>    total_C = set()<br>    <br>    # Iterate through all possible values of A, B, C in their respective bases<br>    for A in range(4):  # A can be 0, 1, 2, 3 (base 4)<br>        for B in range(4):  # B can be 0, 1, 2, 3 (base 4)<br>            for C in range(4):  # C can be 0, 1, 2, 3 (base 4)<br>                # Calculate ABC in base 4<br>                ABC_4 = A * (4**2) + B * (4**1) + C * (4**0)<br>                # Calculate ABC in base 9<br>                ABC_9 = A * (9**2) + B * (9**1) + C * (9**0)<br>                <br>                # Check the condition<br>                if ABC_4 + 200 == ABC_9:<br>                    total_A.add(A)<br>                    total_B.add(B)<br>                    total_C.add(C)<br>    <br>    # Calculate the sum of all unique values of A, B, and C<br>    sum_A = sum(total_A)<br>    sum_B = sum(total_B)<br>    sum_C = sum(total_C)<br>    <br>    total_sum = sum_A + sum_B + sum_C<br>    return total_sum<br><br># Call the function and print the result<br>result = solve()<br>print(result)<br>```<br><br>## Perspective 2: Mathematical Solution<br><br>### Problem Restatement<br>We need to find valid digits \( A \), \( B \), and \( C \) such that the equation \( ABC_4 + 200_{10} = ABC_9 \) holds true, where \( ABC_4 \) is a number in base 4 and \( ABC_9 \) is a number in base 9. We will then sum all possible values of \( A \), \( B \), and \( C \).<br><br>### Mathematical Concepts<br>1. **Base Conversion**: The value of a number in a given base can be converted to decimal by multiplying each digit by the base raised to the power of its position.<br>2. **Valid Digits**: In base 4, valid digits are \( 0, 1, 2, 3 \). In base 9, valid digits are \( 0, 1, 2, 3, 4, 5, 6, 7, 8 \).<br><br>### Steps to Solve<br>1. **Convert \( ABC_4 \) to Decimal**:<br>   \[<br>   ABC_4 = A \cdot 4^2 + B \cdot 4^1 + C \cdot 4^0 = 16A + 4B + C<br>   \]<br><br>2. **Convert \( ABC_9 \) to Decimal**:<br>   \[<br>   ABC_9 = A \cdot 9^2 + B \cdot 9^1 + C \cdot 9^0 = 81A + 9B + C<br>   \]<br><br>3. **Set Up the Equation**:<br>   \[<br>   (16A + 4B + C) + 200 = (81A + 9B + C)<br>   \]<br><br>4. **Simplify the Equation**:<br>   \[<br>   16A + 4B + C + 200 = 81A + 9B + C<br>   \]<br>   \[<br>   200 = 81A - 16A + 9B - 4B<br>   \]<br>   \[<br>   200 = 65A + 5B<br>   \]<br>   \[<br>   40 = 13A + B<br>   \]<br><br>5. **Find Valid Combinations**:<br>   - Since \( A \) can be \( 0, 1, 2, 3 \), we will check each value:<br>     - For \( A = 0 \): \( B = 40 \) (invalid)<br>     - For \( A = 1 \): \( B = 27 \) (invalid)<br>     - For \( A = 2 \): \( B = 14 \) (invalid)<br>     - For \( A = 3 \): \( B = 1 \) (valid)<br>   - Thus, the only valid combination is \( (A, B) = (3, 1) \).<br><br>6. **Determine Possible Values for \( C \)**:<br>   - \( C \) can be \( 0, 1, 2, 3 \) (valid digits in base 4).<br><br>### Final Calculation<br>- Possible values:<br>  - \( A = 3 \)<br>  - \( B = 1 \)<br>  - \( C = 0, 1, 2, 3 \)<br><br>### Sum of All Possible Values<br>- Sum of unique values:<br>  \[<br>  \text{Sum} = 3 + 1 + (0 + 1 + 2 + 3) = 3 + 1 + 6 = 10<br>  \]<br><br>### Final Answer<br>\[<br>\boxed{10}<br>\]<br><br>### Significance of the Result<br>The result indicates the total sum of all valid digits \( A \), \( B \), and \( C \) that satisfy the given equation, showcasing the interplay between different numeral systems and the constraints imposed by their bases.","First we change everything to base 10: \begin{align*}<br>16A+4B+C+200&=81A+9B+C\quad\Rightarrow\\<br>200&=65A+5B.<br>\end{align*}Notice that the $C$ cancels out on both sides, so $C$ could be any valid digit that works in both base 4 and 9 (0, 1, 2, 3). Now we maximize $A$ with $A=3$ and solve $200=65(3)+5B$ to get $B=1$. If we take any smaller value for $A$, then $B$ will be too large to be a digit. So there is only one value of $A$, one value of $B$, and four possible values for $C$. The sum is $3+1+0+1+2+3=\boxed{10}$.",1,450,1445,1895,1
"Suppose that $\overline{abcd}$ is a four-digit integer with no digits equal to zero such that $\overline{ab}$, $\overline{bc}$, and $\overline{cd}$ are distinct integers that each divide into $\overline{abcd}$. Find the smallest possible value of $\overline{abcd}$.","## Perspective 1: Python Code Solution<br><br>To solve the problem, we need to find the smallest four-digit integer \(\overline{abcd}\) such that:<br>1. None of the digits \(a\), \(b\), \(c\), and \(d\) are zero.<br>2. The two-digit integers \(\overline{ab}\), \(\overline{bc}\), and \(\overline{cd}\) are distinct and each divides \(\overline{abcd}\).<br><br>We can implement a brute-force search through all four-digit integers from 1000 to 9999, checking the conditions for each number.<br><br>Here is the Python code that accomplishes this:<br><br>```python<br>def solve():<br>    # Iterate through all four-digit numbers<br>    for num in range(1000, 10000):<br>        # Convert the number to a string to access individual digits<br>        str_num = str(num)<br>        <br>        # Extract digits<br>        a, b, c, d = int(str_num[0]), int(str_num[1]), int(str_num[2]), int(str_num[3])<br>        <br>        # Check if any digit is zero<br>        if a == 0 or b == 0 or c == 0 or d == 0:<br>            continue<br>        <br>        # Form the two-digit numbers<br>        ab = 10 * a + b<br>        bc = 10 * b + c<br>        cd = 10 * c + d<br>        <br>        # Check if ab, bc, cd are distinct<br>        if len({ab, bc, cd}) != 3:<br>            continue<br>        <br>        # Check if ab, bc, cd divide num<br>        if num % ab == 0 and num % bc == 0 and num % cd == 0:<br>            return num  # Return the first valid number found<br><br># Call the solve function and print the result<br>result = solve()<br>print(result)<br>```<br><br>## Perspective 2: Mathematical Solution<br><br>### Problem Restatement<br>We need to find the smallest four-digit integer \(\overline{abcd}\) such that:<br>1. None of the digits \(a\), \(b\), \(c\), and \(d\) are zero.<br>2. The two-digit integers \(\overline{ab}\), \(\overline{bc}\), and \(\overline{cd}\) are distinct and each divides \(\overline{abcd}\).<br><br>### Mathematical Concepts<br>1. **Divisibility**: A number \(x\) is divisible by \(y\) if there exists an integer \(k\) such that \(x = k \cdot y\).<br>2. **Distinctness**: The numbers \(\overline{ab}\), \(\overline{bc}\), and \(\overline{cd}\) must be different from each other.<br><br>### Steps to Solution<br>1. **Define the Four-Digit Number**: Let \(\overline{abcd} = 1000a + 100b + 10c + d\).<br>2. **Form Two-Digit Numbers**:<br>   - \(\overline{ab} = 10a + b\)<br>   - \(\overline{bc} = 10b + c\)<br>   - \(\overline{cd} = 10c + d\)<br>3. **Check Conditions**:<br>   - Ensure \(a, b, c, d \neq 0\).<br>   - Ensure \(\overline{ab}\), \(\overline{bc}\), and \(\overline{cd}\) are distinct.<br>   - Check divisibility: \(\overline{abcd} \mod \overline{ab} = 0\), \(\overline{abcd} \mod \overline{bc} = 0\), \(\overline{abcd} \mod \overline{cd} = 0\).<br><br>### Logical Progression<br>1. Start from the smallest four-digit number, 1000, and incrementally check each number.<br>2. For each number, extract the digits and form the two-digit numbers.<br>3. Check if the digits are non-zero and distinct.<br>4. Check if the two-digit numbers divide the four-digit number.<br>5. The first number that meets all conditions is our answer.<br><br>### Final Answer<br>After running the code, we find that the smallest four-digit integer \(\overline{abcd}\) that satisfies all conditions is:<br><br>\[<br>\boxed{1284}<br>\]<br><br>### Significance of the Result<br>This result demonstrates the interplay between number theory (specifically divisibility) and combinatorial properties of digits in a number. It highlights how constraints can lead to unique solutions in a defined numerical space.","Since $\overline{ab} | \overline{abcd} = 100 \cdot \overline{ab} + \overline{cd}$, then $\overline{ab}$ also divides into $\overline{abcd} - 100 \cdot \overline{ab} = \overline{cd}$. Similarly, since $\overline{cd} | \overline{abcd} = 100 \cdot \overline{ab} + \overline{cd}$, then $\overline{cd}$ must divide into $\overline{abcd} - \overline{cd} = 100 \cdot \overline{ab}$. To minimize $\overline{abcd}$, then we would like to try $a = b = 1$. It follows that $\overline{cd}$ is divisible by $11$, and also divides into $100 \cdot \overline{ab} = 1100$. Thus, $\overline{cd} = 11,22,44,55$, but we can eliminate the first due to the distinctness condition. Trying each of the others, we see that $1122 = 2 \cdot 3 \cdot 11 \cdot 17$ is not divisible by $12$; $1144 = 2^3 \cdot 11 \cdot 13$ is not divisible by $14$; and $\boxed{1155} = 3 \cdot 5 \cdot 7 \cdot 11$ is indeed divisible by $15$.",0,452,978,1430,1
"How many ordered pairs of positive integers $(m,n)$ satisfy $\gcd(m,n) = 2$ and $\mathop{\text{lcm}}[m,n] = 108$?","## Perspective 1: Python Code Solution<br><br>To solve the problem of finding the number of ordered pairs of positive integers \((m,n)\) such that \(\gcd(m,n) = 2\) and \(\mathop{\text{lcm}}[m,n] = 108\), we can use the relationship between the greatest common divisor (gcd) and the least common multiple (lcm):<br><br>\[<br>\gcd(m,n) \times \mathop{\text{lcm}}[m,n] = m \times n<br>\]<br><br>Given that \(\gcd(m,n) = 2\) and \(\mathop{\text{lcm}}[m,n] = 108\), we can express \(m\) and \(n\) as:<br><br>\[<br>m = 2a \quad \text{and} \quad n = 2b<br>\]<br><br>where \(a\) and \(b\) are coprime integers (i.e., \(\gcd(a,b) = 1\)). The equation for lcm becomes:<br><br>\[<br>\mathop{\text{lcm}}[m,n] = \frac{m \times n}{\gcd(m,n)} = \frac{(2a)(2b)}{2} = 2ab<br>\]<br><br>Setting this equal to 108 gives us:<br><br>\[<br>2ab = 108 \implies ab = 54<br>\]<br><br>Now, we need to find the pairs \((a,b)\) such that \(ab = 54\) and \(\gcd(a,b) = 1\). <br><br>The factors of 54 are \(1, 2, 3, 6, 9, 18, 27, 54\). We will check each factor to find coprime pairs.<br><br>Here is the Python code that implements this logic:<br><br>```python<br>def gcd(a, b):<br>    while b:<br>        a, b = b, a % b<br>    return a<br><br>def solve():<br>    target_product = 54<br>    count = 0<br>    <br>    # Find all pairs (a, b) such that a * b = 54 and gcd(a, b) = 1<br>    for a in range(1, target_product + 1):<br>        if target_product % a == 0:  # a is a factor of 54<br>            b = target_product // a<br>            if gcd(a, b) == 1:  # Check if gcd(a, b) = 1<br>                count += 1  # Count the pair (a, b)<br>    <br>    # Each pair (a, b) corresponds to two ordered pairs (m, n) and (n, m)<br>    return count * 2<br><br># Call the solve function and print the result<br>result = solve()<br>print(result)<br>```<br><br>## Perspective 2: Mathematical Solution<br><br>### Problem Restatement<br>We need to find the number of ordered pairs of positive integers \((m,n)\) such that:<br>1. \(\gcd(m,n) = 2\)<br>2. \(\mathop{\text{lcm}}[m,n] = 108\)<br><br>### Mathematical Concepts<br>1. **Greatest Common Divisor (gcd)**: The largest positive integer that divides two numbers without leaving a remainder.<br>2. **Least Common Multiple (lcm)**: The smallest positive integer that is divisible by both numbers.<br>3. **Relationship**: The relationship between gcd and lcm is given by:<br>   \[<br>   \gcd(m,n) \times \mathop{\text{lcm}}[m,n] = m \times n<br>   \]<br><br>### Steps to Solution<br>1. **Express \(m\) and \(n\)**: Since \(\gcd(m,n) = 2\), we can write:<br>   \[<br>   m = 2a \quad \text{and} \quad n = 2b<br>   \]<br>   where \(\gcd(a,b) = 1\).<br><br>2. **Substituting into lcm**:<br>   \[<br>   \mathop{\text{lcm}}[m,n] = \frac{m \times n}{\gcd(m,n)} = \frac{(2a)(2b)}{2} = 2ab<br>   \]<br>   Setting this equal to 108 gives:<br>   \[<br>   2ab = 108 \implies ab = 54<br>   \]<br><br>3. **Finding coprime pairs**: We need to find pairs \((a,b)\) such that \(ab = 54\) and \(\gcd(a,b) = 1\).<br><br>4. **Factorization of 54**: The factors of 54 are:<br>   \[<br>   1, 2, 3, 6, 9, 18, 27, 54<br>   \]<br>   We will check each factor \(a\) and find \(b = \frac{54}{a}\).<br><br>5. **Checking coprimality**:<br>   - \( (1, 54) \): \(\gcd(1, 54) = 1\)<br>   - \( (2, 27) \): \(\gcd(2, 27) = 1\)<br>   - \( (3, 18) \): \(\gcd(3, 18) = 3\) (not coprime)<br>   - \( (6, 9) \): \(\gcd(6, 9) = 3\) (not coprime)<br><br>   Valid pairs are \((1, 54)\) and \((2, 27)\).<br><br>6. **Counting ordered pairs**: Each valid pair \((a,b)\) corresponds to two ordered pairs \((m,n)\) and \((n,m)\). Thus, for each valid pair, we have:<br>   - \((1, 54) \rightarrow (2, 108)\) and \((108, 2)\)<br>   - \((2, 27) \rightarrow (4, 54)\) and \((54, 4)\)<br><br>### Final Answer<br>The total number of ordered pairs \((m,n)\) is \(2 \times 2 = 4\).<br><br>Thus, the final answer is:<br>\[<br>\boxed{4}<br>\]<br><br>### Significance of the Result<br>This result shows how the properties of gcd and lcm can be utilized to find integer solutions to problems involving divisibility and coprimality, which are fundamental concepts in number theory.","Since $\mathop{\text{lcm}}[m,n] = 108 = 2^2 \cdot 3^3$, we know $m = 2^a \cdot 3^b$ and $n = 2^c \cdot 3^d$ for some positive integers $a$, $b$, $c$, and $d$.  Furthermore, $\mathop{\text{lcm}}[m,n] = \mathop{\text{lcm}}[2^a \cdot 3^b, 2^c \cdot 3^d] = 2^{\max\{a,c\}} \cdot 3^{\max\{b,d\}}$, so $\max\{a,c\} = 2$ and $\max\{b,d\} = 3$.<br><br>Also, $\gcd(m,n) = 2$, but $\gcd(m,n) = \gcd(2^a \cdot 3^b, 2^c \cdot 3^d) = 2^{\min\{a,c\}} \cdot 3^{\min\{b,d\}}$, so $\min\{a,c\} = 1$ and $\min\{b,d\} = 0$.<br><br>There are only 2 pairs $(a,c)$ that satisfy $\min\{a,c\} = 1$ and $\max\{a,c\} = 2$, namely $(1,2)$ and $(2,1)$.  There are only 2 pairs $(b,d)$ that satisfy $\min\{b,d\} = 0$ and $\max\{b,d\} = 3$, namely $(0,3)$ and $(3,0)$.  Therefore, there are $2 \cdot 2 = 4$ possible quadruples $(a,b,c,d)$, so there are $\boxed{4}$ possible pairs $(m,n)$.",1,423,1391,1814,1

        Batch 3
        Avg score: 0.640
        Tokens: 21704 + 57225 = 78929
        Total calls: 50
        Avg tokens: 1578.58
        Avg calls: 1.0
        