inputs,prediction,expected_output,score,input_tokens,output_tokens,total_tokens,calls
"Passage: In the spring of 2000, Walkertons system typically drew most of its water from one well at a time, alternating unevenly between wells 5, 6, and 7. Well 7 was turned off between March 10 and May 2, ran alone from May 2 through May 9 before turning off again, and was then used again between May 15 and May 19. From May 9 to May 13, Well 5 provided the bulk of Walkertons water, supplemented from May 10–13 by Well 6. Though Well 7 ran without chlorination between May 3 and May 9, expert evaluation of well 7s pumping schedule and lack of physical vulnerabilities to contamination concluded that it was highly unlikely to have been involved in the outbreak. Well 6, which records indicate was out of service beginning May 13, was similarly determined to have been unlikely to have been the source of contamination based on its location and characteristics.
Question: How many wells were the Walkertons alternating between?
Answer:",Three wells.,3,0.0,242,3,245,1
"Passage: In the county, the population was spread out with 26.20% under the age of 18, 9.30% from 18 to 24, 26.50% from 25 to 44, 23.50% from 45 to 64, and 14.60% who were 65 years of age or older.  The median age was 37 years. For every 100 females there were 95.90 males.  For every 100 females age 18 and over, there were 92.50 males.
Question: Which age group is smaller: 25 to 44 or 45 to 64?
Answer:",45 to 64,45 to 64|23.50%,1.0,164,4,168,1
"Passage: Thailand is the worlds third largest producer of crude palm oil, producing approximately two million tonnes per year, or 1.2 percent of global output. Ninety-five percent of Thai production is consumed locally. Almost 85 percent of palm plantations and extraction mills are in south Thailand. At year-end 2016, 4.7 to 5.8 million Rai (unit) were planted in oil palms, employing 300,000 farmers, mostly on small landholdings of 20 rai. ASEAN as a region accounts for 52.5 million tonnes of palm oil production, about 85 percent of the world total and more than 90 percent of global exports. Indonesia accounts for 52.2 percent of world exports. Malaysian exports total 37.9 percent. The biggest consumers of palm oil are India, the European Union, and China, with the three consuming nearly 50 percent of world exports. Thailands Department of Internal Trade (DIT) usually sets the price of crude palm oil and refined palm oil. Thai farmers have a relatively low yield compared to those in Malaysia and Indonesia. Thai palm oil crops yield 4-17 percent oil compared to around 20 percent in competing countries. In addition, Indonesian and Malaysian oil palm plantations are 10 times the size of Thai plantations.
Question: How many percent of Tha's palm oil is not consumed locally?
Answer:",Five percent.,5|95,0.0,306,3,309,1
"Passage: Carbon Countys live birth rate was 646 births in 1990. Carbon County live birth rate in 2000 declined to 566 births, while in 2011 it rose to 586 babies. Over the past 50 years (1960 to 2010), rural Pennsylvania saw a steady decline in both the number and proportion of residents under 18 years old. In 1960, 1.06 million rural residents, or 35 percent of the rural population, were children. According to data from the Pennsylvania Department of Health, in 1990, the Commonwealth of Pennsylvanias birth rate was 171,053. In 2000, Pennsylvanias birth rate was 145,874. Finally in 2011, the States birth rate declined further to 142,021. From 2000 to 2009, the number of babies born in rural counties declined 5 percent. Urban counties have also experienced a decline in the number of school aged children. From 2000-2010 urban Pennsylvania counties had a 3 percent decline in the number of residents under 18 years old. In 2010, there were 2.07 million residents, or 22 percent of the urban population, who were under age 18.
Question: How many years did it take for Carbon County's live birth rate to drop from 646 to 566?
Answer:",10 years.,10,0.6666666666666666,314,3,317,1
"Passage: As Somalia gained military strength, Ethiopia grew weaker. In September 1974, Emperor Haile Selassie had been overthrown by the Derg , marking a period of turmoil. The Derg quickly fell into internal conflict to determine who would have primacy. Meanwhile, various anti-Derg as well as separatist movements began throughout the country. The regional balance of power now favoured Somalia. One of the separatist groups seeking to take advantage of the chaos was the pro-Somalia Western Somali Liberation Front  operating in the Somali-inhabited Ogaden area, which by late 1975 had struck numerous government outposts. From 1976 to 1977, Somalia supplied arms and other aid to the WSLF. A sign that order had been restored among the Derg was the announcement of Mengistu Haile Mariam as head of state on February 11, 1977. However, the country remained in chaos as the military attempted to suppress its civilian opponents in a period known as the Red Terror . Despite the violence, the Soviet Union, which had been closely observing developments, came to believe that Ethiopia was developing into a genuine Marxist-Leninist state and that it was in Soviet interests to aid the new regime. They thus secretly approached Mengistu with offers of aid that he accepted. Ethiopia closed the U.S. military mission and the communications centre in April 1977. In June 1977, Mengistu accused Somalia of infiltrating SNA soldiers into the Somali area to fight alongside the WSLF. Despite considerable evidence to the contrary, Barre strongly denied this, saying SNA ""volunteers"" were being allowed to help the WSLF.
Question: How many years when Emperor Haile Selassie had been overthrown until Mengistu Haile Mariam was head of state of Ethiopia?
Answer:",Approximately 2.5 years.,3,0.0,401,7,408,1
"Passage: Coming off an easy win over the 49ers, the Seahawks flew to INVESCO Field at Mile High for an interconference duel with their former division rival, the Broncos. In the first quarter Seattle trailed early as QB Kyle Orton made a 13-yard TD pass to WR Eddie Royal, followed in the second quarter by RB Correll Buckhalter getting a 1-yard TD run. Then kicker Matt Prater made a 20-yard field goal to put the Broncos up 17-0. In the third quarter Seattle tried to cut the lead when QB Matt Hasselbeck completed an 11-yard TD pass to WR Ben Obomanu, but Denver scored with RB Knowshon Moreno getting a 1-yard TD run. In the fourth quarter Seattle fell further behind when Orton found WR Demaryius Thomas on a 21-yard TD pass. Seattle would make the final score of the game when Hasselbeck scrambled 20 yards to the endzone for a touchdown.
Question: How many 1-yard TDs were in the game?
Answer:",There were two 1-yard TDs in the game.,2,0.0,240,12,252,1
"Passage: The 5 October 1910 revolution was the overthrow of the centuries-old Portuguese Monarchy and its replacement by the Portuguese Republic. It was the result of a coup d'état organized by the Portuguese Republican Party. By 1910, the Kingdom of Portugal was in deep crisis: British pressure on Portugal's colonies, the royal family's expenses, the assassination of the King and his heir in 1908, changing religious and social views, instability of the two political parties , the dictatorship of João Franco, and the regime's apparent inability to adapt to modern times all led to widespread resentment against the Monarchy. The proponents of the republic, particularly the Republican Party, found ways to take advantage of the situation. The Republican Party presented itself as the only one that had a programme that was capable of returning to the country its lost status and place Portugal on the way of progress. After a reluctance of the military to combat the nearly two thousand soldiers and sailors that rebelled between 3 and 4 October 1910, the Republic was proclaimed at 9 o'clock of the next day from the balcony of the Paços do Concelho in Lisbon. After the revolution, a provisional government led by Teófilo Braga directed the fate of the country until the approval of the Constitution in 1911 that marked the beginning of the First Republic. Among other things, with the establishment of the republic, national symbols were changed: the national anthem and the flag. The revolution produced some civil and religious liberties, although there was no advance in women's rights and in workers rights, unlike what happened in other European countries.
Question: On what day was the Republic proclained?
Answer:",The Republic was proclaimed on 5 October 1910.,5 October 1910,0.6,362,12,374,1
"Passage: In February 1479, a Portuguese army commanded by Garcia de Meneses, Bishop of Évora, penetrated into Extremadura. His objective was to occupy and reinforce the strongholds of Mérida and Medellín, controlled by Beatriz Pacheco, Countess of Medellin and supporter of Afonso V. According to Palencia, the Portuguese army was composed of about 1,000 Knights , plus infantry. 180 Knights of the Order of Santiago marched alongside him, commanded by their treasurer, Alfonso de Monroy. On February 24, near the hill of Albuera, the army was challenged by Isabellian forces commanded by Alonso de Cárdenas, Master of the Order of Santiago. The army consisted of 500 Knights of the Order, 400 Knights of the Hermandad , and 100 infantrymen. The battle was heavily contested. The Isabellian infantry suffered a severe blow from the Juanist cavalry and became disorganized, but intervention by the Master of Santiago aided the panicked infantry. The Portuguese were forced to retreat, leaving significant spoils of war on the battlefield, as well as around 85 dead Knights. Only 15 Isabellian Knights were killed. The bulk of the Portuguese army was able to take refuge in Mérida and from there continued its march to Medellín, which they occupied. Supporters of King Ferdinand placed Medellín and Mérida under siege.
Question: How many more Knights were in Portuguese army than the Isabellian army?
Answer:",The Portuguese army had 500 more Knights than the Isabellian army.,100|500,0.19999999999999998,337,16,353,1
"Passage: From 1975, Flavin installed permanent works in Europe and the United States, including ""Untitled. In memory of Urs Graf"" at the Kunstmuseum Basel (conceived 1972, realized 1975); the Kröller-Müller Museum, Otterlo, Netherlands (1977); Hudson River Museum, Yonkers, New York (1979); United States Courthouse, Anchorage, Alaska (1979-89); the Staatliche Kunsthalle Baden-Baden, Germany (1989); the lobby of the MetroTech Center (with Skidmore, Owings & Merrill), Brooklyn, New York (1992); seven lampposts outside the Städtische Galerie im Lenbachhaus, Munich (1994); Hypovereinsbank, Munich (1995); Institut Arbeit und Technik/Wissenschaftspark, Gelsenkirchen, Germany (1996); and the Union Bank of Switzerland, Bern (1996).  Additional sites for Flavins architectural “interventions” became the Grand Central Station in New York (1976), Hamburger Bahnhof in Berlin (1996), and the Chinati Foundation in Marfa, Texas (2000). His large-scale work in colored fluorescent light for six buildings at the Chinati Foundation was initiated in the early 1980s, although the final plans were not completed until 1996. His last artwork was a site-specific art at Santa Maria Annunciata in Chiesa Rossa, Milan, Italy. The 1930s church was designed by Giovanni Muzio. The design for the piece was completed two days before Flavins death on November 29, 1996. Its installation was completed one year later with the assistance of the Dia Art Foundation and Fondazione Prada.
Question: In what year was the site-specific art at Santa Maria Annunciata in Chiesa Rossa, Milan, Italy completed?
Answer:",1997,  1997|1977,1.0,410,2,412,1
"Passage: Coming off their win over the Vikings, the Dolphins went home, donned their alternate uniforms, and played their Week 3 home-opener against their AFC East foe, the New York Jets, on Sunday night.  Miami trailed early in the first quarter as Jets quarterback Mark Sanchez completed a 24-yard touchdown pass to tight end Dustin Keller.  The Dolphins' deficit would increase in the second quarter as Sanchez hooked up with Keller again on a 3-yard touchdown pass.  Miami would respond with quarterback Chad Henne completing a 3-yard touchdown pass to tight end Anthony Fasano, followed by kicker Dan Carpenter making a 44-yard field goal. The Dolphins would take the lead in the third quarter as Henne connected with wide receiver Brandon Marshall on an 11-yard touchdown pass, but New York would immediately respond as Sanchez found wide receiver Braylon Edwards on a 67-yard touchdown pass.  Miami would answer with Carpenter's 20-yard field goal.  In the fourth quarter, the Jets would add onto their lead as kicker Nick Folk got a 30-yard field goal.  The Dolphins would chip away as their deficit as Carpenter booted a 50-yard field goal, but New York would pull away as running back LaDainian Tomlinson got a 1-yard touchdown run.  Miami tried to rally, but the Jets' defense held on for the win.
Question: Who threw the longest touchdown pass?
Answer:",Mark Sanchez threw the longest touchdown pass.,Henne|Mark Sanchez,0.5,317,8,325,1
"Passage: The uprising greatly reduced the Tver Principality's power in the northeastern remains of Kievan Rus'. In 1328, Öz Beg granted Ivan Kalita the duchies of Novgorod and Kostroma. Alexander Vasilyevich, the prince of Suzdal, received Vladimir and a region encompassing present day Nizhny Novgorod and Gorodets. By granting the more prestigious Vladimir to the weaker of the two princes, Öz Beg maintained adherence to the principle of ""divide and rule,"" reasoning that Moscow's jealousy of Suzdal's lands would prevent them from allying to fight against the Golden Horde. Alexander moved to Sweden after his time in Lithuania, and then back to Pskov after the city's excommunication was lifted, under the patronage of Gediminas, Grand Duke of Lithuania. In 1335, he gained forgiveness from Öz Beg and was allowed to return to his former position in Tver, however by then, the state had lost most of its influence, being replaced by the Grand Duchy of Muscovy. This return did not last long, as both Alexander and his son Fyodor were taken to Sarai and quartered in 1339. Following the execution of Alexander Vasilievich in 1331, Ivan received the duchy of Vladimir and became the sole ruler of northeastern Russia. Favor from the khan of the Golden Horde allowed Moscow to gain power rapidly at the expense of Tver, with Tver eventually losing all influence to Moscow. However, a new rivalry was formed between the princes of Suzdal-Nizhny Novgorod. The relative power of Moscow and their strong alliance with the Horde led to a period of relative peace in Russia that was not interrupted until the reign of Dmitry Donskoy, the first prince of Moscow to openly challenge the Horde. He would later defeat them at the Battle of Kulikovo in 1380.
Question: Why was Alexander Vasiliveich taken to Sarai?
Answer:",Alexander Vasilievich was taken to Sarai and quartered in 1339.,execution|quartered,0.18181818181818182,428,18,446,1
"Passage: Coming off their bye week, the Chargers went home for a Week 10 AFC West duel with the Kansas City Chiefs.  In the first quarter, San Diego trailed early as Chiefs QB Tyler Thigpen completed a 30-yard TD pass to WR Mark Bradley.  In the second quarter, the 'Bolts got on the board as kicker Nate Kaeding got a 34-yard and a 26-yard field goal.  Kansas City would close out the half as Thigpen completed a 34-yard TD pass to TE Tony Gonzalez (with a failed 2-point conversion). In the third quarter, the Chargers tied the game as QB Philip Rivers completed a 5-yard TD pass to WR Malcom Floyd.  In the fourth quarter, San Diego took the lead as Rivers completed an 8-yard TD pass to TE Antonio Gates.  The Chiefs tried to rally as Thigpen completed a 3-yard TD pass to Gonzalez after a very controversial Pass Interference call on Safety Clinton Hart, in which Gonzalez did not look for a flag, making the call even more controversial.  Fortunately, the Chargers' defense stopped both the 2-point conversion and the ensuing onside kick to preserve their much-needed victory.
Question: How many points did the Chargers score in the second quarter?
Answer:",6 points,6|0,0.6666666666666666,288,2,290,1
"Passage: The total number of active military personnel in the Croatian Armed Forces stands at 14,506 and 6,000 reserves working in various service branches of the armed forces. In May 2016, Armed Forces had 16,019 members, of which 14,506 were active military personnel and 1,513 civil servants. Of the 14,506 active military personnel, 3,183 were officers, 5,389 non-commissioned officers, 5,393 soldiers, 520 military specialists, 337 civil servants and 1,176 other employees.
Question: How many more active Croatian personnel than reserves are there?
Answer:","8,506",8506,1.0,158,3,161,1
"Passage: By the end of 1986, Computer Entertainer claimed the Atari 7800 had sold 100,000 consoles in the United States, less than the Sega Master Systems 125,000 and the Nintendo Entertainment Systems 1.1 million. According to Atari, due to manufacturing problems, it only managed to produce and sell 100,000 units by 1986, including units that had been in a warehouse since 1984. A common complaint in 1986 was a lack of games, including a gap of months between new releases (Galagas release in August was followed by Xevious in November). By the end of 1986, the 7800 had 10 games, compared to Segas 20 and Nintendos 36; nine of the NES games were third-party, whereas the 7800 and Master System had no third-party games. A reason cited for the lack of third-party interest in the 7800 was its small 100,000 install base and low market penetration.
Question: How many more Sega Master Systems had been sold compared to Atari 7800?
Answer:","25,000 more Sega Master Systems had been sold compared to Atari 7800.",25000,0.15384615384615385,253,17,270,1
"Passage: When Major General Nathanael Greene took command in the South, Marion and Lieutenant Colonel Henry Lee were ordered in January 1781, to attack Georgetown but were unsuccessful. In April they took Fort Watson and in May they captured Fort Motte, and succeeded in breaking communications between the British posts in the Carolinas. On August 31, Marion rescued a small American force trapped by 500 British soldiers, under the leadership of Major C. Fraser. For this action he received the thanks of the Continental Congress. Marion commanded the right wing under General Greene at the Battle of Eutaw Springs. In January 1782, he was elected to a new State Assembly at Jacksonborough and left his troops to take up his seat. During his absence his brigade grew disheartened, particularly after a British sortie from Charleston, and there was reportedly a conspiracy to turn him over to the British. But in June of that year, he put down a Loyalist uprising on the banks of the Pee Dee River. In August he left his brigade and returned to his plantation. In 1782, the British Parliament suspended offensive operations in America, and in December 1782, the British withdrew their garrison from Charleston. The war was brought to an end by the Treaty of Paris.
Question: How many months had passed between the Georgetown attack and the capture of Fort Motte?
Answer:",Four months.,3|4|5|1,0.0,304,3,307,1
"Passage: As of the census of 2000, there were 102,121 people, 40,307 households, and 26,118 families residing in the city. The population density was 2,265.5 people per square mile (874.6/km2). There were 43,121 housing units at an average density of 956.6 per square mile (369.3/km2). The racial makeup of the city was 76.21% White (U.S. Census), 2.41% African American (U.S. Census), 1.73% Native American (U.S. Census), 0.67% Asian (U.S. Census), 0.06% Pacific Islander (U.S. Census), 15.20% from Race (United States Census), and 3.71% from two or more races. Latinos (U.S. Census) made up 44.13% of the population. 10.1% were of Germans, 8.1% Italians, 6.0% American, 5.5% English and 5.4% Irish ancestry according to Census 2000.
Question: How many people, in terms of percentage, were either Asian, African American, or Native American?
Answer:",4.81%,4.81,1.0,291,4,295,1
"Passage: Coming off their Thursday night home win over the Packers, the Cowboys flew to Ford Field for a Week 14 interconference duel with the Detroit Lions.  In the first quarter, Dallas trailed early as Lions RB T.J. Duckett getting a 32-yard TD run, along with kicker Jason Hanson getting a 19-yard field goal.  In the second quarter, the Cowboys got on the board with RB Marion Barber getting a 20-yard TD run.  Detroit would answer with Hanson kicking a 36-yard field goal, while RB Kevin Jones getting a 2-yard TD run.  The Cowboys ended the half with QB Tony Romo completing an 8-yard TD pass to Barber. In the third quarter, the Lions replied with Jones getting a 3-yard TD run for the only score of the period.  In the fourth quarter, Dallas came back and took the lead with Barber getting a 1-yard TD run and Romo completing a 16-yard TD pass to TE Jason Witten. With the win, the Cowboys improved to 12-1 and clinched the NFC East crown for the first time since 1998.
Question: How many fourth quarter touchdowns did Dallas score?
Answer:",Two,2,0.0,270,1,271,1
"Passage: Coming off their win over the Eagles, the Patriots returned home for an AFC duel with the Indianapolis Colts. The Patriots took the early lead, with a 39-yard field goal by Stephen Gostkowski, before placekicker and former Patriots Super Bowl hero Adam Vinateri hit back with a 31-yard field goal of his own early in the second quarter. The Patriots then reeled off 28 unanswered points, starting with quarterback Tom Brady tossing an 11-yard touchdown pass to tight end Rob Gronkowski, a 1-yard touchdown run by running back BenJarvus Green-Ellis just before halftime, then Brady threw two more touchdown passes to Gronkowski in the third quarter - a 21-yarder followed by a 2-yarder. In the fourth quarter, the Patriots were held scoreless and the Colts reeled off 21 unanswered points - a 5-yard touchdown run by running back Donald Brown, followed by two touchdown passes from Dan Orlovsky to wide receiver Pierre Gar&#231;on - a 33-yarder and a 12-yarder - the latter with 36 seconds remaining in regulation. Despite the touchdowns, one of Gar&#231;on's catches in the end zone was accompanied with an angry throw at a sign with a target meant for Gronkowski's trademark spike. A Colts' onside kick attempt near the end of the contest was unsuccessful, sealing the win for the Patriots.
Question: Who caught the first touchdown of the game?
Answer:",Rob Gronkowski,Rob Gronkowski,1.0,326,4,330,1
"Passage: In week 11, the Lions hosted their NFC North Division rivals the Green Bay Packers. The only scoring play of the first quarter was when Detroit's Jason Hanson kicked a 30-yard field goal. The Packers got on the board in the second quarter when Jermichael Finley caught a 20-yard touchdown pass from Aaron Rodgers. The Lions responded with a 1-yard touchdown run by Mikel Leshoure. In the third quarter, the Packers' M. D. Jennings intercepted a Matthew Stafford pass and ran it back 72 yards for a touchdown. The Lions responded with a Calvin Johnson 25-yard touchdown pass from Matthew Stafford. The Lions scored their final points in the fourth quarter when Jason Hanson kicked a 27-yard field goal. The Packers then scored a touchdown when Randall Cobb caught a 22-yard pass from Aaron Rodgers, and capped off their win with a 39-yard field goal by Mason Crosby.
Question: How many yards longer was Mason Crosby's longest field goal than Jason Hanson's longest field goal?
Answer:",12 yards.,9,0.0,234,3,237,1
"Passage: Among Richmond residents, 64.56% residents speak English, 23.13% speak Spanish, 2.11% speak Tagalog language, 1.75% speak Chinese, 1.20% speak Hmong-Mien languages, 1.12% speak Laotian language, 0.72% speak Punjabi language, 0.54% speak Cantonese language, 0.51% speak French, 0.5% speak Vietnamese language, 3.49% speak other languages, none of which represents more than half of one percent of the population.
Question: How many percent of residents do not speak English?
Answer:",35.44%,35.44,1.0,161,4,165,1
"Passage: According to statistical data from 2016, Cooke County has a population of 39,141 people (41% urban, 59% rural), nearly 14,000 households, and over 10,000 families. The population density was 42 per square mile (16/km²). The 15,061 housing units averaged 17 per square mile (7/km²). The Race (United States Census) of the county was 88.84% White, 3.06% Black or African American, 1.00% Native American, 0.34% Asian, 0.01% Pacific Islander, 5.16% from other races, and 1.61% from two or more races.  About 10% of the population was Hispanic or Latino of any race.
Question: How many percent of people were not Asian?
Answer:",99.66%,99.66,1.0,206,4,210,1
"Passage: The Population of Bermuda in 1727 included 4,470 whites (910 men; 1,261 boys; 1,168 women; 1,131 girls) and 3,877 coloured (787 men; 1,158 boys; 945 women; 987 girls). By 1871 the permanent population (not including the thousands of sailors and soldiers stationed in the colony) included 4,725 whites (2,118 males; 2,607 females) and 7,376 coloured (3,284 males and 4,112 females).
Question: How many more white men and boys were there in 1727 compared to coloured women and girls?
Answer:","There were 1,200 more white men and boys in 1727 compared to coloured women and girls.",239,0.0,167,22,189,1
"Passage: Coming off their special teams woes in 2010, the Chargers allowed a 103-yard opening kickoff return to Percy Harvin to start the season. Kicker Nate Kaeding suffered a season-ending injury on the play, and punter Mike Scifres assumed place kicking responsibilities for the game. The Chargers outscored the Vikings 10-0 in the fourth quarter to come back and win the game, 24-17. Fullback Mike Tolbert scored three touchdowns, and Philip Rivers completed 33 of 48 passes for 335 yards and two touchdowns. He was also intercepted twice.  Scifres kicked a 40-yard field goal, the first of his NFL career, and kicked three PATs.  With the win, the Chargers started their season out 1-0.
Question: How many field goals measuring 40-yards or longer were converted?
Answer:",One field goal measuring 40-yards or longer was converted.,1|0,0.0,205,13,218,1
"Passage: In 1905, 1,003 Korean immigrants, which included 802 men and 231 women and children, departed from the port of Chemulpo, Incheon aboard the ship Ilford to Salina Cruz, Oaxaca, Mexico. The journey took 45 days, after which they took a train to Coatzacoalcos, Veracruz. In the Veracruz port, another boat was taken to the port of Progreso with the final destination being the capital city of Mérida, Yucatan. They arrived in May 1905, with previously signed contracts for four years' work as indentured laborers on the Yucatán henequen haciendas. Many of these Koreans were distributed throughout the Yucatán in 32 henequen haciendas. The town of Motul, Yucatan, located in the heart of the henequen zone, was a destination for many of the Korean immigrants. Subsequently, in 1909, at the end of their contracts, they began a new stage in which they scattered even further  Thus, the majority of those who came were single men who made or remade their family lives with Yucatecan especially Maya women. While Korean girls were much more subject to marriages arranged by Korean parents, males had greater freedom when it came to making a family. This rapid intermarriage by Koreans, coupled with geographic dispersal, prevented the establishment of close social networks among these migrants and therefore provided the basis for Korean descendants among the Yucatan Peninsula. After that 1905 ship, no further entries of Koreans into Mexico were recorded, until many years later, leading to a new community of Koreans with completely different characteristics from those who entered in 1905. These descendants have started the Museo Conmemorativo de la Inmigración Coreana a Yucatán, a museum for the remembrance of their ancestors journey.
Question: How many Korean immigrants were more men than woman and children?
Answer:",571,571,1.0,427,1,428,1
"Passage: As of the census of 2000, there were 250,291 people, 99,187 households, and 60,702 families residing in the county. The population density was 298 people per square mile (115/km²). There were 104,217 housing units at an average density of 124 per square mile (48/km²). The racial makeup of the county was 90.07% Race (United States Census), 2.82% Race (United States Census) or Race (United States Census), 0.64% Race (United States Census), 2.86% Asian American, 0.06% Race (United States Census), 1.69% from Race (United States Census), and 1.87% from two or more races. 3.37% of the population were Race (United States Census) or Race (United States Census) of any race. 39.1% were of Germans, 7.9% English people and 7.8% Irish people ancestry according to Census 2000.
Question: Which group from the census is larger: Germans or Irish?
Answer:",Germans.,Germans,1.0,262,4,266,1
"Passage: The median age in the city was 22.1 years. 10.1% of residents were under the age of 18; 56.2% were between the ages of 18 and 24; 16.1% were from 25 to 44; 10.5% were from 45 to 64; and 7% were 65 years of age or older. The gender makeup of the city was 64.3% male and 35.7% female.
Question: How many percent were not female?
Answer:",64.3%,64.3,1.0,141,4,145,1
"Passage: As of the census of 2000, there were 7,791 people, 3,155 households, and 2,240 families residing in the county.  The population density was 16 people per square mile (6/km²).  There were 3,723 housing units at an average density of 8 per square mile (3/km²).  The racial makeup of the county was 97.63% Race (United States Census), 0.18% Race (United States Census) or Race (United States Census), 1.07% Race (United States Census), 0.19% Race (United States Census), 0.03% Race (United States Census), 0.22% from Race (United States Census), and 0.69% from two or more races.  1.26% of the population were Race (United States Census) or Race (United States Census) of any race. 33.7% were of germans, 13.9% swedish people, 10.1% irish people, 8.8% united states, 7.0% english people and 5.4% Danish people ancestry according to Census 2000.
Question: Which group is smaller according to the census: people or families?
Answer:",Families.,families,1.0,297,2,299,1
"Passage: The commune of Antony is part of the employment zone of Boulogne-Billancourt. The total working population of the commune is 27,979. The rate of employment between 20 and 59 years old is 79% compared to the national average is 82.2%. There are 2,216 unemployed. In 1999 Antony had an unemployment rate of 7.9% which was much lower than the national average which was 12.9%. The percentage of working people was 46.7% against 45.2% nationally. There were 16.4% retired, 29.3% of young people in school, and finally 7.5% of people without activity.
Question: How many percent higher was Antony's percentage of working people than the national average?
Answer:",1.5%,1.5,1.0,194,4,198,1
"Passage: Like most other European countries, Hungary is experiencing sub-replacement fertility; its estimated total fertility rate of 1.43 is well below the replacement rate of 2.1, albeit higher than its nadir of 1.28 in 1999. As a result, its population has gradually declining and rapidly aging. In 2011, the conservative government began a program to increase the birth rate with a focus on ethnic Magyars by reinstating 3 year maternity leave as well as boosting part-time jobs. The birth rate has gradually increased from 1.27 children born/woman in 2011. The natural decrease in the first 10 months of 2016 was only 25,828 which was 8,162 less than the corresponding period in 2015. In 2015, 47.9% of births were to unmarried women. Life expectancy was 71.96 years for men and 79.62 years for women in 2015, growing continuously since the End of Communism in Hungary (1989).
Question: Which had a lower life expectancy as of 2015, men or women?
Answer:",Men.,men,1.0,260,2,262,1
"Passage: Trying to snap a three-game losing skid, the Lions flew to the Hubert H. Humphrey Metrodome for a Week 13 NFC North rematch with the Minnesota Vikings.  In the first quarter, Detroit trailed early as Vikings RB Chester Taylor managed to get a 2-yard TD run.  The Lions would get on the board with kicker Jason Hanson nailing a 37-yard field goal.  In the second quarter, Minnesota replied with RB Adrian Peterson scoring a TD, but Detroit would respond with QB Jon Kitna completing a 1-yard TD pass to TE/FB Casey Fitzsimmons.  However, the Vikings immediately began a pounding with WR Aundrae Allison returning the kickoff 103 yards for a touchdown, while QB Tarvaris Jackson completed a 6-yard TD pass to WR Bobby Wade, along with a 2-yard TD pass to WR Sidney Rice.  In the third quarter, Minnesota ended its day with Peterson getting a 13-yard TD run for the only score of the half.
Question: How many touchdowns did Adrian Peterson score?
Answer:",Two touchdowns.,2|0,0.0,244,3,247,1
"Passage: Hoping to rebound from their home loss to the Vikings, the Cardinals flew to Gillette Stadium for a Week 16 interconference duel with the New England Patriots. Arizona would trail early in the first quarter as Patriots running back LaMont Jordan got a one-yard and a three-yard touchdown run. The Cardinals' east coast struggles continued in the second quarter as quarterback Matt Cassel completed a 15-yard touchdown pass to running back Kevin Faulk and an 11-yard touchdown pass to wide receiver Wes Welker, followed by kicker Stephen Gostkowski's 38-yard field goal. In the third quarter, Arizona's deficit continued to climb as Cassel completed a 76-yard touchdown pass to wide receiver Randy Moss, followed by Gostkowski's 35- and 24-yard field goal. In the fourth quarter, New England concluded its domination with Gostkowski's 30-yard field goal. The Cardinals would then get a meaningless touchdown as quarterback Matt Leinart completed a 78-yard touchdown pass to wide receiver Larry Fitzgerald. Original starting quarterback Kurt Warner (6/18 for 30 yards) was pulled in the third quarter via coach's decision.
Question: How many field goals over 30 yards were there?
Answer:",Three field goals over 30 yards.,2,0.0,272,8,280,1
"Passage: the total number of full-time equivalent jobs was 15,215. The number of jobs in the primary sector was 1,157, of which 1,052 were in agriculture and 105 were in forestry or lumber production. The number of jobs in the secondary sector was 6,008 of which 3,648 or (60.7%) were in manufacturing, 46 or (0.8%) were in mining and 2,139 (35.6%) were in construction. The number of jobs in the tertiary sector was 8,050. In the tertiary sector; 1,892 or 23.5% were in the sale or repair of motor vehicles, 520 or 6.5% were in the movement and storage of goods, 1,440 or 17.9% were in a hotel or restaurant, 140 or 1.7% were in the information industry, 347 or 4.3% were the insurance or financial industry, 708 or 8.8% were technical professionals or scientists, 528 or 6.6% were in education and 1,213 or 15.1% were in health care.
Question: How many percent of the jobs in the secondary sector were not in construction?
Answer:",39.3%,64.4,0.0,289,4,293,1
"Passage: On 12 November , a Constituent Assembly was elected. In these elections, 26 mandatory delegates were proposed by the Bolshevik Central Committee and 58 were proposed by the Socialist Revolutionaries. Of these mandatory candidates, only one Bolshevik and seven Socialist Revolutionary delegates were women. The outcome of the election gave the majority to the Socialist Revolutionary Party, which no longer existed as a full party by that time, as the Left SR Party was in coalition with the Bolsheviks. The Bolsheviks dissolved the Constituent Assembly in January 1918, when it came into conflict with the Soviets. On 16 December 1917 , the government ventured to eliminate hierarchy in the army, removing all titles, ranks, and uniform decorations. The tradition of saluting was also eliminated. On 20 December 1917 , the Cheka was created by the decree of Vladimir Lenin. These were the beginnings of the Bolsheviks' consolidation of power over their political opponents. The Red Terror was started in September 1918, following a failed assassination attempt on Lenin's life. The Jacobin Terror was an example for the Soviet Bolsheviks. Leon Trotsky had compared Lenin to Maximilien Robespierre as early as 1904. The Decree on Land ratified the actions of the peasants who throughout Russia gained private land and redistributed it among themselves. The Bolsheviks viewed themselves as representing an alliance of workers and peasants and memorialized that understanding with the Hammer and Sickle on the flag and coat of arms of the Soviet Union.Other decrees:
Question: What happened second: government ventured to eliminate hierarchy or the Cheka was created?
Answer:",The government ventured to eliminate hierarchy.,the Cheka was created|government ventured to eliminate|Cheka was created,0.888888888888889,365,7,372,1
"Passage: Hoping to rebound from their fourth-quarter collapse to the Panthers, the Vikings flew to Soldier Field to face Jay Cutler and the Chicago Bears in a Week 16 rematch to conclude the 40th season of Monday Night Football. Due to the Saints losing to Tampa Bay 20-17 in overtime the previous day, the Vikings needed to win their last two games and have the Saints lose to Carolina the next week in order to clinch homefield advantage. In the first quarter, the Bears drew first blood as kicker Robbie Gould nailed a 22-yard field goal for the only score of the period. In the second quarter, the Bears increased their lead with Gould nailing a 42-yard field goal. They increased their lead with Cutler firing a 7-yard TD pass to tight end Greg Olsen. The Bears then closed out the first half with Gould's 41-yard field goal. In the third quarter, the Vikes started to rally with running back Adrian Peterson's 1-yard touchdown run (with the extra point attempt blocked). The Bears increased their lead over the Vikings with Cutler's 2-yard TD pass to tight end Desmond Clark. The Vikings then closed out the quarter with quarterback Brett Favre firing a 6-yard TD pass to tight end Visanthe Shiancoe. An exciting fourth quarter ensued. The Vikings started out the quarter's scoring with kicker Ryan Longwell's 41-yard field goal, along with Adrian Peterson's second 1-yard TD run. The Bears then responded with Cutler firing a 20-yard TD pass to wide receiver Earl Bennett. The Vikings then completed the remarkable comeback with Favre finding wide receiver Sidney Rice on a 6-yard TD pass on 4th-and-goal with 15 seconds left in regulation. The Bears then took a knee to force overtime. In overtime, the Bears won the toss and marched down the field, stopping at the 35-yard line. However, the potential game-winning 45-yard field goal attempt by Gould went wide right, giving the Vikings a chance to win. After an exchange of punts, the Vikings had the ball at the 26-yard line with 11 minutes left in the period. On the first play of scrimmage, Favre fired a screen pass to Peterson who caught it and went 16 yards, before being confronted by Hunter Hillenmeyer, who caused Peterson to fumble the ball, which was then recovered by Bears' linebacker Nick Roach. The Bears then won on Jay Cutler's game-winning 39-yard TD pass to wide receiver Devin Aromashodu. With the loss, not only did the Vikings fall to 11-4, they also surrendered homefield advantage to the Saints.
Question: How many TD passes less than 10 yards did Cutler throw?
Answer:",One.,"2|11-4, they also surrendered",0.0,594,2,596,1
"Passage: On 31 December 1543, Henry and Charles had signed a treaty pledging to invade France in person by 20 June 1544; each was to provide an army of no less than 35,000 infantry and 7,000 cavalry for the venture. Against this Francis could muster about 70,000 men in his various armies. The campaign could not begin, however, until Henry and Charles had resolved their personal conflicts with Scotland and the German princes, respectively. On 15 May, Henry was informed by Edward Seymour, Earl of Hertford, that, after his raids, Scotland was no longer in a position to threaten him; he then began to make preparations for a personal campaign in France—against the advice of his council and the Emperor, who believed that his presence would be a hindrance. Charles had meanwhile reached an understanding with the princes at the Diet of Speyer, and the Electors of Saxony and Brandenburg had agreed to join his invasion of France. By May 1544, two Imperial armies were poised to invade France: one, under Ferrante Gonzaga, Viceroy of Sicily, north of Luxemburg; the other, under Charles himself, in the Palatinate. Charles had gathered a combined force of more than 42,000 for the invasion, and had arranged for another 4,000 men to join the English army. On 25 May, Gonzaga captured Luxembourg and moved towards Commercy and Ligny, issuing a proclamation that the Emperor had come to overthrow ""a tyrant allied to the Turks"". On 8 July, Gonzaga besieged Saint-Dizier; Charles and the second Imperial army soon joined him.
Question: How many days after Henry and Charles agreed to sign a treaty to invade France was the invasion of France to happen?
Answer:",201 days,171|200,0.0,394,2,396,1
"Passage: After the War of Independence and truce called in July 1921, representatives of the British government and the Irish treaty delegates, led by Arthur Griffith, Robert Barton and Michael Collins, negotiated the Anglo-Irish Treaty in London from 11 October to 6 December 1921. The Irish delegates set up headquarters at Hans Place in Knightsbridge, and it was here in private discussions that the decision was taken on 5 December to recommend the treaty to Dáil Éireann.The Second Dáil Éireann narrowly ratified the Treaty. In accordance with the treaty, on 6 December 1922 the entire island of Ireland became a self-governing Dominion called the Irish Free State . Under the Constitution of the Irish Free State, the Parliament of Northern Ireland had the option to leave the Irish Free State one month later and return to the United Kingdom. During the intervening period, the powers of the Parliament of the Irish Free State and Executive Council of the Irish Free State did not extend to Northern Ireland. Northern Ireland exercised its right under the treaty to leave the new Dominion and rejoined the United Kingdom on 8 December 1922. It did so by making an address to the King requesting, ""that the powers of the Parliament and Government of the Irish Free State shall no longer extend to Northern Ireland."" The Irish Free State was a constitutional monarchy sharing a monarch with the United Kingdom and other Dominions of the British Commonwealth. The country had a governor-general , a bicameral parliament, a cabinet called the ""Executive Council"", and a prime minister called the President of the Executive Council.
Question: How many days did it take to negotiate the Anglo-Irish Treaty?
Answer:",56 days,57|56,0.6666666666666666,366,2,368,1
"Passage: One week later, Dallas faced the 1993 San Francisco 49ers season in the NFC Championship Game for the second year in a row in what was, at the time, the last NFL game to air on CBS.  The 49ers had the NFLs highest scoring offense with 473 points, 97 more than the runner-up Cowboys.  The last time the two teams played for the NFC title, Dallas won when Aikman thwarted an attempted 49ers comeback with a touchdown drive late in the fourth quarter.  But this time, the game was extremely one-sided.  The Cowboys scored touchdowns on four of their five first-half possessions.  By the end of the half, Dallas had a commanding 28-7 lead.  Aikman completed 14 of 18 passes for 177 yards and three touchdowns with no interceptions, while also rushing for 25 yards, but was knocked out of the game with a concussion in the third quarter.  Then San Francisco scored a touchdown, making the score 28-14 with plenty of time left for a comeback.  However, their hopes were soon dashed as backup quarterback Bernie Kosar, who had already played in three conference championship games and was unable to advance to the Super Bowl each time, led the Cowboys 82 yards to go up 35-14 on his 42-yard touchdown pass to Alvin Harper.  Murray then put the finishing touches on San Francisco with a 50-yard field goal, while all the 49ers could do was score a useless touchdown in ""garbage time"" to make the final score 38-21.  Smith rushed for 88 yards, caught seven passes for 85 yards, and scored two touchdowns.  Meanwhile, the Dallas defense held 49ers running back Ricky Watters, who rushed for over 100 yards and scored 5 touchdowns in the divisional round, to just 37 yards on 12 carries.
Question: How many of the 18 passes Aikman threw were incomplete?
Answer:",4,4,1.0,437,1,438,1
"Passage: With the end of the ""crack epidemic"" in the mid-1990s and with the initiation of aggressive policing under mayors David Dinkins and subsequently  Rudolph Giuliani, crime in Harlem plummeted. In 1981, 6,500 robberies were reported in Harlem; robberies dropped to 4,800 in 1990 during David Dinkins mayoralty. By 2000, only 1,700 robberies were reported, and by 2010, only 1,100 were reported. There have been similar changes in all categories of crimes tracked by the New York City Police Department. In the 32nd Precinct, which services Central Harlem above 127th Street, for example, between 1990 and 2013, the murder rate dropped 89.4%, the rape rate dropped 67.5%, the robbery rate dropped 74.2%, burglary dropped 93.4%, and the total number of crime complaints dropped 77.6%.
Question: What crime's rae dropped the least?
Answer:",Rape rate.,rape,0.6666666666666666,245,5,250,1
"Passage: As of 2000, there were 19,306 households out of which 32.8% had children under the age of 18 living with them, 44.0% were married couples living together, 11.6% had a female householder with no husband present, and 39.9% were non-families. 23.2% of all households were made up of individuals and 3.8% had someone living alone who was 65 years of age or older. The average household size was 2.59 and the average family size was 3.13.
Question: How many percent are not households made up of individuals?
Answer:",76.8%,76.8,1.0,165,4,169,1
"Passage: According to the market research firm SuperData, as of May 2015, the global games market was worth USD 74.2 billion. By region, North America accounted for $23.6 billion, Asia for $23.1 billion, Europe for $22.1 billion and South America for $4.5 billion. By market segment, mobile games were worth $22.3 billion, retail games 19.7 billion, free-to-play Massively multiplayer online game 8.7 billion, social games $7.9 billion, PC Downloadable content 7.5 billion, and other categories $3 billion or less each.
Question: Which regions accounted for more than $23 billion dollars each of the global games market?
Answer:",North America and Asia.,North America and Asia,1.0,178,5,183,1
"Passage: In 1570 MacGill reluctantly accepted appointment as Provost of Edinburgh. In November 1571, during the War between Leith and Edinburgh when Mary's supporters held Edinburgh Castle, MacGill was sent with Robert Pitcairn, Commander of Dunfermline to negotiate with Henry, Lord Hunsdon at Berwick upon Tweed. MacGill was to ask for 8 cannons, 3000 footmen and pikemen, and support for 1000 Scots troops, in the cause of the ""maintenance and protection of the true religion to the confusion of those that now goes about to disturb the same"". MacGill had a particular interest in the siege as the ""registers and records of the chief matters"" were guarded by artillery at Edinburgh Castle, together with the Scottish Crown jewels. The forces holding Edinburgh Castle, known as the Castilians, in 1572 twice destroyed MacGill's stronghouses in Edinburgh, and while the siege lasted the Burgh Council met in exile at Leith. Regent Morton wrote to MacGill in 1575 asking him to re-negotiate a gold and silver mining contract with the Dutch engineer Cornelius de Vos. A portrait painter working in Scotland at this time, Arnold Bronckorst, was associated with Cornelius and Nicholas Hilliard. Morton also obtained passports for MacGill's sons, John and David, to travel to France to continue their studies. MacGill died on 16 October 1579. Alexander Hay succeeded him as Lord Clerk Register. His executors were his wife Janet Adamsoun and son, Master James Adamson.
Question: How many years after MacGill was appointed Provost of Edinburgh did he die?
Answer:",9 years.,9,0.6666666666666666,366,3,369,1
"Passage: With Spain's transition to democracy following Franco's death, celebration of the comuneros started to become permissible again.  On April 23, 1976, a small ceremony was held clandestinely in Villalar; only two years later, in 1978, the event had become a huge demonstration of 200,000 in support of Castilian autonomy.  The autonomous community of Castile and León was created in response to public demand in 1983, and it recognized April 23 as an official holiday in 1986.  Similarly, each February 3 since 1988 has been celebrated by the Castilian nationalist party Tierra Comunera in Toledo.  The celebration highlights the roles of Juan de Padilla and María Pacheco, and is done in memory of the rebellion in 1522, the last event of the war.
Question: How many years after the small ceremony was held in Villlalar did it become an official holiday?
Answer:",Ten years.,10,0.0,221,3,224,1
"Passage: The ages of New Havens residents are 25.4% under the age of 18, 16.4% from 18 to 24, 31.2% from 25 to 44, 16.7% from 45 to 64, and 10.2% who were 65 years of age or older. The median age is 29 years, which is significantly lower than the national average. There are 91.8 males per 100 females. For every 100 females age 18 and over, there are 87.6 males.
Question: How many percent of people are between 18 and 64?
Answer:",64.3%,64.3,1.0,163,4,167,1
"Passage: In literature, apart from Scott's Waverley novels, the best-known books with the Rebellion as a backdrop include Robert Louis Stevenson's novels Kidnapped and Catriona, the Jacobite trilogy by D.K. Broster and in modern times, Diana Gabaldon's Outlander novels. While not strictly related to the '45, the British author Joan Aiken wrote a series of children's books set in an alternative 18th-century Britain where James II was never deposed and his son James III battles constant pro-Hanoverian conspiracies. Significant screen versions include 1948's Bonnie Prince Charlie starring David Niven who summarised it as 'one of those huge, florid extravaganzas that reek of disaster from the start' and Culloden, Peter Watkins' 1964 docu-drama. In addition to the current Outlander TV series, the aftermath of the Rebellion is the theme of the now lost 1966 Dr Who series The Highlanders. Musical references to the '45 are numerous, both in bagpipe music  and in song; the most famous is the Skye Boat Song but there are many others, one collection being the 1960 album Songs of Two Rebellions: The Jacobite Wars of 1715 and 1745 in Scotland by Ewan MacColl and Peggy Seeger.
Question: Which was published first, the Outlander novels or Kidnapped?
Answer:",Kidnapped.,Kidnapped,1.0,316,4,320,1
"Passage: From 1962 to 1999, women entering the U.S. workforce represented a nearly 8 percentage point increase in the overall LFPR. The U.S. overall LFPR (age 16+) has been falling since its all-time high point of 67.3% reached in January-April 2000, reaching 62.7% by January 2018. This decline since 2000 is primarily driven by the retirement of the Baby Boom generation. Since the overall labor force is defined as those age 16+, an aging society with more persons past the typical prime working age (25-54) exerts a steady downward influence on the LFPR. The decline was forecast by economists and Demography going back into the 1990s, if not earlier. For example, during 1999 the BLS forecast that the overall LFPR would be 66.9% in 2015 and 63.2% in 2025. A 2006 forecast by Federal Reserve economists (i.e., before the Great Recession that began in December 2007) estimated the LFPR would be below 64% by 2016, close to the 62.7% average that year.
Question: How many years was the time span where women entering the U.S. workforce represented a nearly 8 percentage point increase in the overall LFPR?
Answer:",37 years,37,0.6666666666666666,309,2,311,1
"Passage: Hoping to rebound from their road loss to the Browns, the Bills went home for their last home game of the season as they hosted a Week 16 interconference duel against the New York Giants.  In the first quarter, Buffalo got off to a fast start as rookie QB Trent Edwards completed a 3-yard TD pass to TE Michael Gaines and a 4-yard TD pass to WR Lee Evans.  In the second quarter, the Giants took the lead with RB Brandon Jacobs getting a 6-yard and a 43-yard TD run, along with kicker Lawrence Tynes getting a 42-yard field goal. In the third quarter, the Bills regained the lead with rookie RB Marshawn Lynch getting a 3-yard TD run for the only score of the period.  However, in the fourth quarter, New York pulled away as LB Kawika Mitchell returning an interception 30 yards for a touchdown, RB Ahmad Bradshaw getting an 88-yard TD run, and CB Corey Webster returning an interception 34 yards for a touchdown.
Question: How many more yards was the longest touchdown of the game compared to the shortest?
Answer:",85 yards,85,0.6666666666666666,254,2,256,1
"Passage: Coming off their home upset over the Colts, the Chargers flew to Jacksonville Municipal Stadium for a Week 11 intraconference duel with the Jacksonville Jaguars.  In the first quarter, San Diego trailed early as Jaguars kicker Josh Scobee managed to get a 48-yard field goal, along with RB Maurice Jones-Drew getting a 1-yard TD run.  In the second quarter, the Chargers got on the board with kicker Nate Kaeding getting a 23-yard field goal.  However, Jacksonville responded with QB David Garrard completing a 36-yard TD pass to WR Reggie Williams. In the third quarter, San Diego responded with RB LaDainian Tomlinson getting a 6-yard TD run, yet the Jaguars answered with Garrard completing a 1-yard TD pass to TE Marcedes Lewis.  In the fourth quarter, the Chargers tried to make a comeback as QB Philip Rivers completed a 24-yard TD pass to TE Antonio Gates.  But it was too-little too-late, as Jacksonville's defense held on to win.
Question: How many field goals did Kaeding have?
Answer:",One field goal.,1,0.0,254,4,258,1
"Passage: Birth registration of Bahrain is available from 1976, death registration started in 1990. Between 1976 and 2011 the number of baby births roughly doubled but the birth rate of babies decreased from 32 to 13 per 1,000. The death rate of Bahrain  is among the lowest in the world.
Question: How many did the birth rate of babies decrease by?
Answer:","The birth rate of babies decreased by 19 per 1,000.",19,0.19999999999999998,108,15,123,1
"Passage: At the census of 2000, there were 15,557 people, 6,123 households, and 4,365 families residing in the county. The population density was 46 people per square mile (18/km²). There were 7,348 housing units at an average density of 22 per square mile (8/km²). The racial makeup of the county was 97.36% Race (U.S. census), 0.49% Race (U.S. census) or Race (U.S. census), 0.71% Race (U.S. census), 0.26% Race (U.S. census), 0.02% Race (U.S. census), 0.12% from race (U.S. census), and 1.03% from two or more races. 0.47% of the population were Race (U.S. census) or Race (U.S. census) of any race.
Question: Which group is bigger that resided in the county according to the 2000 census: people or households?
Answer:",People.,"people|15,557 people, 6,123 households",1.0,251,2,253,1
"Passage: As of the 2010 United States Census, there were 244,826 people, 90,218 households, and 66,335 families residing in the county. The population density was . There were 95,554 housing units at an average density of . The racial makeup of the county was 81.2% white, 12.7% black or African American, 2.4% Asian, 0.3% American Indian, 0.1% Pacific islander, 0.9% from other races, and 2.5% from two or more races. Those of Hispanic or Latino origin made up 3.5% of the population. In terms of ancestry, 28.1% were German, 19.8% were Irish, 12.2% were English, 9.9% were Italian, 6.8% were Polish, and 6.2% were American.
Question: How many percent were not American?
Answer:",93.8%,93.8,1.0,231,4,235,1
"Passage: , the gender distribution of the population was 50.2% male and 49.8% female.  The age distribution, , in Cunter is; 18 people or 9.1% of the population are between 0 and 9 years old.  7 people or 3.5% are 10 to 14, and 16 people or 8.1% are 15 to 19.  Of the adult population, 29 people or 14.6% of the population are between 20 and 29 years old.  28 people or 14.1% are 30 to 39, 36 people or 18.2% are 40 to 49, and 31 people or 15.7% are 50 to 59.  The senior population distribution is 13 people or 6.6% of the population are between 60 and 69 years old, 15 people or 7.6% are 70 to 79, there are 4 people or 2.0% who are 80 to 89, and there are 1 people or 0.5% who are 90 to 99.
Question: How many total people are there in the population?
Answer:",198,198,1.0,290,1,291,1
"Passage: The Steelers went back home for another showdown with the Patriots. This game is notable for being the very first game that QB Ben Roethlisberger would miss out on against the Patriots. In the first quarter, The Patriots scored first when Tom Brady found James White on a 19-yard touchdown pass for a 7-0 lead for the only score of the period. In the second quarter, they increased their lead when LaGarrette Blount ran for a 3-yard touchdown to make it 14-0. The Steelers got on the board later on in the quarter when Landry Jones found Darrius Heyward-Bey on a 14-yard touchdown pass for a 14-7 game. The Steelers closed out the scoring of the first half when Chris Boswell kicked a 32-yard field goal for a 14-10 game at halftime. In the third quarter, the Steelers went back to work as Boswell kicked another field goal to get his team within 1, 14-13 from 46 yards out. The Pats pulled away later on when Brady found Rob Gronkowski on a 36-yard touchdown pass (with a failed PAT) for a 20-13 game. In the fourth quarter, the Steelers came within 4 again when Boswell made a 44-yard field goal for a 20-16 game. But the Pats sealed the game after Blount ran for a 5-yard touchdown and the eventual final score of 27-16. With the loss, the Steelers went into their bye week at 4-3. Regardless, due to the Ravens' loss to the Jets, they still remain in first place in the AFC North. The team dropped to 0-1 on the season without Roethlisberger as a starter and their seven-game home winning streak was snapped.
Question: How many total touchdowns were scored in the game?
Answer:",Four touchdowns were scored in the game.,5,0.0,409,8,417,1
"Passage: Coming off their home win over the Chicago Bears, the Redskins traveled to Giants Stadium for a Week 15 Sunday night NFC East rematch with the New York Giants. Quarterback Todd Collins would be making his first start since 1997. In the first quarter, the Redskins drew first blood when the kicker Shaun Suisham nailed a 49-yard field goal for the only score of the quarter. In the second quarter, the Redskins increased its lead with Suisham kicking a 31-yard field goal, and to add to it after with running back Ladell Betts getting a 14-yard touchdown run. The Giants would get on the board with kicker Lawrence Tynes getting a 35-yard field goal. The Redskins would end the half with Suisham nailing a 28-yard field goal. In the third quarter, the Redskins continued its dominance with running back Clinton Portis gets a 5-yard touchdown run. The Giants tried to rally as quarterback Eli Manning completed a 19-yard touchdown pass to tight end Kevin Boss. Afterwards, the Redskins' defense (along with the wind) held the Giants in check.
Question: Who kicked the longest FG?
Answer:",Shaun Suisham,Shaun Suisham|Suisham,1.0,263,5,268,1
"Passage: Following this victory, Edward realized that to create a force capable of retaking Jerusalem it would be necessary to end the internal unrest within the Christian state, and so he mediated between Hugh and his unenthusiastic knights from the Ibelin family of Cyprus.  In parallel to the mediation, Prince Edward and King Hugh began negotiating a truce with Sultan Baibars; a 10-year-10-month-and-10-day agreement was reached in May 1272, at Caesarea. Almost immediately Prince Edmund departed for England, while Edward remained to see if the treaty would hold. The following month, an attempt to assassinate Edward was made. Several versions of who sent the assassin exist. According to different versions, the assassin was sent by the emir of Ramlah or by Baibars. Some legends also say that the assassin was sent by the ""Old Man of the Mountains"", leader of a heretical Muslim sect. Edward killed the assassin but received a festering wound from a poisoned dagger in the process, further delaying Edward's own departure. In September 1272, Edward departed Acre for Sicily and, while recuperating on the island, he first received news of the death of his son John, and then a few months later news of the death of his father.  In 1273 Edward started his homeward journey via Italy, Gascony and Paris. Edward finally reached England in the middle of 1274, and was crowned King of England on 19 August 1274.
Question: After Edmund left, how much time passed before the assassination attempt on Edward was made?
Answer:",The assassination attempt on Edward was made the following month after Edmund departed.,The following month|month,0.3076923076923077,352,14,366,1
"Passage: Coming off their divisional home win over the Ravens, the Browns flew to Gillette Stadium for a Week 5 intraconference duel with the New England Patriots. In the first quarter, Cleveland trailed early as Patriots kicker Adam Vinateri got a 20-yard field goal, while QB Tom Brady completed a 34-yard TD pass to WR Dont&#233; Stallworth. In the second quarter, the Browns continued to struggle as Gostkowski gave New England a 25-yard field goal, while Brady completed a 7-yard TD pass to TE Benjamin Watson. In the third quarter, Cleveland tried to come back with kicker Phil Dawson getting a 42-yard field goal for the only score of the period. In the fourth quarter, the Browns drew closer with QB Derek Anderson completing a 21-yard TD pass to WR Tim Carter. However, the Patriots responded with Brady and Watson hooking up with each other on a 25-yard TD pass. The Browns tried to catch up with Anderson completing a 14-yard TD pass to TE Kellen Winslow. New England sealed its win with CB Randall Gay returning a fumble 19&#160;yards for a touchdown.
Question: How many touchdown receptions did Benjamin Watson have?
Answer:",One touchdown reception.,2,0.0,274,4,278,1
"Passage: The Kingdom of Hungary , also known as the Regency, existed from 1920 to 1946 as a de factonote 1 country under Regent Miklós Horthy. Horthy officially represented the Hungarian monarchy of Charles IV, Apostolic King of Hungary. Attempts by Charles IV to return to the throne were prevented by threats of war from neighbouring countries and by the lack of support from Horthy. The country has been regarded by some historians to have been a client state of Germany from 1938 to 1944. The Kingdom of Hungary under Horthy was an Axis Power during most of World War II.  In 1944, after Horthy's government negotiated secretly with the Allies, and considered to leave the war as well, Hungary was occupied by Nazi Germany and Horthy was deposed. The Arrow Cross Party's leader Ferenc Szálasi established a new Nazi-backed government, effectively turning Hungary into a German-occupied puppet state. After World War II, Hungary fell within the Soviet Union's sphere of interest. In 1946, the Second Hungarian Republic was established under Soviet influence. In 1949, the communist Hungarian People's Republic was founded.
Question: How many years after the Second Hungarian Republic was established was the Hungarian People's Republic founded?
Answer:",Three years.,3,0.0,284,3,287,1
"Passage: The age distribution, , in Lausanne is; 11,818 children or 9.4% of the population are between 0 and 9 years old and 12,128 teenagers or 9.7% are between 10 and 19. Of the adult population, 21,101 people or 16.8% of the population are between 20 and 29 years old. 22,158 people or 17.6% are between 30 and 39, 18,016 people or 14.4% are between 40 and 49, and 13,940 people or 11.1% are between 50 and 59. The senior population distribution is 11,041 people or 8.8% of the population are between 60 and 69 years old, 8,277 people or 6.6% are between 70 and 79, there are 5,896 people or 4.7% who are between 80 and 89, and there are 1,171 people or 0.9% who are 90 and older.
Question: Were there more people under the age of 29 or over the age of 60?
Answer:",There were more people under the age of 29.,under the age of 29,0.6666666666666666,278,11,289,1
"Passage: Hoping to rebound from their fourth-quarter collapse to the Panthers, the Vikings flew to Soldier Field to face Jay Cutler and the Chicago Bears in a Week 16 rematch to conclude the 40th season of Monday Night Football. Due to the Saints losing to Tampa Bay 20-17 in overtime the previous day, the Vikings needed to win their last two games and have the Saints lose to Carolina the next week in order to clinch homefield advantage. In the first quarter, the Bears drew first blood as kicker Robbie Gould nailed a 22-yard field goal for the only score of the period. In the second quarter, the Bears increased their lead with Gould nailing a 42-yard field goal. They increased their lead with Cutler firing a 7-yard TD pass to tight end Greg Olsen. The Bears then closed out the first half with Gould's 41-yard field goal. In the third quarter, the Vikes started to rally with running back Adrian Peterson's 1-yard touchdown run (with the extra point attempt blocked). The Bears increased their lead over the Vikings with Cutler's 2-yard TD pass to tight end Desmond Clark. The Vikings then closed out the quarter with quarterback Brett Favre firing a 6-yard TD pass to tight end Visanthe Shiancoe. An exciting fourth quarter ensued. The Vikings started out the quarter's scoring with kicker Ryan Longwell's 41-yard field goal, along with Adrian Peterson's second 1-yard TD run. The Bears then responded with Cutler firing a 20-yard TD pass to wide receiver Earl Bennett. The Vikings then completed the remarkable comeback with Favre finding wide receiver Sidney Rice on a 6-yard TD pass on 4th-and-goal with 15 seconds left in regulation. The Bears then took a knee to force overtime. In overtime, the Bears won the toss and marched down the field, stopping at the 35-yard line. However, the potential game-winning 45-yard field goal attempt by Gould went wide right, giving the Vikings a chance to win. After an exchange of punts, the Vikings had the ball at the 26-yard line with 11 minutes left in the period. On the first play of scrimmage, Favre fired a screen pass to Peterson who caught it and went 16 yards, before being confronted by Hunter Hillenmeyer, who caused Peterson to fumble the ball, which was then recovered by Bears' linebacker Nick Roach. The Bears then won on Jay Cutler's game-winning 39-yard TD pass to wide receiver Devin Aromashodu. With the loss, not only did the Vikings fall to 11-4, they also surrendered homefield advantage to the Saints.
Question: How many yards longer was Robbie Gould's longest field goal than Ryan Longwell's longest field goal?
Answer:",1 yard,1,0.6666666666666666,600,2,602,1
"Passage: The Browns opened division play in a week 5 battle with the Baltimore Ravens.  Ravens QB Joe Flacco entered this game with a 13-1 record against the Browns. The Ravens' defense was strong, limiting the running game to just 9 yards on the first 8 attempts, with constant blitz pressure forcing Browns QB Josh McCown to make the right reads on his passes. The Ravens led 14-3 after the first quarter and 21-9 early in the third quarter.  At that point, the Browns began to come back.  The Browns scored a touchdown to make it 21-16 heading into the 4th quarter.  Connecting with TE Gary Barnidge on an 80-yd drive in the fourth quarter, the Browns led for the first time at 22-21. Teams then traded scores, with the Ravens leading 27-22, then the Browns leading 30-27 with three minutes left in regulation.  The Ravens used those three minutes to drive down the field and tie the game with a field goal. Tied at 30 after regulation, the game headed into overtime. The Ravens got the ball first. The Browns' defense forced a 3-and-out, and Travis Benjamin set up the punt at the Brown's 35. The Ravens failed to force a punt or turnover as the Browns drove down the field to the Ravens' 14 yard line, where K Travis Coons would kick the game-winning field goal . McCown completed passes to nine different receivers; four of them&#8212;Gary Barnidge, Travis Benjamin, Andrew Hawkins and Taylor Gabriel&#8212;had six or more receptions. He finished 36/51 for a career-high 457 yards with two passing touchdowns and a rushing touchdown. McCown also became the first quarterback in franchise history to throw 300+ passing yards in three straight games.  The Browns ran the ball 25 times, with seven carries in overtime to set up the game-winning field goal by Coons, who is now 10-for-10 to start his career. With the win, the Browns improved to 2-3 and moved into 3rd place in the AFC North.  The Browns snapped a five-game road losing streak and a seven-game losing streak in Baltimore.  This was also the Browns' first overtime win since November 18, 2007, coincidentally a 33-30 road victory over the Ravens in the infamous ""Dawson Bar"" Game. For his performance, QB Josh McCown was named AFC Offensive Player of the Week. As of 2018, this game is the last road win for the Cleveland Browns and also the last time the Browns defeated an AFC North rival.
Question: How many Cleveland receivers had at least 6 catches?
Answer:",Four receivers.,4,0.0,599,3,602,1
"Passage: Coming off their divisional home win over the Rams, the 49ers flew to Texas Stadium for a Week 12 game with the throwback-clad Dallas Cowboys.  In the first quarter, the Niners struck first as kicker Joe Nedney got a 23-yard and a 22-yard field goal.  In the second quarter, the Cowboys took the lead as QB Tony Romo completed a 75-yard TD pass to former 49ers WR Terrell Owens.  Dallas continued its domination as LB Carlos Polk blocked punter Andy Lee's punt into the back of the endzone for a safety.  The Cowboys closed out its period of power as kicker Nick Folk got a 48-yard and a 41-yard field goal, along with Romo completing a 1-yard TD pass to TE Martellus Bennett. In the third quarter, Dallas increased its lead with Romo completing a 10-yard TD pass to WR Patrick Crayton.  San Francisco tried to rally as Nedney got a 35-yard field goal.  In the fourth quarter, the Cowboys answered with Folk getting a 47-yard field goal.  The 49ers tried to come back as QB Shaun Hill completed an 18-yard TD pass to WR Isaac Bruce, but Dallas replied with Folk nailing a 42-yard field goal.  The Niners tried to rally as Hill completed a 9-yard TD pass to RB DeShaun Foster, but that would be as close as San Francisco's comeback would get.
Question: How many total field goal yards did Joe Nedney kick?
Answer:",45 yards,80|2,0.0,346,2,348,1
"Passage: There were 1,882 households of which 21.4% had children under the age of 18 living with them, 36.4% were Marriage living together, 9.7% had a female householder with no husband present, 3.6% had a male householder with no wife present, and 50.4% were non-families. 37.7% of all households were made up of individuals and 13% had someone living alone who was 65 years of age or older. The average household size was 2.20 and the average family size was 2.90.
Question: How many percent are not households made up of individuals?
Answer:",62.3%,62.3,1.0,170,4,174,1
"Passage: There were 88,296 households out of which 29.5% had children under the age of 18 living with them, 53.3% were Marriage living together, 9.1% had a female householder with no husband present, and 33.4% were non-families. 26.1% of all households were made up of individuals, 31.5% of households had individuals under 18 years, and 9.5% had someone living alone who was 65 years of age or older.  The average household size was 2.44 and the average family size was 2.96.
Question: Which group for households is smaller: Marriage living together or non-families?
Answer:",Non-families.,non-families,1.0,179,5,184,1
"Passage: In the county, the population is spread out with 24.60% under the age of 18, 6.40% from 18 to 24, 22.80% from 25 to 44, 25.40% from 45 to 64, and 20.80% who are 65 years of age or older.  The median age is 42 years.  For every 100 females there are 95.90 males.  For every 100 females age 18 and over, there are 90.50 males.
Question: Which age group is smaller: under the age of 18 or 18 to 24?
Answer:",18 to 24,18 to 24,1.0,166,4,170,1
"Passage: Among Richmond residents, 64.56% residents speak English, 23.13% speak Spanish, 2.11% speak Tagalog language, 1.75% speak Chinese, 1.20% speak Hmong-Mien languages, 1.12% speak Laotian language, 0.72% speak Punjabi language, 0.54% speak Cantonese language, 0.51% speak French, 0.5% speak Vietnamese language, 3.49% speak other languages, none of which represents more than half of one percent of the population.
Question: Of the languages listed, which is the second least common?
Answer:",Cantonese language,French,0.0,163,4,167,1
"Passage: Hoping to break a two-game losing streak the Texans flew to LP Field for an AFC South rivalry rematch against the Titans. The Texans trailed early after QB Kerry Collins threw a 3 and a 1-yard TD pass to WR Nate Washington and to WR Justin Gage. This was followed by RB Chris Johnson getting an 11-yard TD run. The Texans got on the scoreboard after kicker Neil Rackers made a 37-yard field goal, but fell further behind after kkicker Rob Bironas hit a 30-yard field goal. The Texans tried to cut the lead with QB Matt Schaub getting a 12-yard TD pass to WR Andre Johnson, but the Titans would pull away with RB Javon Ringer getting a 7-yard TD run. The Texans tried to come back into the game, but only came away with Schaub throwing a 4-yard TD pass to WR Kevin Walter. With the loss, the Texans fell to 5-9, and were officially eliminated from postseason contention.
Question: Which player had the longest touchdown reception?
Answer:",WR Andre Johnson,Andre Johnson,0.8,241,3,244,1
"Passage: In the census of 2010, there were 66,135 people, 26,265 (2000 data) households, and 14,051 (2000 data) families residing in the city. The population density was 6,096.7 people per square mile (2,199.9/km²). There were 30,272 (2000 data) housing units at an average density of 2,790.6 per square mile (1,077.2/km²). The racial makeup of the city was 59.38% (52.31% Non-Hispanic) (7.07 White-Hispanic) White (U.S. Census), 24.19% African American (U.S. Census), 14.47% Hispanic (U.S. Census) or Latin (U.S. Census)) of any race, 8.24% from Race (United States Census), 5.74% from two or more races, 2.62% Asian (U.S. Census), 0.69%  Native American (U.S.Census), and 0.14% Pacific Islander (U.S. Census). There is a growing Guyana population in the area. The top ancestries self-identified by people on the census are Italian (13.6%), Guyanese (12.3%), Irish (12.1%), Puerto Rican (10.1%), German (8.7%), English (6.0%), Polish (5.4%), French (4.4%). These reflect historic and early 20th-century immigration, as well as that since the late 20th century.
Question: How many more households are there than families?
Answer:","12,214 households.",12214,0.6666666666666666,377,5,382,1
"Passage: Wilkins was honored by several sports publications the next season as the NBA Comeback Player of the Year. He scored an average of 27.7 points per game in the first month of the season. He then suffered a setback when he fractured the ring finger on his right hand on December 15, sitting out the next 11 games. He returned to rack up 29.4 points per game on .487 shooting in January, then added 31.5 points per game on .519 shooting in February. By the end of the season, his scoring average was up to 29.9, second in the league behind Michael Jordans 32.6. When Wilkins scored his 31st point in a February 2 game against the 1992-93 Seattle SuperSonics season, he broke Bob Pettits franchise scoring record of 20,880 points. He had developed into a full-fledged three-point threat, hitting 120 of 316 attempts from long range to shatter his previous career bests. He was later selected to the All-NBA Second Team. The 1992-93 Chicago Bulls season swept the Hawks in the first round of the playoffs 3-0.
Question: How many more average points per game did Wilkins get over Michael Jordan?
Answer:","Wilkins averaged 29.9 points per game, which is 2.7 points less than Michael Jordan's 32.6 points per game.",2.7,0.10526315789473684,289,31,320,1
"Passage: Hoping to rebound from their home loss to the Vikings, the Cardinals flew to Gillette Stadium for a Week 16 interconference duel with the New England Patriots. Arizona would trail early in the first quarter as Patriots running back LaMont Jordan got a one-yard and a three-yard touchdown run. The Cardinals' east coast struggles continued in the second quarter as quarterback Matt Cassel completed a 15-yard touchdown pass to running back Kevin Faulk and an 11-yard touchdown pass to wide receiver Wes Welker, followed by kicker Stephen Gostkowski's 38-yard field goal. In the third quarter, Arizona's deficit continued to climb as Cassel completed a 76-yard touchdown pass to wide receiver Randy Moss, followed by Gostkowski's 35- and 24-yard field goal. In the fourth quarter, New England concluded its domination with Gostkowski's 30-yard field goal. The Cardinals would then get a meaningless touchdown as quarterback Matt Leinart completed a 78-yard touchdown pass to wide receiver Larry Fitzgerald. Original starting quarterback Kurt Warner (6/18 for 30 yards) was pulled in the third quarter via coach's decision.
Question: How many yards was the longest touchdown in the first two quarters?
Answer:",15 yards,15,0.6666666666666666,274,2,276,1
"Passage: According to the United Kingdom Census 2011, 45.7% of the population was White people (34.5% white British, 1.1% Irish migration to Great Britain, 0.2% Gypsy (term) or Irish Traveller, 9.9% Other White), 3.4% of Mixed (United Kingdom ethnicity category) (1.2% white and black Caribbean, 0.4% white and black African, 1.0% white and Asian, 0.8% other mixed), 39.7% British Asian (17.7% British Pakistanis, 15.6% British Indian, 0.4% British Bangladeshi, 0.6% British Chinese, 5.4% other Asian), 8.6% Black British (5.4% African, 2.2% British African-Caribbean people, 1.0% Other Black), 0.7% British Arab and 1.9% of other ethnic heritage. In the post-war years, immigrants from the Commonwealth of Nations, notably Anguilla, Antigua and Barbuda, India and Pakistan came to the town.
Question: How many percent of the population in the UK was not white?
Answer:",54.3%,54.3,1.0,288,4,292,1
"Passage: Thailand is the worlds third largest producer of crude palm oil, producing approximately two million tonnes per year, or 1.2 percent of global output. Ninety-five percent of Thai production is consumed locally. Almost 85 percent of palm plantations and extraction mills are in south Thailand. At year-end 2016, 4.7 to 5.8 million Rai (unit) were planted in oil palms, employing 300,000 farmers, mostly on small landholdings of 20 rai. ASEAN as a region accounts for 52.5 million tonnes of palm oil production, about 85 percent of the world total and more than 90 percent of global exports. Indonesia accounts for 52.2 percent of world exports. Malaysian exports total 37.9 percent. The biggest consumers of palm oil are India, the European Union, and China, with the three consuming nearly 50 percent of world exports. Thailands Department of Internal Trade (DIT) usually sets the price of crude palm oil and refined palm oil. Thai farmers have a relatively low yield compared to those in Malaysia and Indonesia. Thai palm oil crops yield 4-17 percent oil compared to around 20 percent in competing countries. In addition, Indonesian and Malaysian oil palm plantations are 10 times the size of Thai plantations.
Question: Whose oil palm plantations are smaller, Thai or Indonesian?
Answer:",Thai,Thai,1.0,305,1,306,1
"Passage: As of the census of 2000, there were 49,927 people, 18,009 households, and 12,192 families residing in the county.  The population density was 48 people per square mile (19/km²).  There were 24,505 housing units at an average density of 24 per square mile (9/km²).  The racial makeup of the county was 97.03% Race (United States Census), 0.72% Race (United States Census) or Race (United States Census), 0.28% Race (United States Census), 0.72% Race (United States Census), 0.37% from Race (United States Census), and 0.88% from two or more races.  0.91% of the population were Hispanics in the United States or Race (United States Census) of any race. 22.3% identified as being of Germans, 16.6% English people, 13.8% Irish people, 11.9% United States and 7.0% Italian people ancestry according to Census 2000. 96.5% spoke English language and 1.3% Spanish language as their first language.
Question: How many more English people were represented, in percent, than Hispanic people in the 200 census?
Answer:",15.3%,15.69,0.0,305,4,309,1
"Passage: In week 9, the Lions flew south to play the Jacksonville Jaguars. After a scoreless first quarter, the Lions' Mikel Leshoure ran in three consecutive touchdowns, from 7, 1, and 8 yards out respectively to take a 21-point lead going into halftime. Leshoure became the first Lions rusher to score three touchdowns in the first half. After a scoreless third quarter, Detroit's Jason Hanson kicked a 42-yard field goal. The Jaguars finally got on the board when Micheal Spurlock caught a 5-yard touchdown pass from Blaine Gabbert; they then completed a two-point conversion when Blaine Gabbert completed a pass to Rashad Jennings. The Lions responded with a 10-yard touchdown run from Joique Bell. Jacksonville scored the final points of the game with a 6-yard touchdown catch from Blaine Gabbert to Justin Blackmon; they again went for a two-point conversion, but were unsuccessful this time. It was the Lions' most lopsided win of the season and would also be their final victory of the 2012 season.
Question: Which player scored the most points?
Answer:",Mikel Leshoure,Mikel Leshoure,1.0,262,5,267,1
"Passage: Willie Parker missed his fourth game due to a knee injury. Santonio Holmes also missed the game after a ""small quantity of marijuana"" was found in his car and the team placed him on the inactive list. Mewelde Moore opened up the game's scoring with a 32-yard touchdown run on the Steelers opening drive. The 5-1 New York Giants responded with a field goal on the ensuing drive. Pittsburgh stopped the Giants on four consecutive plays from inside the Steelers 2-yard line to force a turnover on downs. But were unable to score when two Ben Roethlisberger interceptions and a punt lead to two more field goals in the second quarter for the Giants. At 10:10 of the third quarter Roethlisberger completed a 65-yard touchdown pass to Nate Washington to give the Steelers a 14-9 lead. Later in the quarter, a Steelers 53-yard touchdown pass was negated due to a holding penalty and Pittsburgh was forced to punt. In the final quarter Pittsburgh kept New York out of the end zone on three plays inside the 10-yard line, however, the Giants connected on a field goal to bring the Giants to within two points. On the next drive, James Harrison&#8212;who was called in to replace injured long snapper Greg Warren&#8212;snapped the ball out of the end zone to give the Giants a safety and tie the game. The Giants drove after receiving the safety's kickoff to score a touchdown&#8212;taking a 21-14 lead with 3:07 remaining. Pittsburgh was unable to convert on their final two drives, as Roethlisberger threw his fourth interception of the day.
Question: How many interceptions did Ben Roethlisberger throw?
Answer:",Four interceptions.,4,0.0,381,3,384,1
"Passage: There were 664,594 households out of which 24.35% had children under the age of 18 living with them, 46.28% were Marriage living together, 11.68% had a female householder with no husband present, and 37.40% were non-families. 30.11% of all households were made up of individuals and 14.70% (4.02% male and 10.68% female) had someone living alone who was 65 years of age or older. The average household size was 2.39 and the average family size was 2.97.
Question: How many percent do not have children under the age of 18 living with them?
Answer:",75.65%,75.65|24.3|24,1.0,178,4,182,1
"Passage: In 1995, the Steelers overcame a 3-4 start (including a 20-16 upset loss to the expansion 1995 Jacksonville Jaguars season) to win eight of their final nine games and finished with an  record, the second-best in the AFC. Their offense was led by quarterback Neil ODonnell, who completed 246 out of 416 passes for 2,970 yards and 17 touchdowns, with only seven interceptions. Pro Bowl wide receiver Yancey Thigpen was the teams leading receiver with 85 receptions for 1,307 yards and five touchdowns. Other contributors in the passing game included wide receivers Andre Hastings (48 catches for 502 yards and one touchdown) and Ernie Mills (39 receptions for 679 yards and 8 touchdowns), who both also excelled as returners on special teams. Mills gained 1,306 yards returning kickoffs, while Hastings returned 48 punts for 474 yards and a touchdown. The Steelers rushing attack was led by Erric Pegram, who recorded 813 yards and five touchdowns, and Bam Morris, who had 559 yards and nine touchdowns. On special teams, newly acquired kicker Norm Johnson led the NFL in both field goals made (34) and field goals attempted (41), while also successfully making all 39 of his extra point attempts.  Leading the offensive line was future Hall of Fame center Dermontti Dawson, who made the Pro Bowl for the third consecutive year.
Question: Which players each scored 5 touchdowns?
Answer:",Yancey Thigpen and Erric Pegram.,Yancey Thigpen and Erric Pegram,1.0,333,12,345,1
"Passage: Consequences of obesity  Obesity causes several chronic diseases including heart disease and diabetes. The three leading causes of death in Texas - heart disease, stroke, and cancer - are all linked to obesity. Additionally, obesity can cause type 2 diabetes, arteriosclerosis, and hypertension. In 2010, Texas saw 1,261,654 cases of heart disease and is predicted to see 5,688,482 cases in 2030. In 2010, Texas saw 1,962,059 cases of diabetes and is predicted to see 2,851,697 cases in 2030. In 2010, Texas saw 4,300,252 cases of hypertension and is predicted to see 5,689,509 cases in 2030. In 2010, Texas saw 328,379 cases of obesity-related cancer and is predicted to see 810,806 cases in 2030.
Question: Are there expected to be more cases of heart disease or diabetes in 2030?
Answer:",There are expected to be more cases of heart disease in 2030.,heart disease,0.2857142857142857,235,15,250,1
"Passage: Though there had been popular support for the war among the Russian public following the Japanese attack at Port Arthur in 1904, that popular support soon turned to discontent after suffering multiple defeats at the hands of the Japanese forces. For many Russians, the immediate shock of unexpected humiliation at the hands of Japan caused the conflict to be viewed as a metaphor for the shortcomings of the Romanov autocracy. Popular discontent in Russia after the war added more fuel to the already simmering Russian Revolution of 1905, an event Nicholas II had hoped to avoid entirely by taking intransigent negotiating stances prior to coming to the table. Twelve years later, that discontent boiled over into the February Revolution of 1917. In Poland, which Russia partitioned in the late 18th century, and where Russian rule already caused two major uprisings, the population was so restless that an army of 250,000-300,000—larger than the one facing the Japanese—had to be stationed to put down the unrest. Some political leaders of the Polish insurrection movement  sent emissaries to Japan to collaborate on sabotage and intelligence gathering within the Russian Empire and even plan a Japanese-aided uprising. In Russia, the defeat of 1905 led in the short term to a reform of the Russian military that allowed it to face Germany in World War I. However, the revolts at home following the war planted seeds that presaged the Russian Revolution of 1917. This was because Tsar Nicholas II issued the October Manifesto, which included only limited reforms such as the Duma and failed to address the societal problems of Russia at the time.
Question: Before discontent of the Russian public set in due to the Japanese forces multiple failures, what event had actually rallied popular support for the war in the Russian public?
Answer:",The Japanese attack at Port Arthur in 1904.,Japanese attack at Port Arthur,0.8333333333333333,396,11,407,1
"Passage: The census of 2000 showed there were 137,893 people, 58,110 households, and 31,321 families residing in the city of Eugene. The population density was 3,404.8 people per square mile (1,314.5/km²). There were 61,444 housing units at an average density of 1,516.4 per square mile (585.5/km²). The racial makeup of the city was 88.15% White, down from 99.5% in 1950, 3.57% Asian, 1.25% Black or African American, 0.93% Native American, 0.21% Pacific Islander, 2.18% from other races, and 3.72% from two or more races. 4.96% of the population were Hispanic or Latino of any race.
Question: How many percent of people were not Pacific Islander?
Answer:",99.79%,99.79,1.0,224,4,228,1
"Passage: In the county, the population was spread out with 26.20% under the age of 18, 9.30% from 18 to 24, 26.50% from 25 to 44, 23.50% from 45 to 64, and 14.60% who were 65 years of age or older.  The median age was 37 years. For every 100 females there were 95.90 males.  For every 100 females age 18 and over, there were 92.50 males.
Question: Which age group is larger: 25 to 44 or 45 to 64?
Answer:",25 to 44,25 to 44,1.0,164,4,168,1
"Passage: The Mavericks finished 49-33, one game ahead of Phoenix for the eighth and final playoff spot, which meant that they would once again have to face their in-state rivals, the San Antonio Spurs, who were the top seed in the Western Conference with a 62-20 record. In Game 1 in San Antonio, Dallas had an 81-71 lead in the fourth quarter, but the Spurs rallied back and took Game 1, 85-90. However, the Mavs forced 22 turnovers in Game 2 to rout the Spurs 113-92, splitting the first two games before the series went to Dallas. In Game 3, Manu Ginóbili hit a shot that put the Spurs up 108-106 with 1.7 seconds left, but a buzzer-beater by Vince Carter gave the Mavs the victory, putting them up 2-1 in the series. The Spurs took Game 4 in Dallas 93-89 despite a late Dallas comeback after the Spurs at one point had a 20-point lead and later won Game 5 at home, 109-103, giving them a 3-2 series lead. The Mavs avoided elimination in Game 6 at home by rallying in the fourth quarter, winning 111-113. Game 7 was on the Spurs home court, and the Spurs beat the Mavericks 119-96, putting an end to the Mavericks season.
Question: How many points did the Spurs beat the Mavericks by in Game 7?
Answer:",The Spurs beat the Mavericks by 23 points in Game 7.,23,0.19999999999999998,337,14,351,1
"Passage: When the railroad was extended through Madison in 1875, larger mills were built. The first Madison Woolen Mill was constructed in 1881 near the bridge between Madison and Anson, with the firm's second mill built nearby in 1887. In 1890, the Manufacturing Investment Company built a sulfite mill, but it failed. It was taken over in 1899 by the Great Northern Paper Company, which rebuilt the plant to produce wood pulp and paper. Like many New England textile manufacturers, the town's woolen mills eventually went out of business, but the pulp and paper mill remains today as the Madison Paper Industries which will close by May 2016 due to low demand for supercalender paper and Canadian competition. In 1901, Lakewood Summer Theatre opened in East Madison on the western side of Lake Wesserunsett. Since 1967 it has been the official summer theatre of Maine, and the oldest continually operating summer theatre in America. Actors who have performed at Lakewood include John Travolta, Carol Channing, and Phyllis Diller Completed in 2007 is the largest structure by volume in Maine, the Backyard Farms greenhouse that covers 24 acres .
Question: How many years after Lakewood Summer Theatre opened in East Madison did it become the official summer theatre of Maine?
Answer:",66 years,66,0.6666666666666666,294,2,296,1
"Passage: The first two Buick automobiles were made in 1899 and 1900 at the ""Buick Auto-Vim and Power Company"" by chief-engineer Walter Lorenzo Marr, but company owner David Dunbar Buick was reluctant to begin making automobiles, being satisfied with stationary and marine engine production, so Marr left Buick in 1901 to found Marr (automobile) under his own name. His replacement was Eugene Richard, who applied for a patent in 1902 for Marrs valve-in-head (Overhead valve engine) engine, which patent, number 771,095, was awarded to Richard in the name of Buick in 1904. In 1903, the third Buick automobile was made, this time by Richard, but in 1904 Buick, whose company was now called ""Buick Motor Company,"" moved to Flint, Michigan, and Richard stayed behind. Marr was rehired in Flint as chief engineer, to begin making automobiles in production. That year, 37 Buick automobiles were made, production increasing to 750 in 1905, 1,400 in 1906, 4,641 in 1907, and 8,800 in 1908, taking the number one spot away from close competitors Oldsmobile, Ford Motor Company, and Maxwell automobile.
Question: How many years after leaving Buick did Walter Lorenzo Marr return to work at Buick?
Answer:","Walter Lorenzo Marr returned to work at Buick in 1904, having left in 1901, so it was 3 years after he left.",3,0.08695652173913045,308,30,338,1
"Passage: Killigrew lived in Hanworth in Middlesex and Falmouth in Cornwall. On 4 November 1566 Killigrew married in the church of St Peter Le Poer, London, Catherine, fourth daughter of Sir Anthony Cooke. He thus became Cecil's brother-in-law. His wife died in 1583, and on 7 November 1590 he was married in the same church to Jaél de Peigne, a French Hugenot. She was naturalised in June 1601. After Henry's death she remarried on 19 April 1617 George Downham, Bishop of Derry, and died c.1632. By his first wife, Killigrew had four daughters:
Question: Who was Catherine's brother?
Answer:",Cecil.,Cecil,1.0,183,3,186,1
"Passage: Coming off their win over the Raiders the 49ers flew to Bank of America Stadium for an NFC duel with the Panthers. In the first quarter the 49ers took the lead as QB Alex Smith got a 1-yard TD pass to TE Vernon Davis. The lead was cut when kicker John Kasay nailed a 47-yard field goal. The 49ers scored with kicker Joe Nedney making a 24-yard field goal. The Panthers tied the game with QB Matt Moore completing an 18-yard TD pass to WR David Gettis. The 49ers fell behind in the third quarter with Kasay booting a 55-yard field goal. They eventually got the lead back in the fourth quarter with Nedney hitting a 38-yard field goal, and with DE Ray McDonald returning an interception 31 yards for a touchdown. However, the Panthers tied the game with Moore finding Gettis again on a 23-yarrd TD pass. Following an interception by 49ers backup quarterback David Carr, Kasay successfully booted a 37-yard field goal to give the 49ers the loss.
Question: who is the panthers quarterback?
Answer:",Matt Moore,Matt Moore,1.0,260,2,262,1
"Passage: Coming off their road win over the Seahawks, the Bears went home for a Week 4 NFC North duel with the Detroit Lions.  Chicago surprisingly trailed early in the first quarter as Lions running back Kevin Smith got a 1-yard touchdown run.  The Bears would answer with quarterback Jay Cutler's 5-yard touchdown run, yet Detroit came right back with quarterback Matthew Stafford's 14-yard touchdown pass to tight end Will Heller.  Chicago would take the lead in the second quarter with Cutler's 2-yard touchdown pass to tight end Kellen Davis and a 1-yard touchdown pass to tight end Greg Olsen, yet the Lions would tie the game prior to halftime with Smith's 3-yard touchdown run. The Bears would start the third quarter with a bang as rookie wide receiver Johnny Knox returned the half's opening kickoff 102 yards for a touchdown.  Later on, kicker Robbie Gould would add onto Chicago's lead with a 52-yard and a 22-yard field goal.  Detroit tried to rally in the fourth quarter with kicker Jason Hanson's 35-yard field goal, yet the Bears pulled away with running back Matt Fort&#233;'s 37-yard touchdown run and running back Garrett Wolfe's 2-yard touchdown run. With the win, Chicago would enter its bye week at 3-1.
Question: How many touchdowns did the Lions score in the first quarter?
Answer:",One touchdown.,2,0.0,310,3,313,1
"Passage: Other instances of napalms use include by France during the First Indochina War (1946-1954), the Algerian War of Independence (1954-1962), the Portuguese Colonial War (1961-1974), the Six-Day War by Israel (1967), in Nigeria (1969), India and Pakistan (1965 and 1971), Egypt (1973), by Morocco during the Western Sahara War (1975-1991), by Argentina (1982), by Iran (1980-88), by Iraq (1980-88, 1991), by Angola during the Angolan Civil War, and Yugoslav Wars (1991-1996).
Question: How many wars were going on in 1967?
Answer:",Two wars were going on in 1967.,2|Portuguese Colonial War and Six-Day War by Israel|3,0.0,181,10,191,1
"Passage: Birth registration of Bahrain is available from 1976, death registration started in 1990. Between 1976 and 2011 the number of baby births roughly doubled but the birth rate of babies decreased from 32 to 13 per 1,000. The death rate of Bahrain  is among the lowest in the world.
Question: How many years after birth registration was available in Bahrain was death registration started?
Answer:",14 years.,14,0.6666666666666666,112,3,115,1
"Passage: The ongoing conflicts of post-invasion Iraq, the renewed Taliban insurgency in the 2001 war in Afghanistan, the Darfur conflict, the rebellion in the North of Uganda by the Lord's Resistance Army, and the Second Chechen War are fought almost entirely by irregular forces on one or both sides. The CIA's Special Activities Division  is the premiere United States unit for creating or combating irregular military forces. SAD paramilitary officers created and led successful units from the Hmong tribe during the Laotian Civil War in the 1960s and 1970s. They also organized and led the Mujaheddin as an irregular force against the Soviet Union in Afghanistan in the 1980s, as well as the Northern Alliance as an irregular insurgency force against the Taliban with US Army Special Forces during the war in Afghanistan in 2001 and organized and led the Kurdish Peshmerga with US Army Special Forces as an irregular counter-insurgency force against the Kurdish Sunni Islamist group Ansar al-Islam at the Iraq-Iran border and as an irregular force against Saddam Hussein during the war in Iraq in 2003.
Question: Who did the CIA's Special Activities Division create and led successful units from first, the Mujaheddin or the Hmong tribe?
Answer:",The Hmong tribe.,the Hmong tribe|Hmong tribe|Afghanistan,1.0,288,5,293,1
"Passage: The number of entrants has increased greatly in recent years. In the FA Cup 2004-05 season, 660 clubs entered the competition, beating the long-standing record of 656 from the 1921-22 season. In 2005-06 FA Cup this increased to 674 entrants, in 2006-07 FA Cup to 687, in 2007-08 FA Cup to 731 clubs, and for the 2008-09 FA Cup and 2009-10 FA Cup competitions it reached 762. The number has varied slightly but remained roughly stable since then, with 759 clubs participating in 2010-11 FA Cup, a record 763 in 2011-12 FA Cup, 758 for 2012-13 FA Cup, 737 for 2013-14 FA Cup and 736 for 2014-15 FA Cup. By comparison, the other major English domestic cup, the EFL Cup, involves only the 92 members of the Premier League and Football League.
Question: Which FA Cup season had fewer clubs entered: 2005–06 or 2006–07?
Answer:",2005–06,2005–06,1.0,262,4,266,1
"Passage: The Chargers at home, donned their throwback jerseys and played a Week 9 fight against the Cleveland Browns.  In the first quarter, both sides would limit each other to a field goal.  Chargers kicker Nate Kaeding would complete a 29-yard field goal, while Browns kicker Phil Dawson completed a 37-yard field goal.  In the second quarter, Dawson would help Cleveland take the lead on a 20-yard field goal.  San Diego a defensive touchdown as back as LB Marques Harris recovered a fumble in the Browns end zone.  The Brown's would retake the lead with Dawson nailing a 42-yard and a 30-yard field goal.  In the third quarter, the Chargers RB LaDainian Tomlinson got a 41-yard TD run for the only score of the period. In the fourth quarter, Dawson helped the Browns by converting a 36-yard field goal,  San Diego continued to add to their total with Tomlinson getting a 7-yard TD run.  Dawson would get one more field goal (from 35 yards out), the Chargers continued to score touchdowns as Tomlinson ran one in from 8-yard out. QB Philip Rivers completed a 2-point conversion pass to WR Vincent Jackson.  Afterwards, Cleveland would get its only touchdown of the game, as QB Charlie Frye hooked up with WR Braylon Edwards on a 4-yard pass. In the end, San Diego came out on top and improved to 6-2.
Question: how many yards did nate kaeding complete?
Answer:",Nate Kaeding completed a 29-yard field goal.,29,0.0,344,12,356,1
"Passage: The Bears kicked off their season at home with an NFC North duel against the Detroit Lions. In the first quarter, the Bears took the early lead with kicker Robbie Gould nailing a 20-yard field goal. The Lions responded with 2 TD runs (7 and 4 yards) by running back Jahvid Best in the second quarter. The Bears fought back with quarterback Jay Cutler completing an 89-yard screen pass to running back Matt Fort&#233; for a TD, followed by Gould's 31-yard field goal after a Stafford fumble. The Bears increased their lead in the fourth quarter when Cutler threw a 28-yard TD pass to Matt Fort&#233;. The Bears tried to extend their lead to 7, but failed on their 2-point conversion. The game ended in somewhat controversial fashion, however, as an apparent touchdown reception in the final minute by Detroit receiver Calvin Johnson was overturned via a little known rule (completing the process of a catch) and ruled incomplete.
Question: How many total yards did Jahvid Best have on touchdown runs?
Answer:",11 yards,11,0.6666666666666666,244,2,246,1
"Passage: Tom Brady passed for a pair of touchdowns and the New England Patriots stayed on track to claim home-field advantage throughout the AFC playoffs with a 37-16 win over the Buffalo Bills on Sunday. Dion Lewis caught a touchdown pass and rushed for a 4-yard score. He carried 24 times for career-high 129 yards. It was just his second-career 100-yard game. Mike Gillislee (former Bill himself), active for the first time in six games, added a 1-yard rushing touchdown.
Question: How many 100 yard games did Lewis have?
Answer:",Two.,2,0.0,144,2,146,1
"Passage: There were 74,285 households, out of which 21,922 (29.5%) had children under the age of 18 living in them, 36,729 (49.4%) were marriage living together, 7,685 (10.3%) had a female householder with no husband present, 3,804 (5.1%) had a male householder with no wife present. There were 4,386 (5.9%) POSSLQ, and 504 (0.7%) same-sex partnerships. 18,489 households (24.9%) were made up of individuals and 6,527 (8.8%) had someone living alone who was 65 years of age or older. The average household size was 2.55. There were 48,218 family (U.S. Census) (64.9% of all households); the average family size was 3.07.
Question: How many percent did not have a male householder with no wife present?
Answer:",94.9%,94.9|5.1,1.0,237,4,241,1
"Passage: Coming off their win over the Eagles, the Patriots returned home for an AFC duel with the Indianapolis Colts. The Patriots took the early lead, with a 39-yard field goal by Stephen Gostkowski, before placekicker and former Patriots Super Bowl hero Adam Vinateri hit back with a 31-yard field goal of his own early in the second quarter. The Patriots then reeled off 28 unanswered points, starting with quarterback Tom Brady tossing an 11-yard touchdown pass to tight end Rob Gronkowski, a 1-yard touchdown run by running back BenJarvus Green-Ellis just before halftime, then Brady threw two more touchdown passes to Gronkowski in the third quarter - a 21-yarder followed by a 2-yarder. In the fourth quarter, the Patriots were held scoreless and the Colts reeled off 21 unanswered points - a 5-yard touchdown run by running back Donald Brown, followed by two touchdown passes from Dan Orlovsky to wide receiver Pierre Gar&#231;on - a 33-yarder and a 12-yarder - the latter with 36 seconds remaining in regulation. Despite the touchdowns, one of Gar&#231;on's catches in the end zone was accompanied with an angry throw at a sign with a target meant for Gronkowski's trademark spike. A Colts' onside kick attempt near the end of the contest was unsuccessful, sealing the win for the Patriots.
Question: How many field goals did  Adam Vinateri make?
Answer:",One field goal.,1,0.0,328,4,332,1
"Passage: As of the census of 2000, there were 7,791 people, 3,155 households, and 2,240 families residing in the county.  The population density was 16 people per square mile (6/km²).  There were 3,723 housing units at an average density of 8 per square mile (3/km²).  The racial makeup of the county was 97.63% Race (United States Census), 0.18% Race (United States Census) or Race (United States Census), 1.07% Race (United States Census), 0.19% Race (United States Census), 0.03% Race (United States Census), 0.22% from Race (United States Census), and 0.69% from two or more races.  1.26% of the population were Race (United States Census) or Race (United States Census) of any race. 33.7% were of germans, 13.9% swedish people, 10.1% irish people, 8.8% united states, 7.0% english people and 5.4% Danish people ancestry according to Census 2000.
Question: Which ancestral group is larger: germans or swedish?
Answer:",Germans.,germans|33.7% were of germans,1.0,296,4,300,1
"Passage: Hoping to rebound from a last-second home loss to the Broncos, the Bills (with TE Kevin Everett on the mind) went to Heinz Field for their Week 2 match-up against the throwback-clad Pittsburgh Steelers.  In the first half, the Bills struggled on offense while their defense only allowed three Jeff Reed field goal (a 34-yard field goal in the first quarter, along with a 28-yard and a 39-yard field goal).  In the third quarter, Buffalo would get their only score of the game as kicker Rian Lindell nailed a 24-yard field goal.  For the rest of the game, the Steelers dominated with QB Ben Roethlisberger completing a 1-yard TD pass to TE Matt Spaeth later in the period, along with RB Willie Parker getting an 11-yard TD run in the fourth quarter.
Question: how many yards did parker get?
Answer:",11 yards.,11,0.6666666666666666,210,3,213,1
"Passage: In the county, the population was spread out with 26.20% under the age of 18, 9.30% from 18 to 24, 26.50% from 25 to 44, 23.50% from 45 to 64, and 14.60% who were 65 years of age or older.  The median age was 37 years. For every 100 females there were 95.90 males.  For every 100 females age 18 and over, there were 92.50 males.
Question: Which age group is smaller: under the age of 18 or 18 to 24?
Answer:",18 to 24,18 to 24,1.0,165,4,169,1
"Passage: In the census of 2010, there were 66,135 people, 26,265 (2000 data) households, and 14,051 (2000 data) families residing in the city. The population density was 6,096.7 people per square mile (2,199.9/km²). There were 30,272 (2000 data) housing units at an average density of 2,790.6 per square mile (1,077.2/km²). The racial makeup of the city was 59.38% (52.31% Non-Hispanic) (7.07 White-Hispanic) White (U.S. Census), 24.19% African American (U.S. Census), 14.47% Hispanic (U.S. Census) or Latin (U.S. Census)) of any race, 8.24% from Race (United States Census), 5.74% from two or more races, 2.62% Asian (U.S. Census), 0.69%  Native American (U.S.Census), and 0.14% Pacific Islander (U.S. Census). There is a growing Guyana population in the area. The top ancestries self-identified by people on the census are Italian (13.6%), Guyanese (12.3%), Irish (12.1%), Puerto Rican (10.1%), German (8.7%), English (6.0%), Polish (5.4%), French (4.4%). These reflect historic and early 20th-century immigration, as well as that since the late 20th century.
Question: How many percent were not Polish?
Answer:",94.6%,94.6,1.0,375,4,379,1
"Passage: With the end of the ""crack epidemic"" in the mid-1990s and with the initiation of aggressive policing under mayors David Dinkins and subsequently  Rudolph Giuliani, crime in Harlem plummeted. In 1981, 6,500 robberies were reported in Harlem; robberies dropped to 4,800 in 1990 during David Dinkins mayoralty. By 2000, only 1,700 robberies were reported, and by 2010, only 1,100 were reported. There have been similar changes in all categories of crimes tracked by the New York City Police Department. In the 32nd Precinct, which services Central Harlem above 127th Street, for example, between 1990 and 2013, the murder rate dropped 89.4%, the rape rate dropped 67.5%, the robbery rate dropped 74.2%, burglary dropped 93.4%, and the total number of crime complaints dropped 77.6%.
Question: How many more percentage of murder dropped than rapes?
Answer:",21.9%,21.9,1.0,247,4,251,1
"Passage: In the city, the population was spread out with 12.0% under the age of 18, 55.2% from 18 to 24, 15.3% from 25 to 44, 10.3% from 45 to 64, and 7.1% who were 65 years of age or older.  The median age was 22 years. For every 100 females, there were 160.7 males.  For every 100 females age 18 and over, there were 173.2 males.
Question: Who has the lowest percent in the city population, 65 45 to 64?
Answer:","The population aged 45 to 64 has the lowest percent in the city, at 10.3%.",65|65 years and up|65 years of age,0.0,165,22,187,1
"Passage: There were 88,296 households out of which 29.5% had children under the age of 18 living with them, 53.3% were Marriage living together, 9.1% had a female householder with no husband present, and 33.4% were non-families. 26.1% of all households were made up of individuals, 31.5% of households had individuals under 18 years, and 9.5% had someone living alone who was 65 years of age or older.  The average household size was 2.44 and the average family size was 2.96.
Question: How many percent are not non-families?
Answer:",66.6%,66.6|73.9|33.4,1.0,173,4,177,1
"Passage: Hoping to rebound from their disappointing road loss to the Bills, the Seahawks played their Week 2 home opener their NFC West foe, the San Francisco 49ers.  In the first quarter, the 'Hawks RB Julius Jones got a 27-yard TD run, along with DT Craig Terrill returning a fumble 10 yards for a touchdown.  The 49ers would reply with kicker Joe Nedney getting a 26-yard field goal.  In the second quarter, Nedney gave San Francisco a 28-yard field goal.  Seattle responded with kicker Olindo Mare getting a 51-yard field goal.  The 49ers would hack away at the lead as QB J. T. O'Sullivan completed a 3-yard TD pass to WR Bryant Johnson, yet the Seahawks closed out the half with Mare's 38-yard field goal. In the third quarter, San Francisco took the lead with LB Patrick Willis returning an interception 86 yards for a touchdown, along with RB Frank Gore's 2-yard TD run.  Seattle regained the lead as RB T. J. Duckett made a 1-yard TD run, along with Mare kicking a 32-yard field goal.  However, the 49ers tied the game with Nedney's 28-yard field goal.  In overtime, San Francisco's Nedney nailed the game-winning 40-yard field goal. Julius Jones (26 carries for 127 yards and a touchdown) got his first 100-yard game since Week 14 of 2006.
Question: Who scored on touchdowns of less than 5 yards?
Answer:",T. J. Duckett and Frank Gore.,Frank Gore and T. J. Duckett,1.0,351,10,361,1
"Passage: There were 88,296 households out of which 29.5% had children under the age of 18 living with them, 53.3% were Marriage living together, 9.1% had a female householder with no husband present, and 33.4% were non-families. 26.1% of all households were made up of individuals, 31.5% of households had individuals under 18 years, and 9.5% had someone living alone who was 65 years of age or older.  The average household size was 2.44 and the average family size was 2.96.
Question: How many percent are not someone living alone who was 65 years of age or older?
Answer:",90.5%,90.5,1.0,181,4,185,1
"Passage: As of the census of 2000, there were 71,535 people, 29,466 households, and 18,416 families residing in the county.  The population density was 102 people per square mile (39/km²).  There were 31,939 housing units at an average density of 46 per square mile (18/km²).  The racial makeup of the county was 95.40% Race (United States Census), 0.89% Race (United States Census) or Race (United States Census), 0.29% Race (United States Census), 1.04% Race (United States Census), 0.03% Race (United States Census), 0.75% from Race (United States Census), and 1.61% from two or more races.  1.99% of the population were Race (United States Census) or Race (United States Census) of any race. 16.2% were of English people, 12.2% Irish people, 12.0% polish people, 10.2% French people, 7.0% French Canadian, 6.7% German people, 6.1% Italian people and 6.0% united states ancestry according to Census 2000.  Most of those claiming to be of ""American"" ancestry are actually of English descent, but have family that has been in the country for so long, in many cases since the early seventeenth century that they choose to identify simply as ""American"". 94.5% spoke English language and 1.8% Spanish language as their first language.
Question: Which groups are between 18000 and 30000 in size?
Answer:",Households.,households and families and households and families|households and families,0.5,384,3,387,1
"Passage: According to the 2006 census carried out by Northern Cyprus, there were 256,644 (de jure) people living in Northern Cyprus. 178,031 were citizens of Northern Cyprus, of whom 147,405 were born in Cyprus (112,534 from the north; 32,538 from the south; 371 did not indicate what part of Cyprus they were from); 27,333 born in Turkey; 2,482 born in the UK and 913 born in Bulgaria. Of the 147,405 citizens born in Cyprus, 120,031 say both parents were born in Cyprus; 16,824 say both parents born in Turkey; 10,361 have one parent born in Turkey and one parent born in Cyprus.
Question: How many of the citizens of Northern Cyprrus were not born in Cyprus?
Answer:","57,626 citizens of Northern Cyprus were not born in Cyprus.",30826,0.0,199,13,212,1
"Passage: As of the census of 2000, there were 15,633 people, 5,734 households, and 4,432 families residing in the town. The population density was . There were 5,879 housing units at an average density of . The racial makeup of the town was 95.42% Race and ethnicity in the United States Census, 0.69% Race and ethnicity in the United States Census, 0.05% Race and ethnicity in the United States Census, 2.90% Race and ethnicity in the United States Census, 0.06% Race and ethnicity in the United States Census, 0.26% from Race and ethnicity in the United States Census, and 0.62% from two or more races. Race and ethnicity in the United States Census or Race and ethnicity in the United States Census of any race were 1.09% of the population.
Question: How many more people than households are reported according to the census?
Answer:","9,899",9899,1.0,230,3,233,1
"Passage: Coming off their divisional home win over the Rams, the 49ers flew to Texas Stadium for a Week 12 game with the throwback-clad Dallas Cowboys.  In the first quarter, the Niners struck first as kicker Joe Nedney got a 23-yard and a 22-yard field goal.  In the second quarter, the Cowboys took the lead as QB Tony Romo completed a 75-yard TD pass to former 49ers WR Terrell Owens.  Dallas continued its domination as LB Carlos Polk blocked punter Andy Lee's punt into the back of the endzone for a safety.  The Cowboys closed out its period of power as kicker Nick Folk got a 48-yard and a 41-yard field goal, along with Romo completing a 1-yard TD pass to TE Martellus Bennett. In the third quarter, Dallas increased its lead with Romo completing a 10-yard TD pass to WR Patrick Crayton.  San Francisco tried to rally as Nedney got a 35-yard field goal.  In the fourth quarter, the Cowboys answered with Folk getting a 47-yard field goal.  The 49ers tried to come back as QB Shaun Hill completed an 18-yard TD pass to WR Isaac Bruce, but Dallas replied with Folk nailing a 42-yard field goal.  The Niners tried to rally as Hill completed a 9-yard TD pass to RB DeShaun Foster, but that would be as close as San Francisco's comeback would get.
Question: Which player scored the last points of the first half?
Answer:",Nick Folk,Martellus Bennett,0.0,345,2,347,1
"Passage: From November 1943, during the seven-week Battle of Changde, the Chinese forced Japan to fight a costly war of attrition, while awaiting Allied relief. In January 1944, the Allies launched a series of attacks in Italy against the line at Monte Cassino and tried to outflank it with landings at Anzio. By the end of January, a major Soviet offensive expelled German forces from the Leningrad region, ending the longest and most lethal siege in history. The following Soviet offensive was halted on the pre-war Estonian border by the German Army Group North aided by Estonians hoping to re-establish national independence. This delay slowed subsequent Soviet operations in the Baltic Sea region. By late May 1944, the Soviets had liberated Crimea, largely expelled Axis forces from Ukraine, and made incursions into Romania, which were repulsed by the Axis troops. The Allied offensives in Italy had succeeded and, at the expense of allowing several German divisions to retreat, on 4 June, Rome was captured. The Allies had mixed success in mainland Asia. In March 1944, the Japanese launched the first of two invasions, an operation against British positions in Assam, India, and soon besieged Commonwealth positions at Imphal and Kohima. In May 1944, British forces mounted a counter-offensive that drove Japanese troops back to Burma, and Chinese forces that had invaded northern Burma in late 1943 besieged Japanese troops in Myitkyina. The second Japanese invasion of China aimed to destroy China's main fighting forces, secure railways between Japanese-held territory and capture Allied airfields. By June, the Japanese had conquered the province of Henan and begun a new attack on Changsha in the Hunan province.
Question: Which happened first in 1944, allies attacking at Monte Cassino or the British counteroffensive against the Japanese?
Answer:",Allies attacking at Monte Cassino.,British counteroffensive against the Japanese|attacks in Italy against the line at Monte Cassino|Monte Cassino,0.5714285714285715,411,8,419,1
"Passage: The ages of New Havens residents are 25.4% under the age of 18, 16.4% from 18 to 24, 31.2% from 25 to 44, 16.7% from 45 to 64, and 10.2% who were 65 years of age or older. The median age is 29 years, which is significantly lower than the national average. There are 91.8 males per 100 females. For every 100 females age 18 and over, there are 87.6 males.
Question: Which age groups have less that 20% each?
Answer:","The age groups that have less than 20% each are 18 to 24, 45 to 64, and 65 years of age or older.",18 to 24 and 45 to 64 and 65 years of age,0.6470588235294118,161,33,194,1
"Passage: As of the census of 2000, there were 40,543 people, 15,416 households, and 11,068 families residing in the county. The population density was 99 people per square mile (38/km²). There were 16,577 housing units at an average density of 40 per square mile (16/km²). The racial makeup of the county was 95.99% Race (United States Census), 2.19% Race (United States Census) or Race (United States Census), 0.26% Race (United States Census), 0.38% Race (United States Census), 0.20% from Race (United States Census), and 0.97% from two or more races. 0.66% of the population were Race (United States Census) or Race (United States Census) of any race. 29.3% were of united states, 22.2% germans, 12.1% english people and 10.9% irish people ancestry according to 2000 United States Census.
Question: In the county according to the 2000 census, which group is smaller: people or families?
Answer:",Families.,families,1.0,274,2,276,1
"Passage: Following their Monday Night debacle in San Diego and subsequent videotaping scandal, the Broncos returned home for an interconference match against the St. Louis Rams. In the first quarter, the Broncos jumped out to a 10-0 lead, with a 4-yard touchdown run from running back Knowshon Moreno, followed by a 49-yard field goal by placekicker Matt Prater. The Rams responded, with quarterback Sam Bradford throwing a 36-yard touchdown pass to tight end Michael Hoomanawanui. In the second quarter, The Broncos took a 13-7 lead, with a 40-yard field goal by Prater. However, the Rams would reel off 26 unanswered points, starting off with a pair of touchdown passes from Bradford to tight end Billy Bajema&#8212;2 and 26 yards&#8212;the latter with a missed extra point, followed by a pair of field goals from placekicker Josh Brown&#8212;28 and 37 yards&#8212;before halftime. In the third quarter, the Rams continued their offensive onslaught, with a 1-yard touchdown run from running back Kenneth Darby, giving St. Louis a 33-13 lead. In the fourth quarter, the Broncos snapped the Rams' streak of 26 unanswered points, with quarterback Kyle Orton throwing a 41-yard touchdown pass to wide receiver Brandon Lloyd, but the Rams responded with a 26-yard field goal from Brown. Trailing 36-20 with four minutes remaining, the Broncos tried to rally, with Orton throwing two touchdown passes&#8212;a 16-yarder to wide receiver Eddie Royal (with a failed two-point conversion attempt), followed by a 5-yarder to Lloyd, but the Broncos' rally attempt was cut short by the Rams' defense. With the loss, the Broncos matched their loss total from the previous two seasons.
Question: What all field goals did Matt Prater make?
Answer:",Matt Prater made a 49-yard field goal and a 40-yard field goal.,49-yard and 40-yard,0.4615384615384615,423,18,441,1
"Passage: Following their Monday Night debacle in San Diego and subsequent videotaping scandal, the Broncos returned home for an interconference match against the St. Louis Rams. In the first quarter, the Broncos jumped out to a 10-0 lead, with a 4-yard touchdown run from running back Knowshon Moreno, followed by a 49-yard field goal by placekicker Matt Prater. The Rams responded, with quarterback Sam Bradford throwing a 36-yard touchdown pass to tight end Michael Hoomanawanui. In the second quarter, The Broncos took a 13-7 lead, with a 40-yard field goal by Prater. However, the Rams would reel off 26 unanswered points, starting off with a pair of touchdown passes from Bradford to tight end Billy Bajema&#8212;2 and 26 yards&#8212;the latter with a missed extra point, followed by a pair of field goals from placekicker Josh Brown&#8212;28 and 37 yards&#8212;before halftime. In the third quarter, the Rams continued their offensive onslaught, with a 1-yard touchdown run from running back Kenneth Darby, giving St. Louis a 33-13 lead. In the fourth quarter, the Broncos snapped the Rams' streak of 26 unanswered points, with quarterback Kyle Orton throwing a 41-yard touchdown pass to wide receiver Brandon Lloyd, but the Rams responded with a 26-yard field goal from Brown. Trailing 36-20 with four minutes remaining, the Broncos tried to rally, with Orton throwing two touchdown passes&#8212;a 16-yarder to wide receiver Eddie Royal (with a failed two-point conversion attempt), followed by a 5-yarder to Lloyd, but the Broncos' rally attempt was cut short by the Rams' defense. With the loss, the Broncos matched their loss total from the previous two seasons.
Question: Which player kicked at most two field goals?
Answer:",Matt Prater,Prater|Matt Prater,1.0,422,3,425,1
"Passage: The popular uprising included large areas of Lower Bavaria, the Innviertel and eastern Bavaria. The lands adjoining towns and strongholds were captured by the rebels and the peasant uprising spread to the Bavarian Forest, parts of the Upper Palatinate and Kelheim on the Danube. A Braunau Parliament meeting was held in December 1705 in the then-Bavarian Braunau. Long before the French Revolution and early German parliamentarianism the meeting was held on 21 December 1705 in an inn belonging to the Baron von Paumgarten; representatives met of the four estates in Bavaria: aristocracy, clergy, burghers and peasants. The Braunau Parliament  is the name of the congress on the defence of the state of Bavaria held at Braunau am Inn convened on 21 December 1705. Following the initial uprising in November 1705, there was little response from the Austrians for nearly two months. However, that changed following an attempt by the rebels to capture the Bavarian capital, Munich. Following their unsuccessful attack, the night of 25 December 1705 saw an Austrian column encounter the peasant army near Sendling outside of Munich.  The battle was known as Sendling's Night of Murder  or the Sendling Christmas Day Massacre. The insurgents from the Bavarian Oberland were defeated and completely routed by Emperor Joseph I's troops. The number of deaths on the Bavarian side in this battle is estimated at around 1,100 men, but the Austrians lost only about 40. Some of the insurgents were killed after they had already surrendered.  About two weeks later, on 8 January 1706, the Battle of Aidenbach ended with the utter defeat of the insurgents and about 4,000 casualties on the Bavarian side. That led to the collapse of the uprising against Austria.
Question: How many days passed between the Sendling Christmas Day Massacre and the Battle of Aidenbach?
Answer:",14 days,14,0.6666666666666666,433,2,435,1
"Passage: According to the 2014 census, 1,144,428 residents or 38,2% live in cities while 1,853,807 are rural residents. The largest cities under the control of the constitutional authorities are Chişinău with 644,204 (with 590,631 actual urban dwellers) and Bălţi with 102,457 (97,930 urban dwellers). The autonomous territorial unit of Gagauzia has 134,535, out of which 48,666 or 36,2% are urban dwellers. Ungheni is the third largest city with 32,828, followed by Cahul with 28,763, Soroca with 22,196 and Orhei with 21,065.
Question: How many from the census were in Cahul and Orhei?
Answer:","Cahul had 28,763 residents and Orhei had 21,065 residents.",49828,0.0,199,19,218,1
"Passage: The first Azov campaign began in the spring of 1695. Peter the Great ordered his army  to advance towards Azov. The army comprised crack regiments and the Don Cossacks and was divided into three units under the command of Franz Lefort, Patrick Gordon and Avtonom Golovin. Supplies were shipped down the Don from Voronezh.In 1693 the Ottoman garrison of the fortress was 3,656, of whom 2,272 were Janissaries.Between June 27-July 5 the Russians blocked Azov from land but could not control the river and prevent resupply. After two unsuccessful attacks on August 5 and September 25, the siege was lifted on October 1. Another Russian army  under the command of Boris Sheremetev set out for the lower reaches of the Dnieper to take the Ottoman forts there. The main fort at Gazi-Kerman was taken when its powder magazine blew up, as well as Islam-Kerman, Tagan and Tavan, but the Russians were not able to hold the area and withdrew most of their forces. By the Treaty of Constantinople  the remaining Russians were withdrawn and the lower Dnieper was declared a demilitarized zone.
Question: Which happened first, the Russians blocked Azov or the siege was lifted?
Answer:",The Russians blocked Azov.,the Russians blocked Azov|Russians blocked Azov,1.0,298,6,304,1
"Passage: As of the census of 2000, there were 49,129 people, 18,878 households, and 13,629 families residing in the county.  The population density was 88 people per square mile (34/km2).  There were 21,779 housing units at an average density of 39 per square mile (15/km2).  The racial makeup of the county was 74.4% Race (United States Census), 20.4% Race (United States Census) or Race (United States Census), 0.60% Race (United States Census), 1.1% Race (United States Census), 0.15% Race (United States Census), 1.3% from Race (United States Census), and 2.2% from two or more races.  3.4% of the population were Race (United States Census) or Race (United States Census) of any race. 2.85% of the population reported speaking Spanish language at home, while 1.51% speak German language.
Question: How many more households are there than families?
Answer:","5,249 households.",5249,0.6666666666666666,259,5,264,1
"Passage: Kit sponsors BSR Housewares became the clubs first shirt English football sponsorship during the 1981–82 season. The clubs shirts have been sponsored for the majority of the time since then, although there was no shirt sponsor at the end of the 1993–94 season, after local solicitors Coucher & Shaw were closed down by the Law Society of England and Wales. Unusually for a Premier League club, Albion were again without a shirt sponsor for the start of the 2008–09 campaign, as negotiations with a new sponsor were still ongoing when the season began. The longest-running shirt sponsorship deal agreed by the club ran for seven seasons between 1997 and 2004 with the West Bromwich Building Society. Today the clubs principal sponsor is Ideal Boilers. Other sponsors have included T-Mobile (2004–08), Homeserve (2010–11), Bodog (2011–12), Zoopla (2012–14), QuickBooks (2014–15), Tlcbet (2015–16), K8 group (2016–2017), and Palm Eco-Town Development (2017–18).
Question: Which two seasons was there no shirt sponsor?
Answer:",1993–94 and 2008–09.,"1993–94 season and 2008–09|1981–82 season 1993–94 season,",0.8571428571428571,271,11,282,1
"Passage: There were 88,296 households out of which 29.5% had children under the age of 18 living with them, 53.3% were Marriage living together, 9.1% had a female householder with no husband present, and 33.4% were non-families. 26.1% of all households were made up of individuals, 31.5% of households had individuals under 18 years, and 9.5% had someone living alone who was 65 years of age or older.  The average household size was 2.44 and the average family size was 2.96.
Question: How many percent are not Marriage living together?
Answer:",46.7%,46.7,1.0,172,4,176,1
"Passage: After 1960 public sector unions grew rapidly and secured good wages and high pensions for their members. While manufacturing and farming steadily declined, state- and local-government employment quadrupled from 4 million workers in 1950 to 12 million in 1976 and 16.6 million in 2009. In 2009 the U.S. membership of public sector unions surpassed membership of private sector unions for the first time, at 7.9 million and 7.4 million respectively. In 2011 states faced a growing fiscal crisis and the Republicans had made major gains in the 2010 elections. Public sector unions came under heavy attack especially in Wisconsin, as well as Indiana, New Jersey and Ohio from conservative Republican legislatures. Conservative state legislatures tried to drastically reduce the abilities of unions to collectively bargain.  Conservatives argued that public unions were too powerful since they helped elect their bosses, and that overly generous pension systems were too heavy a drain on state budgets.
Question: How many more union jobs were there in 2009 compared to 1950?
Answer:",12.6 million more union jobs.,12600000,0.0,245,8,253,1
"Passage: As of the census of 2000, there were 25,764 people, 10,477 households, and 7,459 families residing in the county.  The population density was 45 people per square mile (17/km2).  There were 12,115 housing units at an average density of 21 per square mile (8/km2).  The racial makeup of the county was 87.11% Race (United States Census), 10.65% Race (United States Census) or Race (United States Census), 0.76% Race (United States Census), 0.12% Race (United States Census), 0.02% Race (United States Census), 0.62% from Race (United States Census), and 0.72% from two or more races.  1.76% of the population were Race (United States Census) or Race (United States Census) of any race.
Question: Where there more households or housing units?
Answer:",There were more housing units.,housing units,0.5714285714285715,233,6,239,1
"Passage: As of 2000, there were 19,306 households out of which 32.8% had children under the age of 18 living with them, 44.0% were married couples living together, 11.6% had a female householder with no husband present, and 39.9% were non-families. 23.2% of all households were made up of individuals and 3.8% had someone living alone who was 65 years of age or older. The average household size was 2.59 and the average family size was 3.13.
Question: which household was second most common?
Answer:",Married couples living together.,non-families,0.0,161,6,167,1
"Passage: As of the census of 2000, there were 19,234 people, 7,473 households, and 4,954 families residing in the village. The population density was 10,337.3 people per square mile (3,992.6/km²). There were 7,650 housing units at an average density of 4,111.5/sq mi (1,588.0/km²). The racial makeup of the village was 82.39% White (U.S. Census), 1.03% African American (U.S. Census), 0.29% Native American (U.S. Census), 4.52% Asian (U.S. Census), 0.04% Pacific Islander (U.S. Census), 3.93% from Race (United States Census), and 3.79% from two or more races. 13.03% of the population is Hispanic (U.S. Census) or Latino (U.S. Census) of any race.
Question: How many percent of people were not Hispanic or Latino?
Answer:",86.97%,86.97,1.0,252,4,256,1
"Passage: The Browns hosted the rival Pittsburgh Steelers on a night with subzero wind chills for a Week 14 duel. In windy conditions, Phil Dawson hit a pair of 29-yard field goals, and Chris Jennings had a 10-yard touchdown run to put the Browns up 13. Jeff Reed nailed a field goal before the half to draw the Steelers within 10, and hit another in the third to bring them within a touchdown. However, a scoreless fourth by both teams led the Browns to their first win against the Steelers since 2003, and the Browns became only the fourth team in NFL history to be at least 10 games under .500 and defeat the defending Super Bowl champions. With the win, the Browns improved to 2-11, snapped a twelve-game losing streak against the Steelers and won against them for the first time since 2003 when they defeated the team 33-13 in Pittsburgh.  The team also won their first home game since an October 2008 victory, interestingly against then-defending Super Bowl champion New York Giants. KR Josh Cribbs was named AFC Special Teams Player of the Week.
Question: How many losses did the Browns have after beating the Steelers?
Answer:",11 losses.,11,0.6666666666666666,272,3,275,1
"Passage: at Lincoln Financial Field, Philadelphia|weather= 60&#160;&#176;F (Clear)Following their dominating road win over the 49ers, the Eagles returned home for a Monday Night match-up with the Green Bay Packers.  Early in the game, the Eagles offense struggled with two goal-line fumbles being recovered by the Packers.  In the first quarter, Packers kicker Dave Rayner nailed a 23-yard field goal for the only score of the period.  In the second quarter, Philadelphia would score on QB Donovan McNabb's 6-yard TD run.  However, Green Bay managed to get two more field goals, as Rayner got a 54-yarder and a 46-yarder to end the half.  In the second half, it was all Eagles, as in the third quarter, kicker David Akers got a 40-yard field goal, while McNabb and WR Greg Lewis connected on two touchdown passes of 45 and 30 yards.  In the fourth quarter, the Philly offense wrapped things up as McNabb got a 15-yard TD run, while the defense ended the game on a goal-line stand.  With their victory, the Eagles managed to get their first home win of the season as the team improved to 3-1.
Question: How many yards long was the average length of Donovan McNabb's rushing touchdowns?
Answer:",10.5 yards,10.5,0.6666666666666666,310,4,314,1
"Passage: Coming off their win over the Eagles, the Patriots returned home for an AFC duel with the Indianapolis Colts. The Patriots took the early lead, with a 39-yard field goal by Stephen Gostkowski, before placekicker and former Patriots Super Bowl hero Adam Vinateri hit back with a 31-yard field goal of his own early in the second quarter. The Patriots then reeled off 28 unanswered points, starting with quarterback Tom Brady tossing an 11-yard touchdown pass to tight end Rob Gronkowski, a 1-yard touchdown run by running back BenJarvus Green-Ellis just before halftime, then Brady threw two more touchdown passes to Gronkowski in the third quarter - a 21-yarder followed by a 2-yarder. In the fourth quarter, the Patriots were held scoreless and the Colts reeled off 21 unanswered points - a 5-yard touchdown run by running back Donald Brown, followed by two touchdown passes from Dan Orlovsky to wide receiver Pierre Gar&#231;on - a 33-yarder and a 12-yarder - the latter with 36 seconds remaining in regulation. Despite the touchdowns, one of Gar&#231;on's catches in the end zone was accompanied with an angry throw at a sign with a target meant for Gronkowski's trademark spike. A Colts' onside kick attempt near the end of the contest was unsuccessful, sealing the win for the Patriots.
Question: How many points did the Patriots score in the 4th quarter?
Answer:",0 points.,0,0.6666666666666666,331,3,334,1
"Passage: The ages of New Havens residents are 25.4% under the age of 18, 16.4% from 18 to 24, 31.2% from 25 to 44, 16.7% from 45 to 64, and 10.2% who were 65 years of age or older. The median age is 29 years, which is significantly lower than the national average. There are 91.8 males per 100 females. For every 100 females age 18 and over, there are 87.6 males.
Question: Which age group is the largest?
Answer:",The age group from 25 to 44 is the largest.,25 to 44,0.5454545454545454,157,13,170,1
"Passage: Hoping to rebound from their loss to the Patriots, the Raiders stayed at home for a Week 16 duel with the Houston Texans.  Oakland would get the early lead in the first quarter as quarterback JaMarcus Russell completed a 20-yard touchdown pass to rookie wide receiver Chaz Schilens.  The Texans would respond with fullback Vonta Leach getting a 1-yard touchdown run, yet the Raiders would answer with kicker Sebastian Janikowski getting a 33-yard and a 30-yard field goal.  Houston would tie the game in the second quarter with kicker Kris Brown getting a 53-yard and a 24-yard field goal. Oakland would take the lead in the third quarter with wide receiver Johnnie Lee Higgins catching a 29-yard touchdown pass from Russell, followed up by an 80-yard punt return for a touchdown.  The Texans tried to rally in the fourth quarter as Brown nailed a 40-yard field goal, yet the Raiders' defense would shut down any possible attempt.
Question: How many touchdowns were scored in the game?
Answer:",Four touchdowns were scored in the game.,4,0.0,241,8,249,1
"Passage: Coming off their bye week, the Chargers went home for a Week 10 AFC West duel with the Kansas City Chiefs.  In the first quarter, San Diego trailed early as Chiefs QB Tyler Thigpen completed a 30-yard TD pass to WR Mark Bradley.  In the second quarter, the 'Bolts got on the board as kicker Nate Kaeding got a 34-yard and a 26-yard field goal.  Kansas City would close out the half as Thigpen completed a 34-yard TD pass to TE Tony Gonzalez (with a failed 2-point conversion). In the third quarter, the Chargers tied the game as QB Philip Rivers completed a 5-yard TD pass to WR Malcom Floyd.  In the fourth quarter, San Diego took the lead as Rivers completed an 8-yard TD pass to TE Antonio Gates.  The Chiefs tried to rally as Thigpen completed a 3-yard TD pass to Gonzalez after a very controversial Pass Interference call on Safety Clinton Hart, in which Gonzalez did not look for a flag, making the call even more controversial.  Fortunately, the Chargers' defense stopped both the 2-point conversion and the ensuing onside kick to preserve their much-needed victory.
Question: How many field goals did Nate Kaeding kick in the second quarter?
Answer:",Two field goals.,2,0.0,290,4,294,1
"Passage: Coming off their win over the Cardinals, the Panthers flew to Heinz Field for a Week 16 interconference duel with the Pittsburgh Steelers on Thursday night.  Carolina trailed in the first quarter as Steelers kicker Shaun Suisham got a 26-yard field goal.  The Panthers continued to struggle in the second quarter as quarterback Ben Roethlisberger completed a 43-yard touchdown pass to wide receiver Mike Wallace, followed by running back Rashard Mendenhall getting a 1-yard touchdown run and Suisham making a 29-yard field goal. Pittsburgh continued to increase their lead in the third quarter with Roethlisberger getting a 1-yard touchdown run.  Carolina would close out the game in the fourth quarter with a 27-yard field goal from kicker John Kasay. With the loss, not only the Panthers fell to 2-13. The Panthers were the only NFC South team to lose to all of their AFC North opponents.
Question: Who scored the last field goal of the game?
Answer:",John Kasay,John Kasay,1.0,231,3,234,1
"Passage: Though there had been popular support for the war among the Russian public following the Japanese attack at Port Arthur in 1904, that popular support soon turned to discontent after suffering multiple defeats at the hands of the Japanese forces. For many Russians, the immediate shock of unexpected humiliation at the hands of Japan caused the conflict to be viewed as a metaphor for the shortcomings of the Romanov autocracy. Popular discontent in Russia after the war added more fuel to the already simmering Russian Revolution of 1905, an event Nicholas II had hoped to avoid entirely by taking intransigent negotiating stances prior to coming to the table. Twelve years later, that discontent boiled over into the February Revolution of 1917. In Poland, which Russia partitioned in the late 18th century, and where Russian rule already caused two major uprisings, the population was so restless that an army of 250,000-300,000—larger than the one facing the Japanese—had to be stationed to put down the unrest. Some political leaders of the Polish insurrection movement  sent emissaries to Japan to collaborate on sabotage and intelligence gathering within the Russian Empire and even plan a Japanese-aided uprising. In Russia, the defeat of 1905 led in the short term to a reform of the Russian military that allowed it to face Germany in World War I. However, the revolts at home following the war planted seeds that presaged the Russian Revolution of 1917. This was because Tsar Nicholas II issued the October Manifesto, which included only limited reforms such as the Duma and failed to address the societal problems of Russia at the time.
Question: What did not address the societal problems of Russian?
Answer:",The October Manifesto.,the October Manifesto|October Manifesto,1.0,374,5,379,1
"Passage: In January 1918, Romanian forces established control over Bessarabia as the Russian Army abandoned the province. Although a treaty was signed by the Romanian and Bolshevik Russian governments following talks between 5 and 9 March 1918 on the withdrawal of Romanian forces from Bessarabia within two months, on 27 March 1918 Romania formally attached Bessarabia to its territory, based on a resolution passed by the local assembly of that territory on its unification with Romania. Romania officially made peace with the Central Powers by signing the Treaty of Bucharest on 7 May 1918. Under the treaty, Romania was obliged to end the war with the Central Powers and make small territorial concessions to Austria-Hungary, ceding control of some passes in the Carpathian Mountains, and to grant oil concessions to Germany. In exchange, the Central Powers recognised the sovereignty of Romania over Bessarabia. The treaty was renounced in October 1918 by the Alexandru Marghiloman government, and Romania nominally re-entered the war on 10 November 1918. The next day, the Treaty of Bucharest was nullified by the terms of the Armistice of Compiègne. Total Romanian deaths from 1914 to 1918, military and civilian, within contemporary borders, were estimated at 748,000.
Question: How many days did the talks between the Romanian and Bolshevik Russian governments last?
Answer:",The talks lasted 5 days.,4,0.0,326,7,333,1
"Passage: Modern Clallam County is generally regarded as a competitive area politically. In the United States presidential election, 2016, Donald Trump won with 46.7% of the vote, compared to 44.0% of the vote for Hillary Clinton. In the United States presidential election, 2012, Barack Obama narrowly won with 48.4% of the vote, compared to 48.0% of the vote for Mitt Romney. In the United States presidential election, 2008, Democratic Party (United States) Barack Obama won the county with 50.5% of the vote, compared to 47.2% for Republican candidate John McCain. However, Republican George W. Bush carried Clallam twice, defeating John Kerry by 51.3% to 46.3% in United States presidential election, 2004, and Al Gore by 50.4% to 42.7% in United States presidential election, 2000 (although Bush lost Washington (state) as a whole both times). Clallam County is a bellwether, voting for the nationwide winning candidate in every presidential election from United States presidential election, 1980 onward.
Question: Did Trump win over Hillary by a smaller or larger margin than Obama won over Romney?
Answer:",Trump won over Hillary by a larger margin than Obama won over Romney.,larger,0.15384615384615385,291,14,305,1
"Passage: The First Division under Konishi Yukinaga proceeded northward, and sacked Pyongsan, Sohung, Pungsan, Hwangju, and Chunghwa along the way. At Chunghwa, the Third Division under Kuroda Nagamasa joined the First, and continued to the city of Pyongyang located behind the Taedong River. A total of 10,000 Korean troops guarded the city against the 30,000 advancing Japanese. They were led by various commanders including the Generals Yi Il and Kim Myong-won, and their defense preparations had assured that no boats were available for Japanese use. At night, the Koreans silently crossed the river and launched a successful surprise attack against the Japanese encampment. However, this alerted the rest of the Japanese army, which attacked the rear of the Korean positions and destroyed the remaining reinforcements crossing the river. The remainder of the Korean troops then retreated back to Pyongyang, and the Japanese troops gave up their pursuit of the Koreans to observe the manner in which the Koreans had crossed the river. The next day, using what they had learned from observing the retreating Korean troops, the Japanese began sending troops to the other shore over the shallow points in the river, in a systematic manner, and at this sight the Koreans abandoned the city overnight. On July 20, 1592, the First and Third Divisions entered the deserted city of Pyongyang. In the city, they managed to capture 100,000 tons of military supplies and grain.
Question: How many more Japanese troops were there than Korean troops?
Answer:","20,000",20000,1.0,359,3,362,1
"Passage: On 7-8 October at the Battle of Slobodyshche 14,000-15,000 Poles and 5,000-6,000 Tatars defeated the Cossacks under Yurii Khmelnytsky, who was trying to link up with Sheremetev. After the unsuccessful battle Yurii began talks with the Poles. As a result, he broke the alliance with Moscow and 17 October signed Slobodischensky Tacktat, under which the Hetmanate rejoined the Commonwealth. After learning of this switch, Tsetsyura and his Cossacks, who were with Sheremetev, also changed sides . This left Sheremetev, who was defending Chudnov in a dangerous position. At the Battle of Chudnov the Poles defeated the Russians . The fortified Russo-Cossack camp was completely encircled. During the battle Tsetsyura went over to the royal army with 2,000 Cossacks. However, most of the Left-Bank Cossack regiments remained the loyal to Moscow. .) The 15,000-man  Russian army was completely surrounded. Prince Yuri Baryatinsky left Kiev to help Sheremetev, but was stopped at Brusilov by Polish cavalry under Jan Sobieski. The Russians made unsuccessful forays from the besieged camp, but could not change anything. On 4 November Sheremetev was forced to capitulate. The disarmed Russian soldiers were released. The price was high: the Russians had to pay 300,000 rubles and evacuate Kiev, Pereyaslav, Chernigov. Sheremetev remained in captivity. On the night of 4-5 November, as soon as the 10,000 Russians gave up their weapons, the Tatars broke into the camp and started grabbing people with lassos. The disarmed Russians defended themselves as well as they could, but the Tatars killed many with arrows and took about 8,000 prisoners. Yielding to a demand, the Poles gave Sheremetev to the Tatars. The Russians and Left-Bank Cossacks lost 4,200 killed, 4,000 wounded and 20,500 captives.
Question: How many days after the Battle of Slobodyshche was the Slobodischensky Tacktatsigned?
Answer:",Nine days.,9,0.0,514,3,517,1
"Passage: Russia admitted that three of its Su-25 strike aircraft and one Tu-22M3 long-range bomber were lost. Georgia at that time claimed it had downed at least 21 Russian aircraft. Moscow Defence Brief provided a higher estimate for air force losses, saying that Russian Air Force total losses during the war were one Tu-22M3 long-range bomber, one Su-24M Fencer fighter-bomber, one Su-24MR Fencer E reconnaissance plane and four Su-25 attack planes. Anton Lavrov listed one Su-25SM, two Su-25BM, two Su-24M and one Tu-22M3 lost. Two helicopters, a Mi-8MTKO and a Mi-24, were wrecked in an accident after the hostilities. While there are no official figures, Russian ground equipment losses in the war are estimated to be three tanks, at least 20 armoured and 32 non-armoured vehicles lost in combat. Several more vehicles were impaired in accidents. During one engagement, Georgian forces destroyed 25 out of 30 vehicles of a Russian military unit commanded by General Anatoly Khrulyov. The Russian military had no losses in the artillery, air defence and naval forces. According to Nezavisimaya Gazeta, the five-day war cost Russia an estimated 12.5 billion rubles, a daily cost of 2.5 billion rubles. South Ossetian forces lost two BMP-2s.
Question: How many total Russsian ground equipment were estimated to be lost in combat?
Answer:",At least 55 Russian ground equipment were estimated to be lost in combat.,55,0.14285714285714288,348,15,363,1
"Passage: Coming off their season-sweeping home win over the 49ers, the Seahawks stayed at home for a Week 11 duel against the Chicago Bears, in the rematch of last year's NFC Divisional game (previously in Chicago). In the first quarter, Seattle trailed early as Bears RB Cedric Benson got a 43-yard TD run, along with kicker Robbie Gould getting a 31-yard field goal.  The Seahawks would get on the board with QB Matt Hasselbeck completing a 19-yard TD pass to WR D. J. Hackett.  In the second quarter, the Seahawks took the lead with RB Maurice Morris getting a 19-yard TD run.  However, Chicago regained the lead with RB Adrian Peterson getting a 5-yard TD run.  Seattle would tie the game kicker Josh Brown getting a 40-yard field goal. In the third quarter, the Seahwaks retook the lead as Hasselbeck completed a 4-yard TD pass to WR Nate Burleson for the only score of the period.  In the fourth quarter, the Bears tried to retaliate as Gould kicked a 47-yard field goal.  Afterwards, Seattle pulled away with Brown kicking a 23-yard and a 46-yard field goal.  Chicago's final response would be Gould nailing a 48-yard field goal.
Question: Who had the longest touchdown of the game?
Answer:",Cedric Benson with a 43-yard TD run.,Cedric Benson,0.5,310,11,321,1
"Passage: In 2004 Philadelphia Eagles season, the Philadelphia Eagles had their best season since 1960, going 13-1 before resting their starters and losing their next 2, clinching the number one seed for the second year in a row. McNabb set career highs, completing 64% of his passes for 3,875 yards, though he didnt play all 16 games. McNabb became the first quarterback ever to throw more than 30 touchdowns and fewer than 10 interceptions in a season. His success could be attributed to the fact that he had a reliable receiver, Terrell Owens, who got 1,200 yards and 14 touchdowns in 14 games. After defeating the Minnesota Vikings and Atlanta Falcons, the Eagles advanced to Super Bowl XXXIX, where they dueled the 2004 New England Patriots season. Although McNabb threw 3 touchdown passes and 357 yards in the game, and the score was tied 14-14 going into the fourth quarter, the Patriots outscored the Eagles and scored ten straight points. McNabb completed a 30-yard touchdown pass, and the Eagles defense held the Patriots to a 3 and out, but a crucial interception with 46 seconds left on the clock secured their fate. The Patriots won 24-21.
Question: Which did McNabb complete more of, touchdowns or interceptions?
Answer:",Touchdowns.,touchdowns,1.0,308,3,311,1
"Passage: Charles V returned to Spain on July 16, 1522.  Acts of repression and retaliation against former comuneros did occur, but only sporadically.  Embarrassingly large numbers of important people had supported the comuneros, or at least were suspiciously slow to declare allegiance to the king, and Charles thought it unwise to press the issue too much. Back in Valladolid, Charles declared a general pardon on November 1.  The pardon gave amnesty to everyone involved in the revolt with the exception of 293 comuneros, a small figure given the huge number of rebels.  Both Pacheco and Bishop Acuña were among the 293 excluded from the pardon.  More pardons were issued later, after pressure from the Cortes; by 1527, the repression was completely at end.  Of the 293, 23 were executed, 20 died in prison, 50 purchased amnesty, and 100 were pardoned later.  The fates of the rest are unknown.
Question: How many more of the 293 comuneros who were excluded from pardon were executed compared to those that died in prison?
Answer:",3 more comuneros were executed compared to those that died in prison.,3,0.15384615384615385,262,14,276,1
"Passage: The Bills would trail 24-10 in the fourth quarter, but they would come back to tie the game after Marquise Goodwin caught a 40-yard touchdown pass from Thad Lewis and force overtime. In the extra period, the Bills would get the ball first, but would be forced to punt after they went 3 and out. The Bengals would return the punt 39 yards to set them up in field goal range. A couple of plays later, Mike Nugent would kick the game winning 43-yard field goal to end the game.
Question: Which team scored in overtime?
Answer:",The Bengals scored in overtime.,Bengals,0.4,147,6,153,1
"Passage: In week 2, the Seahawks took on their division rivals, the San Francisco 49ers. Prior to the season, NFL analysts rated this rivalry as the top upcoming rivalry, as well as the top rivalry of the decade. Both teams proved that point, when they had an arms race in the off-season, Seattle picking up Percy Harvin and San Francisco picking Anquan Boldin in the off-season, among others. Last season, the teams were 1-1 against each other, Seattle being the better team, as they blew out the Niners 42-13 in the last meeting in Seattle, coincidentally, also on Sunday Night Football. It was also a day that Russell Wilson and Colin Kaepernick appeared to bet an eyebrow, with the loser shaving his eyebrow; this was later revealed to be a publicity stunt. Finally, it was a day where former Seahawk Shaun Alexander would raise the 12th man flag. The game began quietly though, as both sides failed to establish a rhythm. The game was delayed midway through the first quarter due to lightning in the vicinity of the stadium, the second such case in the 2013 season (Ravens-Broncos kickoff game in week 1 was the first). After getting back onto the field, the 49ers blocked a Seahawks punt and got the ball in Seattle territory. However, Seattle claimed a whistle was heard from the crowd, which confused the linemen and the punter. That claim was later justified by NBC analyst Cris Collinsworth. The Niners took advantage and drove to the Seattle 10-yard line. However, on third down, Earl Thomas intercepted a Colin Kaepernick pass, and Seattle regained possession. A few plays later, Russell Wilson was intercepted by rookie Eric Reid, and the tug of war continued into the second quarter. All was quiet until midway through the second quarter, where fullback Bruce Miller was caught holding in the endzone, the result of which was a safety, and a Seattle 2-0 lead. Later on, defensive end Cliff Avril strip sacked Kaepernick and K. J. Wright recovered for Seattle, the result of which was a Steven Hauschka 30-yard field goal. Halftime came with a small 5-0 Seahawks lead. The game was pretty dark and messy at that point, the only bright side being Seattle running back Marshawn Lynch. In the third quarter, the Seahawks came out roaring. On third and 12, Wilson connected with receiver Doug Baldwin for a 51-yard gain to inside the 49ers 25 yard line. A few plays later, Lynch took it to the house on a 14-yard run, 12-0 Seattle. The 49ers responded with a drive to the Seattle 6-yard line, capped of by Phil Dawson 21-yard field goal, that included a 28-yard scramble by Kaepernick, 12-3 Seahawks. However, that would be it for the Niners, and the third quarter. In the fourth quarter, the Seahawks demolished the Niners on all phases of play. It started with Wilson hitting Lynch for a 7-yard score on third down. A few plays into the Niners next drive, Kaepernick was intercepted by Richard Sherman, who took it to the 49ers 25-yard line. That resulted in a 37-yard Steven Hauschka field goal. On the ensuing Niners drive, Kaepernick was intercepted again, this time by safety Kam Chancellor, who had signed a contract extension earlier in the year. Lynch scored on a 2-yard run on the next play. Seattle led 29-3. The 49ers fumbled the ensuing kickoff, and Seattle recovered. Seattle won, in convincing style, silencing any critics. The 12th man also broke a Guinness world record, for the loudest outdoor stadium. Yet again, Seattle dominated on SNF, and Pete Carroll improved to 3-4 overall against the Niners, and 2-3 against bitter rival Jim Harbaugh. Seattle was now 2-0, and still unbeaten at home.
Question: How many points did Seattle win by?
Answer:",Seattle won by 26 points.,26,0.33333333333333337,879,7,886,1
"Passage: There were 88,296 households out of which 29.5% had children under the age of 18 living with them, 53.3% were Marriage living together, 9.1% had a female householder with no husband present, and 33.4% were non-families. 26.1% of all households were made up of individuals, 31.5% of households had individuals under 18 years, and 9.5% had someone living alone who was 65 years of age or older.  The average household size was 2.44 and the average family size was 2.96.
Question: which household was third most common?
Answer:",Female householder with no husband present.,had individuals under 1|individuals under 18 years,0.0,170,8,178,1
"Passage: Still trying to get their first win of the year, the Dolphins went home for a Week 13 AFC East rematch with the throwback-clad New York Jets.  In the first quarter, Miami trailed early as Jets RB Leon Washington got an 18-yard TD run.  The Dolphins ended the period with kicker Jay Feely getting a 53-yard field goal.  In the second quarter, Miami drew closer as Feely kicked a 44-yard field goal, yet New York replied with kicker Mike Nugent getting a 29-yard field goal.  Afterwards, the Dolphins took the lead as CB Michael Lehan returned a fumble 43 yards for a touchdown.  However, the Jets regained the lead with QB Kellen Clemens completing a 19-yard TD pass to WR Brad Smith, along with Nugent kicking a 40-yarder and a 35-yard field goal. In the third quarter, New York increased their lead with Nugent kicking a 35-yard field goal for the only score of the period.  In the fourth quarter, the Jets sealed the win with RB Thomas Jones getting a 1-yard TD run, Nugent nailing a 26-yard field goal, and Washington getting a 12-yard TD run. With the loss, Miami fell to 0-12, and have lost 15 straight games dating back to game 14 of last season. This also marked the first time since the 2001 Detroit Lions that a team began a season 0-12.
Question: How many more yards was the Jets second touchdown of the fourth quarter over the first?
Answer:",11 yards,11,0.6666666666666666,353,2,355,1
"Passage: Among the other denominations there are approximately 93,000 Mormons in 253 congregations, 25,000 Jewish adherents in 21 synagogues, 12,000 Muslims in 39 masjids, 7,000 Buddhists in 34 temples, 7,000 Hindus in 17 temples, 2,500 Unitarian Universalism in 9 congregations, 2,000 Bahai in 17 temples, 5 Sikh temples, a Zoroastrian temple, a Jain temple and an uncounted number of neopagans.
Question: How many more Mormons than Buddhists were there?
Answer:","86,000",86000,1.0,161,3,164,1
"Passage: As of the census of 2000, there were 445,342 people, 169,162 households, and 114,015 families residing in the county.  The population density was 615 people per square mile (238/km²).  There were 178,913 housing units at an average density of 247 per square mile (95/km²).  The racial makeup of the county was 82.19% Race (United States Census), 1.15% Race (United States Census) or Race (United States Census), 0.65% Race (United States Census), 6.68% Race (United States Census), 0.30% Race (United States Census), 5.86% from Race (United States Census), and 3.17% from two or more races.  11.17% of the population were Race (United States Census) or Race (United States Census) of any race. 17.2% were of German American, 9.9% English American, 8.2% Irish American, and 6.7% Americans ancestry. 81.7% spoke only English at home, while 9.6% spoke Spanish and 1.2% Vietnamese.
Question: How many in percent from the census didn't speak only English at home?
Answer:",18.3%,18.3,1.0,301,4,305,1
"Passage: The 2010 United States Census reported that Lassen County had a population of 34,895. The racial makeup of Lassen County was 25,532 (73.2%) White (U.S. Census), 2,834 (8.1%) African American (U.S. Census), 1,234 (3.5%) Native American (U.S. Census), 356 (1.0%) Asian (U.S. Census), 165 (0.5%) Pacific Islander (U.S. Census), 3,562 (10.2%) from Race (United States Census), and 1,212 (3.5%) from two or more races.  Hispanic (U.S. Census) or Latino (U.S. Census) of any race were 6,117 persons (17.5%).
Question: How many percent of people were not Black?
Answer:",91.9%,91.9,1.0,209,4,213,1
"Passage: The Steelers went back home for another showdown with the Patriots. This game is notable for being the very first game that QB Ben Roethlisberger would miss out on against the Patriots. In the first quarter, The Patriots scored first when Tom Brady found James White on a 19-yard touchdown pass for a 7-0 lead for the only score of the period. In the second quarter, they increased their lead when LaGarrette Blount ran for a 3-yard touchdown to make it 14-0. The Steelers got on the board later on in the quarter when Landry Jones found Darrius Heyward-Bey on a 14-yard touchdown pass for a 14-7 game. The Steelers closed out the scoring of the first half when Chris Boswell kicked a 32-yard field goal for a 14-10 game at halftime. In the third quarter, the Steelers went back to work as Boswell kicked another field goal to get his team within 1, 14-13 from 46 yards out. The Pats pulled away later on when Brady found Rob Gronkowski on a 36-yard touchdown pass (with a failed PAT) for a 20-13 game. In the fourth quarter, the Steelers came within 4 again when Boswell made a 44-yard field goal for a 20-16 game. But the Pats sealed the game after Blount ran for a 5-yard touchdown and the eventual final score of 27-16. With the loss, the Steelers went into their bye week at 4-3. Regardless, due to the Ravens' loss to the Jets, they still remain in first place in the AFC North. The team dropped to 0-1 on the season without Roethlisberger as a starter and their seven-game home winning streak was snapped.
Question: How many yards was the longest touchdown run?
Answer:",The longest touchdown run was 3 yards.,5,0.0,408,9,417,1
"Passage: From November 1943, during the seven-week Battle of Changde, the Chinese forced Japan to fight a costly war of attrition, while awaiting Allied relief. In January 1944, the Allies launched a series of attacks in Italy against the line at Monte Cassino and tried to outflank it with landings at Anzio. By the end of January, a major Soviet offensive expelled German forces from the Leningrad region, ending the longest and most lethal siege in history. The following Soviet offensive was halted on the pre-war Estonian border by the German Army Group North aided by Estonians hoping to re-establish national independence. This delay slowed subsequent Soviet operations in the Baltic Sea region. By late May 1944, the Soviets had liberated Crimea, largely expelled Axis forces from Ukraine, and made incursions into Romania, which were repulsed by the Axis troops. The Allied offensives in Italy had succeeded and, at the expense of allowing several German divisions to retreat, on 4 June, Rome was captured. The Allies had mixed success in mainland Asia. In March 1944, the Japanese launched the first of two invasions, an operation against British positions in Assam, India, and soon besieged Commonwealth positions at Imphal and Kohima. In May 1944, British forces mounted a counter-offensive that drove Japanese troops back to Burma, and Chinese forces that had invaded northern Burma in late 1943 besieged Japanese troops in Myitkyina. The second Japanese invasion of China aimed to destroy China's main fighting forces, secure railways between Japanese-held territory and capture Allied airfields. By June, the Japanese had conquered the province of Henan and begun a new attack on Changsha in the Hunan province.
Question: Which happened first in 1944, the allies attacking at Monte Cassino or the Soviets liberating Crimea?
Answer:",The Allies attacking at Monte Cassino happened first in 1944.,allies attacking at Monte Cassino|Monte Cassino,0.7142857142857143,410,14,424,1
"Passage: German has 13,444 speakers representing about 0.4% of the states population, and Vietnamese is spoken by 11,330 people, or about 0.4% of the population, many of whom live in the Asia District, Oklahoma City of Oklahoma City. Other languages include French with 8,258 speakers (0.3%), Chinese Americans with 6,413 (0.2%), Korean with 3,948 (0.1%), Arabic with 3,265 (0.1%), other Asian languages with 3,134 (0.1%), Tagalog language with 2,888 (0.1%), Japanese with 2,546 (0.1%), and African languages with 2,546 (0.1%). In addition to Cherokee, more than 25 Indigenous languages of the Americas are spoken in Oklahoma, second only to California (though, it should be noted only Cherokee exhibits language vitality at present).
Question: Of the languages listed, which are spoken by fewer than 3,000 people?
Answer:","Tagalog language, Japanese, and African languages.",Tagalog and Japanese and African languages,0.8333333333333334,240,10,250,1
"Passage: In the census of 2010, there were 66,135 people, 26,265 (2000 data) households, and 14,051 (2000 data) families residing in the city. The population density was 6,096.7 people per square mile (2,199.9/km²). There were 30,272 (2000 data) housing units at an average density of 2,790.6 per square mile (1,077.2/km²). The racial makeup of the city was 59.38% (52.31% Non-Hispanic) (7.07 White-Hispanic) White (U.S. Census), 24.19% African American (U.S. Census), 14.47% Hispanic (U.S. Census) or Latin (U.S. Census)) of any race, 8.24% from Race (United States Census), 5.74% from two or more races, 2.62% Asian (U.S. Census), 0.69%  Native American (U.S.Census), and 0.14% Pacific Islander (U.S. Census). There is a growing Guyana population in the area. The top ancestries self-identified by people on the census are Italian (13.6%), Guyanese (12.3%), Irish (12.1%), Puerto Rican (10.1%), German (8.7%), English (6.0%), Polish (5.4%), French (4.4%). These reflect historic and early 20th-century immigration, as well as that since the late 20th century.
Question: How many percent of people were not African American?
Answer:",75.81%,75.81,1.0,378,4,382,1
"Passage: at Raymond James Stadium, Tampa, Florida TV Time: CBS 1:00pm eastern The Ravens opened the regular season on the road against the Tampa Bay Buccaneers on September 10. In QB Steve McNair's inaugural start as a Raven, the team gave a dominating performance. RB Jamal Lewis got the team's first points as he ran into the endzone on a four-yard touchdown strike in the first quarter. Then, in the second quarter, CB Chris McAlister intercepted a pass from Tampa Bay QB Chris Simms and ran 60 yards for another touchdown. Rookie Haloti Ngata recorded his first career interception and also returned for 60 yards to set up kicker Matt Stover with a 20-yard field goal to put the Ravens up 17-0 at halftime. Baltimore continued to suppress Tampa Bay in the second half, as Stover kicked a 42-yard field goal in the third quarter to put Baltimore up 20-0. In the fourth quarter, McNair put the game away with a 4-yard pass to TE Daniel Wilcox. While the Ravens offense had a very good start to the 2006 season, the defense also showed much promise, as they forced Simms into throwing three interceptions and limited star RB Carnell ""Cadillac"" Williams to just 22 yards on eight carries. For his efforts in this game Ray Lewis was named NFL Defensive Player of the Week after recording 10 tackles and a sack. With the win, the Ravens were 1-0 and 1-0 against NFC Opponents.
Question: How many field goals were made in the 2nd quarter?
Answer:",None.,1,0.0,359,2,361,1
"Passage: In cold and windy conditions, Brett Favre threw 2 interceptions, and the Bears blocked 2 punts, en route to a 35-7 victory over the Packers, giving the Bears a sweep against Green Bay for the 2007 season. The Packers had not had a punt blocked in 12 years (929 punts). The last time the Packers had 2 punts blocked in a game was September 21, 1975, in a game against Detroit. Favre ended the game with 158 passing yards, and he surpassed 4,000&#160;yards passing for the season, the 5th time in his career to achieve the mark.  Ryan Grant ran for 100 total yards and the only touchdown for the Packers. With the loss, the Packers fell to 12-3 on the season.
Question: How many points did Chicago win by?
Answer:",28 points.,28,0.6666666666666666,205,3,208,1
"Passage: Hoping to rebound from their loss to the Texans, the Bengals stayed at home for a Week 7 inter conference duel with the Chicago Bears.  In the first quarter, Cincinnati got off to a fast start as quarterback Carson Palmer completed a 9-yard touchdown pass to wide receiver Chris Henry and an 8-yard touchdown pass to wide receiver Chad Ochocinco.  The Bengals would continue their dominating day in the second quarter as Palmer found tight end J.P. Foschi on a 3-yard touchdown pass and wide receiver Laveranues Coles on an 8-yard touchdown pass, followed by kicker Shayne Graham booting a 29-yard field goal.  The Bears would close out the half with a 22-yard field goal from kicker Robbie Gould. Afterwards, Cincinnati would pull away Palmer finding Ochocinco again on a 13-yard touchdown pass in the third quarter, followed by former Chicago running back Cedric Benson's 1-yard touchdown run.  The Bears would then end the game with quarterback Jay Cutler hooking up with wide receiver Devin Hester on a 5-yard touchdown pass. With the win, the Bengals went into their bye week at 5-2. And also surpassed their win total from last season
Question: Did Palmer have more touchdown yards in the first quarter or the second quarter?
Answer:",Palmer had more touchdown yards in the first quarter.,first quarter,0.4,295,11,306,1
"Passage: Trying to snap their six-game losing streak, the 49ers flew to Qwest Field for an NFC West rematch on Monday Night Football with the Seattle Seahawks. In the first quarter, the Niners trailed early as Seahawks QB Matt Hasselbeck completed a 1-yard TD pass to TE Will Heller, along with kicker Josh Brown. In the second quarter, San Francisco's struggles continued as RB Maurice Morris gave Seattle a 6-yard TD run for the only score of the period. After a scoreless third quarter, the Seahawks sealed the win and the season-sweep with Hasselbeck completing a 10-yard TD pass to WR D.J. Hackett.
Question: Which team won the game?
Answer:",The Seattle Seahawks won the game.,Seahawks,0.4,172,7,179,1
"Passage: In the census of 2010, there were 66,135 people, 26,265 (2000 data) households, and 14,051 (2000 data) families residing in the city. The population density was 6,096.7 people per square mile (2,199.9/km²). There were 30,272 (2000 data) housing units at an average density of 2,790.6 per square mile (1,077.2/km²). The racial makeup of the city was 59.38% (52.31% Non-Hispanic) (7.07 White-Hispanic) White (U.S. Census), 24.19% African American (U.S. Census), 14.47% Hispanic (U.S. Census) or Latin (U.S. Census)) of any race, 8.24% from Race (United States Census), 5.74% from two or more races, 2.62% Asian (U.S. Census), 0.69%  Native American (U.S.Census), and 0.14% Pacific Islander (U.S. Census). There is a growing Guyana population in the area. The top ancestries self-identified by people on the census are Italian (13.6%), Guyanese (12.3%), Irish (12.1%), Puerto Rican (10.1%), German (8.7%), English (6.0%), Polish (5.4%), French (4.4%). These reflect historic and early 20th-century immigration, as well as that since the late 20th century.
Question: How many more people are there than families?
Answer:","52,084",52084,1.0,377,3,380,1
"Passage: According to official records, the British government lost 43 troops with 126 wounded, while 2337 rebels were killed, another 1652 injured and 45,404 imprisoned. Unofficial estimates put the number at 10,000 killed and 50,000 imprisoned, of who 20,000 were deported  while around 10,000 went missing. The number of civilian casualties is estimated at between 500 and 600. Official estimates of forced religious conversions of Hindus were put at 180, but unofficial estimates suggest a figure of between 1000 and 1500. Arya Samaj sources reported a number of 1766, adding that the total might exceed 2500, the highest estimate made. Out of a total of almost 50,000 Mappilas involved in the rebellion, 678 were charged with the crime of forced religious conversion, not all of who were guilty of involvement. Within five years subsequent to the conflict the agricultural output was averaging slightly more than prior to it. Qureshi has said that, ""In short, contrary to popular belief, Malabar did not suffer a massive devastation, and even if it did the recovery was miraculous.""
Question: By how many people do the civilian casualties estimates vary?
Answer:",Between 100 and 100.,100,0.4,283,7,290,1
"Passage: at Raymond James Stadium, Tampa, Florida TV Time: CBS 1:00pm eastern The Ravens opened the regular season on the road against the Tampa Bay Buccaneers on September 10. In QB Steve McNair's inaugural start as a Raven, the team gave a dominating performance. RB Jamal Lewis got the team's first points as he ran into the endzone on a four-yard touchdown strike in the first quarter. Then, in the second quarter, CB Chris McAlister intercepted a pass from Tampa Bay QB Chris Simms and ran 60 yards for another touchdown. Rookie Haloti Ngata recorded his first career interception and also returned for 60 yards to set up kicker Matt Stover with a 20-yard field goal to put the Ravens up 17-0 at halftime. Baltimore continued to suppress Tampa Bay in the second half, as Stover kicked a 42-yard field goal in the third quarter to put Baltimore up 20-0. In the fourth quarter, McNair put the game away with a 4-yard pass to TE Daniel Wilcox. While the Ravens offense had a very good start to the 2006 season, the defense also showed much promise, as they forced Simms into throwing three interceptions and limited star RB Carnell ""Cadillac"" Williams to just 22 yards on eight carries. For his efforts in this game Ray Lewis was named NFL Defensive Player of the Week after recording 10 tackles and a sack. With the win, the Ravens were 1-0 and 1-0 against NFC Opponents.
Question: Who had a 60 yard interception return for a touchdown?
Answer:",CB Chris McAlister,Chris McAlister intercepted a pass and ran 60 yards and for another touchdown|Haloti Ngata|Chris McAlister,0.8,358,5,363,1
"Passage: The median age in the city was 22.1 years. 10.1% of residents were under the age of 18; 56.2% were between the ages of 18 and 24; 16.1% were from 25 to 44; 10.5% were from 45 to 64; and 7% were 65 years of age or older. The gender makeup of the city was 64.3% male and 35.7% female.
Question: Were there more males or females in the city?
Answer:",More males.,males|male,0.6666666666666666,144,3,147,1
"Passage: As of the census of 2000, there were 952 people, 392 households, and 241 families residing in the village. The population density was 952.9 people per square mile (367.6/km²). There were 449 housing units at an average density of 449.4 per square mile (173.4/km²). The racial makeup of the village was 96.11% White (U.S. Census), 0.95% African American (U.S. Census) or Race (United States Census), 0.11% Native American (U.S. Census), 0.11% Asian (U.S. Census), 0.21% from Race (United States Census), and 2.52% from two or more races. 1.05% of the population were Hispanics in the United States or Latino (U.S. Census) of any race.
Question: How many more percent of the people living in the village as of the census of 2000 were white compared to African American?
Answer:",95.16%,95.16,1.0,243,4,247,1
"Passage: Coming off their overtime win over the Bills, the Steelers flew to M&T Bank Stadium for a Week 13 AFC North rematch with the Baltimore Ravens on Sunday night.  Pittsburgh trailed in the first quarter as Ravens quarterback Joe Flacco completed a 14-yard touchdown pass to wide receiver Anquan Boldin.  After a scoreless second quarter, Pittsburgh answered in the third quarter with a 45-yard field goal from kicker Shaun Suisham.  Baltimore would respond with kicker Billy Cundiff getting a 24-yard field goal.  After adding a 19-yarder from Suisham, the Steelers defense would set up a 1st and Goal after safety Troy Polamalu stripped the ball from Ravens quarterback Joe Flacco with less than three and a half minutes to go, safety Troy Polamalu's sack on Flacco forced a fumble, allowing linebacker LaMarr Woodley to recover the ball and return it to the Baltimore 9, which was followed by quarterback Ben Roethlisberger finding running back Isaac Redman on a 9-yard touchdown pass on third down.  The Ravens tried to rally, but Pittsburgh's defense held on to prevail with the victory. With the win, not only did the Steelers improve to 9-3, but it also allowed them to take the AFC North division lead for the first time since week 4.
Question: Which player scored the first touchdown?
Answer:",Anquan Boldin,Anquan Boldin,1.0,315,4,319,1
"Passage: Over the next year, however, the Polish forces were subject to attrition, as the Sejm again refused to raise taxes and pay the army, resulting in mass desertions of unpaid soldiery. The Polish problems were further aggravated by the incompetent leadership of hetman Michał Kazimierz Pac, who obstructed Sobieski's leadership, while the Ottomans continued to receive reinforcements. Nonetheless in 1674 the Commonwealth resumed the offensive, taking advantage of a new Muscovy-Ottoman conflict that year, and the Polish-Ottoman war remained undecided.:275 Sobieski's force of 6,000 defeated 20,000 Turks and Tatars under Ibrahim Shyshman in the battle of Lwow in August 1675.:653  Even after the Battle of Trembowla, the Sejm still refused his pleas for more funds and a larger army.:653 In 1676, after Sobieski's 16,000 withstood the two-week siege of Żurawno, by 100,000 men under Ibrahim Pasha, a new peace treaty was signed, the Treaty of Żurawno.:655  The peace treaty partially reversing those from Buczacz: the Ottomans kept approximately two thirds of the territories they gained in 1672, and the Commonwealth no longer was obliged to pay any kind of tribute to the Empire; a large number of Polish prisoners were released by the Ottomans.
Question: How many more men did Pasha have than Sobieski in the siege of Żurawno?
Answer:","84,000 men.",84000,0.6666666666666666,348,5,353,1
"Passage: The ages of New Havens residents are 25.4% under the age of 18, 16.4% from 18 to 24, 31.2% from 25 to 44, 16.7% from 45 to 64, and 10.2% who were 65 years of age or older. The median age is 29 years, which is significantly lower than the national average. There are 91.8 males per 100 females. For every 100 females age 18 and over, there are 87.6 males.
Question: How many in percent weren't under the age of 18?
Answer:",74.6%,74.6,1.0,162,4,166,1
"Passage: The population consisted of 5,841 people (25.3%) under age 18, 1,875 people (8.1%) age 18 to 24, 5,025 people (21.8%) age 25 to 44, 7,414 people (32.2%) age 45 to 64, and 2,903 people (12.6%) age 65 or older.  The median age was 41.6 years. For every 100 females, there were 93.6 males.  For every 100 females age 18 and over, there were 89.8 males age 18 and over.
Question: How many more people were age 25 to 44 than age 18 to 24?
Answer:","3,150 people.",3150,0.6666666666666666,186,5,191,1
"Passage: In the county, the population is spread out with 24.60% under the age of 18, 6.40% from 18 to 24, 22.80% from 25 to 44, 25.40% from 45 to 64, and 20.80% who are 65 years of age or older.  The median age is 42 years.  For every 100 females there are 95.90 males.  For every 100 females age 18 and over, there are 90.50 males.
Question: How many in percent weren't 18 to 24?
Answer:",93.60%,93.6,0.0,158,4,162,1
"Passage: There were 1,882 households of which 21.4% had children under the age of 18 living with them, 36.4% were Marriage living together, 9.7% had a female householder with no husband present, 3.6% had a male householder with no wife present, and 50.4% were non-families. 37.7% of all households were made up of individuals and 13% had someone living alone who was 65 years of age or older. The average household size was 2.20 and the average family size was 2.90.
Question: How many more, in percentage, were households made up of were Marriage living together than had a male householder with no wife present?
Answer:",26.8%,32.8,0.0,186,4,190,1
"Passage: The number of entrants has increased greatly in recent years. In the FA Cup 2004-05 season, 660 clubs entered the competition, beating the long-standing record of 656 from the 1921-22 season. In 2005-06 FA Cup this increased to 674 entrants, in 2006-07 FA Cup to 687, in 2007-08 FA Cup to 731 clubs, and for the 2008-09 FA Cup and 2009-10 FA Cup competitions it reached 762. The number has varied slightly but remained roughly stable since then, with 759 clubs participating in 2010-11 FA Cup, a record 763 in 2011-12 FA Cup, 758 for 2012-13 FA Cup, 737 for 2013-14 FA Cup and 736 for 2014-15 FA Cup. By comparison, the other major English domestic cup, the EFL Cup, involves only the 92 members of the Premier League and Football League.
Question: Which seasons saw less than 700 clubs enter the competition?
Answer:",The 2004-05 FA Cup and the 2005-06 FA Cup seasons saw less than 700 clubs enter the competition.,FA Cup 2004-05 and 1921-22 season and 2005-06 FA Cup and 2006-07 FA Cup|2004-05 and 1921-22 and 2005-06 and 2006-07|2004-05 season and 1921-22 season and 2005-06 FA Cup and 2006-07 FA Cup,0.5,253,28,281,1
"Passage: The states with the largest estimated Chinese American populations, according to both the 2010 United States Census, were California (1,253,100; 3.4%), New York (state) (577,000; 3.0%), Texas (157,000; 0.6%), New Jersey (134,500; 1.5%), Massachusetts (123,000; 1.9%), Illinois (104,200; 0.8%), Washington (state) (94,200; 1.4%), Pennsylvania (85,000; 0.7%), Maryland (69,400; 1.2%), Virginia (59,800; 0.7%), and Ohio (51,033; 0.5%). The state of Hawaii has the highest concentration of Chinese Americans at 4.0%, or 55,000 people.
Question: Which state had a higher estimated Chinese American population, Texas or New Jersey?
Answer:",New Jersey.,"Texas|Texas (157,000; 0.6%) and New Jersey (134,500; 1.5%)",0.4,223,3,226,1
"Passage: Hoping to rebound from their fourth-quarter collapse to the Panthers, the Vikings flew to Soldier Field to face Jay Cutler and the Chicago Bears in a Week 16 rematch to conclude the 40th season of Monday Night Football. Due to the Saints losing to Tampa Bay 20-17 in overtime the previous day, the Vikings needed to win their last two games and have the Saints lose to Carolina the next week in order to clinch homefield advantage. In the first quarter, the Bears drew first blood as kicker Robbie Gould nailed a 22-yard field goal for the only score of the period. In the second quarter, the Bears increased their lead with Gould nailing a 42-yard field goal. They increased their lead with Cutler firing a 7-yard TD pass to tight end Greg Olsen. The Bears then closed out the first half with Gould's 41-yard field goal. In the third quarter, the Vikes started to rally with running back Adrian Peterson's 1-yard touchdown run (with the extra point attempt blocked). The Bears increased their lead over the Vikings with Cutler's 2-yard TD pass to tight end Desmond Clark. The Vikings then closed out the quarter with quarterback Brett Favre firing a 6-yard TD pass to tight end Visanthe Shiancoe. An exciting fourth quarter ensued. The Vikings started out the quarter's scoring with kicker Ryan Longwell's 41-yard field goal, along with Adrian Peterson's second 1-yard TD run. The Bears then responded with Cutler firing a 20-yard TD pass to wide receiver Earl Bennett. The Vikings then completed the remarkable comeback with Favre finding wide receiver Sidney Rice on a 6-yard TD pass on 4th-and-goal with 15 seconds left in regulation. The Bears then took a knee to force overtime. In overtime, the Bears won the toss and marched down the field, stopping at the 35-yard line. However, the potential game-winning 45-yard field goal attempt by Gould went wide right, giving the Vikings a chance to win. After an exchange of punts, the Vikings had the ball at the 26-yard line with 11 minutes left in the period. On the first play of scrimmage, Favre fired a screen pass to Peterson who caught it and went 16 yards, before being confronted by Hunter Hillenmeyer, who caused Peterson to fumble the ball, which was then recovered by Bears' linebacker Nick Roach. The Bears then won on Jay Cutler's game-winning 39-yard TD pass to wide receiver Devin Aromashodu. With the loss, not only did the Vikings fall to 11-4, they also surrendered homefield advantage to the Saints.
Question: Which kicker made more field goals?
Answer:",Robbie Gould made more field goals.,Robbie Gould|Gould,0.5,587,8,595,1
"Passage: In 2016, there were 122,051 people residing in Syracuse, located in the province of Syracuse, Sicily, of whom 48.7% were male and 51.3% were female. Minors (children ages 18 and younger) totalled 18.87 percent of the population compared to pensioners who number 16.87 percent. This compares with the Italian average of 18.06 percent (minors) and 19.94 percent (pensioners). The average age of Syracuse resident is 40 compared to the Italian average of 42. In the five years between 2002 and 2007, the population of Syracuse declined by 0.49 percent, while Italy as a whole grew by 3.56 percent. The reason for decline is a population flight to the suburbs, and northern Italy. The current birth rate of Syracuse is 9.75 births per 1,000 inhabitants compared to the Italian average of 9.45 births.
Question: How many more percent of the population was female?
Answer:",2.6 percent,2.6,0.6666666666666666,244,4,248,1
"Passage: As of the census of 2000, there were 102,121 people, 40,307 households, and 26,118 families residing in the city. The population density was 2,265.5 people per square mile (874.6/km2). There were 43,121 housing units at an average density of 956.6 per square mile (369.3/km2). The racial makeup of the city was 76.21% White (U.S. Census), 2.41% African American (U.S. Census), 1.73% Native American (U.S. Census), 0.67% Asian (U.S. Census), 0.06% Pacific Islander (U.S. Census), 15.20% from Race (United States Census), and 3.71% from two or more races. Latinos (U.S. Census) made up 44.13% of the population. 10.1% were of Germans, 8.1% Italians, 6.0% American, 5.5% English and 5.4% Irish ancestry according to Census 2000.
Question: How many percent of people were not Pacific Islander?
Answer:",99.94%,99.94|0.06,1.0,282,4,286,1
"Passage: German has 13,444 speakers representing about 0.4% of the states population, and Vietnamese is spoken by 11,330 people, or about 0.4% of the population, many of whom live in the Asia District, Oklahoma City of Oklahoma City. Other languages include French with 8,258 speakers (0.3%), Chinese Americans with 6,413 (0.2%), Korean with 3,948 (0.1%), Arabic with 3,265 (0.1%), other Asian languages with 3,134 (0.1%), Tagalog language with 2,888 (0.1%), Japanese with 2,546 (0.1%), and African languages with 2,546 (0.1%). In addition to Cherokee, more than 25 Indigenous languages of the Americas are spoken in Oklahoma, second only to California (though, it should be noted only Cherokee exhibits language vitality at present).
Question: How many people speak either German, Vietnamese, Korean, Arabic, Japanese, or French?
Answer:","45,000 people.",42791,0.0,241,5,246,1
"Passage: Mehmed built a fleet to besiege the city from the sea .Contemporary estimates of the strength of the Ottoman fleet span between about 110 ships , 145 , 160 , 200-250  to 430 . A more realistic modern estimate predicts a fleet strength of 126 ships comprising 6 large galleys, 10 ordinary galleys, 15 smaller galleys, 75 large rowing boats, and 20 horse-transports.:44 Before the siege of Constantinople, it was known that the Ottomans had the ability to cast medium-sized cannons, but the range of some pieces they were able to field far surpassed the defenders' expectations. Instrumental to this Ottoman advancement in arms production was a somewhat mysterious figure by the name of Orban , a Hungarian .:374 One cannon designed by Orban was named ""Basilica"" and was 27 feet  long, and able to hurl a 600 lb  stone ball over a mile .
Question: Did the Ottoman fleet have more large rowing boats or horse-transports?
Answer:",The Ottoman fleet had more large rowing boats.,large rowing boats,0.6,246,9,255,1
"Passage: The census of 2000 showed there were 137,893 people, 58,110 households, and 31,321 families residing in the city of Eugene. The population density was 3,404.8 people per square mile (1,314.5/km²). There were 61,444 housing units at an average density of 1,516.4 per square mile (585.5/km²). The racial makeup of the city was 88.15% White, down from 99.5% in 1950, 3.57% Asian, 1.25% Black or African American, 0.93% Native American, 0.21% Pacific Islander, 2.18% from other races, and 3.72% from two or more races. 4.96% of the population were Hispanic or Latino of any race.
Question: How many more people are there than families?
Answer:","106,572",106572,1.0,222,3,225,1
"Passage: In the county, the population is spread out with 24.60% under the age of 18, 6.40% from 18 to 24, 22.80% from 25 to 44, 25.40% from 45 to 64, and 20.80% who are 65 years of age or older.  The median age is 42 years.  For every 100 females there are 95.90 males.  For every 100 females age 18 and over, there are 90.50 males.
Question: How many more females age 18 and over than males?
Answer:",There are 9.50 more females age 18 and over than males.,9.5,0.0,159,16,175,1
"Passage: Carbon Countys live birth rate was 646 births in 1990. Carbon County live birth rate in 2000 declined to 566 births, while in 2011 it rose to 586 babies. Over the past 50 years (1960 to 2010), rural Pennsylvania saw a steady decline in both the number and proportion of residents under 18 years old. In 1960, 1.06 million rural residents, or 35 percent of the rural population, were children. According to data from the Pennsylvania Department of Health, in 1990, the Commonwealth of Pennsylvanias birth rate was 171,053. In 2000, Pennsylvanias birth rate was 145,874. Finally in 2011, the States birth rate declined further to 142,021. From 2000 to 2009, the number of babies born in rural counties declined 5 percent. Urban counties have also experienced a decline in the number of school aged children. From 2000-2010 urban Pennsylvania counties had a 3 percent decline in the number of residents under 18 years old. In 2010, there were 2.07 million residents, or 22 percent of the urban population, who were under age 18.
Question: How many did Pennsylvania's birth rate decline from 1990 to 2000?
Answer:","25,179",25179,1.0,309,3,312,1
"Passage: Hoping to rebound from their road loss to the Bills, the Chargers flew to Wembley Stadium for the 2008 International Series game with the New Orleans Saints. In the first quarter, San Diego trailed early as kicker Taylor Mehlhaff got a 23-yard field goal.  The 'Bolts would respond with kicker Nate Kaeding getting a 33-yard field goal.  In the second quarter, New Orleans regained the lead as QB Drew Brees (a former Charger) completed a 12-yard TD pass to WR Devery Henderson (with a failed PAT) and RB Deuce McAllister getting a 1-yard TD run.  San Diego answered as QB Philip Rivers completed a 12-yard TD pass to RB LaDainian Tomlinson, but the Saints replied with Brees completing a 30-yard TD pass to WR Lance Moore.  The Chargers closed out the half with Rivers completing a 12-yard TD pass to TE Antonio Gates. In the third quarter, New Orleans increased its lead Brees completing a 1-yard TD pass to TE Mark Campbell, after a very controversial Pass interference call on cornerback Cletis Gordon put the Saints on the 1-yard line.  The 'Bolts would answer with Kaeding getting a 24-yard field goal.  In the fourth quarter, the Saints continued to build its lead as FB Mike Karney got a 1-yard TD run.  San Diego tried to rally as Kaeding nailed a 31-yard field goal, Rivers completed a 14-yard TD pass to WR Vincent Jackson, and Brees giving the 'Bolts a safety via an incomplete pass thrown into the back of his own endzone.  However, New Orleans' defense stiffened for the win. With the loss, the Chargers went into their bye week at 3-5.
Question: How many more yards of touchdown passes did Drew Brees make than Philip Rivers?
Answer:",Drew Brees made 42 more yards of touchdown passes than Philip Rivers.,5|0,0.0,418,16,434,1
"Passage: In the city, the population was distributed as 28.3% under the age of 18, 11.3% from 18 to 24, 32.7% from 25 to 44, 18.2% from 45 to 64, and 9.6% who were 65 years of age or older. The median age was 31 years. For every 100 females, there were 97.3 males. For every 100 females age 18 and over, there were 94.5 males.
Question: How many percent were not under the age of 18?
Answer:",71.7%,71.7,1.0,156,4,160,1
"Passage: In County Wexford, 100-200 Volunteers—led by Robert Brennan, Séamus Doyle and Seán Etchingham—took over the town of Enniscorthy on Thursday 27 April until Sunday. Volunteer officer Paul Galligan had cycled 200 km from rebel headquarters in Dublin with orders to mobilise. They blocked all roads into the town and made a brief attack on the RIC barracks, but chose to blockade it rather than attempt to capture it. They flew the tricolour over the Athenaeum building, which they had made their headquarters, and paraded uniformed in the streets. They also occupied Vinegar Hill, where the United Irishmen had made a last stand in the 1798 rebellion. The public largely supported the rebels and many local men offered to join them. By Saturday, up to 1,000 rebels had been mobilised, and a detachment was sent to occupy the nearby village of Ferns. In Wexford, the British assembled a column of 1,000 soldiers , two field guns and a 4.7 inch naval gun on a makeshift armoured train. On Sunday, the British sent messengers to Enniscorthy, informing the rebels of Pearse's surrender order. However, the Volunteer officers were skeptical. Two of them were escorted by the British to Arbour Hill Prison, where Pearse confirmed the surrender order.
Question: How many more rebels were there than British soldiers?
Answer:","Up to 1,000 rebels were mobilised, while the British assembled a column of 1,000 soldiers. Therefore, there were 0 more rebels than British soldiers.",0,0.08695652173913045,326,36,362,1
"Passage: As of the census of 2000, there were 14,702 people, 5,771 households, and 4,097 families residing in the county.  The population density was 29 people per square mile (11/km²).  There were 7,374 housing units at an average density of 14 per square mile (6/km²).  The racial makeup of the county was 98.02% Race (United States Census), 0.69% Race (United States Census) or Race (United States Census), 0.35% Race (United States Census), 0.11% Race (United States Census), 0.05% Race (United States Census), 0.08% from Race (United States Census), and 0.71% from two or more races.  0.44% of the population were Race (United States Census) or Race (United States Census) of any race.
Question: How many more housing units are there than families?
Answer:","3,277 housing units.",3277|5771,0.5,235,6,241,1
"Passage: The Dutch East India Company  fleet from Batavia sailed at the end of 1620. The fleet consisted of 19 ships, 1,655 European troops and 286 Asian auxiliaries, and was led by Governor-General Jan Pieterszoon Coen. On 21 February 1621, The fleet arrived in Fort Nassau, where it was reinforced by the fort's 250-strong garrison and 36 indigenous vessels. After unsuccessfully trying to recruit Englishmen from the nearby Run and Ay islands, Coen began sending scouts to the coastline of Lontor, the main Bandanese island. The reconnaissance took two days, during which some boats came under cannon fire from the native defenders. The scouts found fortified positions along the Southern coast and in the hills and failed to find a possible beachhead. On 7 March, a VOC probing party landed in the island but was repulsed after suffering one dead and four wounded. On 11 March he ordered a decisive assault. He divided his forces into several groups, which attacked different points in the island. The invaders swiftly captured key strongholds, and by the end of the day the island's northern lowlands and southern promontories. The defenders and local population fled to the hills that made up the island's center, with the Dutch forces in pursuit. By the end of 12 March, the Dutch occupied the whole island, suffering six dead and 27 wounded.
Question: How many days after landing in Fort Nassau did the VOC probing party land on the island?
Answer:",16 days.,14|15,0.0,340,3,343,1
"Passage: Consequences of obesity  Obesity causes several chronic diseases including heart disease and diabetes. The three leading causes of death in Texas - heart disease, stroke, and cancer - are all linked to obesity. Additionally, obesity can cause type 2 diabetes, arteriosclerosis, and hypertension. In 2010, Texas saw 1,261,654 cases of heart disease and is predicted to see 5,688,482 cases in 2030. In 2010, Texas saw 1,962,059 cases of diabetes and is predicted to see 2,851,697 cases in 2030. In 2010, Texas saw 4,300,252 cases of hypertension and is predicted to see 5,689,509 cases in 2030. In 2010, Texas saw 328,379 cases of obesity-related cancer and is predicted to see 810,806 cases in 2030.
Question: How many cases of obesity related cancer, heart disease and diabates did TX see in 2010?
Answer:","In 2010, Texas saw 328,379 cases of obesity-related cancer, 1,261,654 cases of heart disease, and 1,962,059 cases of diabetes.",3552092,0.0,239,39,278,1
"Passage: Quarterback Brett Favre had another Pro Bowl season and became the first player ever to win the National Football League Most Valuable Player Award award three times, winning it for the third consecutive year (Favre was named co-MVP in 1997 with Detroit Lions running back Barry Sanders). Favre led the league with 35 passing touchdowns and completed 304 out of 513 attempts for 3,867 yards, with 16 interceptions, while ranking second on the team in rushing with 187 yards and a touchdown. Wide receiver Antonio Freeman led the team in receptions with 81 catches for 1,243 yards and 12 touchdowns. Wide receiver Robert Brooks was also a major deep threat, catching 60 passes for 1,010 yards and 7 touchdowns. Pro Bowl tight end Mark Chmura recorded 38 receptions for 417 yards and 6 touchdowns. Pro Bowl running back Dorsey Levens led the team in rushing with 1,435 yards and 7 touchdowns, while also catching 53 passes for 373 yards and 5 touchdowns. Fullback William Henderson (American football) rushed for 113 yards and caught 41 passes for 367 yards and a touchdown.
Question: Who had more yards per reception on average,  Robert Brooks or Antonio Freeman?
Answer:",Robert Brooks.,Robert Brooks,1.0,287,3,290,1
"Passage: Hoping to rebound from their road loss to the Patriots, the Rams went home for a Week 9 NFC West duel with the Arizona Cardinals. In the first quarter, St. Louis struck first as QB Marc Bulger completed an 80-yard TD pass to WR Derek Stanley. In the second quarter, the Cardinals responded with a vengeance as safety Antrel Rolle returned an interception 40 yards for a touchdown, kicker Neil Rackers got a 36-yard field goal, RB Tim Hightower got a 30-yard TD run, and former Rams QB Kurt Warner completed a 56-yard TD pass to WR Jerheme Urban. In the third quarter, Arizona increased its lead as Warner completed a 7-yard TD pass to WR Anquan Boldin. In the fourth quarter, the Rams tried to come back as Bulger completed a 3-yard TD pass to WR Torry Holt (with a failed 2-point conversion). However, the Cardinals flew away as Rackers nailed a 30-yard field goal. During the game, the Rams inducted former Head Coach Dick Vermeil (who helped the franchise win Super Bowl XXXIV) onto the Rams Ring of Honor.
Question: Who was the Cardinals quarterback?
Answer:",Kurt Warner.,Kurt Warner,1.0,271,4,275,1
"Passage: This game involved a scary moment, after Seattle's  Ricardo Lockette was hit during a kick return. He lied on the ground, motionless, for about 7 minutes before he was taken off the field on a cart. X-rays later revealed that Lockette had a broken neck. The injury ended his career. The Cowboys would only kick field goals in this game, as Dan Bailey was 4 for 4 on field goals. Dallas lead 12-10 with under 2 minutes to go. However, the Seahawks would march down the field and would take a 13-12 lead after Steven Hauschka drilled a 24-yard field goal. Dallas tried to come back, but Seattle forced a turnover on downs to end the game.
Question: Was Lockette hurt on the field?
Answer:",Yes.,Lockette had a broken neck.|Lockette had a broken neck,0.0,189,2,191,1
"Passage: The ages of New Havens residents are 25.4% under the age of 18, 16.4% from 18 to 24, 31.2% from 25 to 44, 16.7% from 45 to 64, and 10.2% who were 65 years of age or older. The median age is 29 years, which is significantly lower than the national average. There are 91.8 males per 100 females. For every 100 females age 18 and over, there are 87.6 males.
Question: How many percent are not over 65?
Answer:",89.8%,89.8,1.0,159,4,163,1
"Passage: The fact that the Irish Civil War was fought between Irish Nationalist factions meant that the sporadic conflict in Northern Ireland ended. Collins and Sir James Craig signed an agreement to end it on 30 March 1922, but, despite this, Collins covertly supplied arms to the Northern IRA until a week before his death in August 1922. Because of the Irish Civil War, Northern Ireland was able to consolidate its existence and the partition of Ireland was confirmed for the foreseeable future. The continuing war also confirmed the northern Unionists' existing prejudices against the ethos of all shades of nationalism. This might have led to open hostilities between North and South had the Irish Civil War not broken out. Indeed, the Ulster Special Constabulary  that had been established in 1920  was expanded in 1922 rather than being demobilised. In the event, it was only well after their defeat in the Civil War that anti-treaty Irish Republicans seriously considered whether to take armed action against British rule in Northern Ireland . The northern units of the IRA largely supported the Free State side in the Civil War because of Collins's policies, and over 500 of them joined the new Free State's National Army. The cost of the war and the budget deficit it caused was a difficulty for the new Free State and affected the Boundary Commission negotiations of 1925, which were to determine the border with Northern Ireland. The Free State agreed to waive its claim to predominantly Nationalist areas in Northern Ireland and in return its agreed share of the Imperial debt under the 1921 Treaty was not paid.
Question: How many months after Collins signed the agreement did he die?
Answer:",Approximately 4 months.,5,0.0,362,5,367,1
"Passage: Hoping to rebound from their fourth-quarter collapse to the Panthers, the Vikings flew to Soldier Field to face Jay Cutler and the Chicago Bears in a Week 16 rematch to conclude the 40th season of Monday Night Football. Due to the Saints losing to Tampa Bay 20-17 in overtime the previous day, the Vikings needed to win their last two games and have the Saints lose to Carolina the next week in order to clinch homefield advantage. In the first quarter, the Bears drew first blood as kicker Robbie Gould nailed a 22-yard field goal for the only score of the period. In the second quarter, the Bears increased their lead with Gould nailing a 42-yard field goal. They increased their lead with Cutler firing a 7-yard TD pass to tight end Greg Olsen. The Bears then closed out the first half with Gould's 41-yard field goal. In the third quarter, the Vikes started to rally with running back Adrian Peterson's 1-yard touchdown run (with the extra point attempt blocked). The Bears increased their lead over the Vikings with Cutler's 2-yard TD pass to tight end Desmond Clark. The Vikings then closed out the quarter with quarterback Brett Favre firing a 6-yard TD pass to tight end Visanthe Shiancoe. An exciting fourth quarter ensued. The Vikings started out the quarter's scoring with kicker Ryan Longwell's 41-yard field goal, along with Adrian Peterson's second 1-yard TD run. The Bears then responded with Cutler firing a 20-yard TD pass to wide receiver Earl Bennett. The Vikings then completed the remarkable comeback with Favre finding wide receiver Sidney Rice on a 6-yard TD pass on 4th-and-goal with 15 seconds left in regulation. The Bears then took a knee to force overtime. In overtime, the Bears won the toss and marched down the field, stopping at the 35-yard line. However, the potential game-winning 45-yard field goal attempt by Gould went wide right, giving the Vikings a chance to win. After an exchange of punts, the Vikings had the ball at the 26-yard line with 11 minutes left in the period. On the first play of scrimmage, Favre fired a screen pass to Peterson who caught it and went 16 yards, before being confronted by Hunter Hillenmeyer, who caused Peterson to fumble the ball, which was then recovered by Bears' linebacker Nick Roach. The Bears then won on Jay Cutler's game-winning 39-yard TD pass to wide receiver Devin Aromashodu. With the loss, not only did the Vikings fall to 11-4, they also surrendered homefield advantage to the Saints.
Question: Who threw the longest touchdown pass of the game?
Answer:",Jay Cutler threw the longest touchdown pass of the game.,Jay Cutler|Gould,0.4,590,12,602,1
"Passage: Coming off their road win over the Cardinals, the Giants flew to FedEx Field for a Week 13 NFC East rematch with the Washington Redskins.  In the first quarter, New York scored first as QB Eli Manning completed a 40-yard TD pass to WR Amani Toomer, along with kicker John Carney getting a 31-yard field goal.  In the second quarter, the Giants increased their lead as Carney got a 38-yard field goal.  The Redskins would close out the half with WR Devin Thomas getting a 29-yard TD run. In the third quarter, New York began to pull away as RB Brandon Jacobs got a 1-yard TD run.  In the fourth quarter, the Giants sealed the deal with Carney connecting on a 39-yard field goal. With the season-sweep, the Giants improved to 11-1, exceeding the 1986 and 1990 teams (both started 10-2 and eventually won the Super Bowl) for the best 12-game record in franchise history.
Question: How many field goals did John Carney make?
Answer:",Three field goals.,3,0.0,250,4,254,1
"Passage: After back-to-back losses to begin the season, the Colts faced their AFC South rival, the Jacksonville Jaguars. The Colts opened the game on offense and put together a twelve play, 50-yard drive that ended in an Adam Vinatieri field goal, giving the Colts an early 3-0 lead. Following a three and out forced by the Colts defense, Andrew Luck again drove the offense down the field, this time scoring on a touchdown throw Ahmad Bradshaw, extending the Colts' lead to 10-0 at the end of the first quarter. The Colts again extended their lead early in the second quarter on a pass from Luck to Dwayne Allen. The Jaguars were again stopped by the Colts defense on their next offensive possession, with the Colts defense preventing the Jaguars for converting a first down on their first three possessions. The Colts' offense, though they would deep into Jaguars' territory, were forced to settle for Vinatieri field goals on their next two offensive possessions, giving them a 23-0 lead. After a fumble recovery by Darius Butler late in the first half, they were set up with good field position in Jaguars territory. A Luck touchdown pass to Coby Fleener extended the Colts' lead to 30-0 at halftime. After struggling to move the ball in the first half, the Jaguars replaced quarterback Chad Henne with rookie Blake Bortles. The Jaguars were able to convert a first down on their first drive of the half, though they were forced to punt following a penalty that sent them back to midfield. On the Jaguars' next possession, they again drove into Colts' territory, enough to get their first points of the game on a 41-yard field goal from Josh Scobee. At the end of the third quarter, the Colts continued to hold a commanding 30-3 lead. The Colts scored their first points of the second half on a pass from Luck to Hakeem Nicks early in the fourth quarter. Bortles threw his first career touchdown pass on the Jaguars' next possession, throwing it to Allen Hurns. With the large lead late in the game, the Colts replaced Luck with backup quarterback Matt Hasselbeck. Late in the fourth quarter the Colts defense extended the lead, with an interception returned for a touchdown by Greg Toler. A Bortles pass to Cecil Shorts III was the last scoring play of the game, giving the Colts the 44-17 win. At the end of the game, Andrew Luck completed 31 of 39 pass attempts for 370 yards and four touchdown passes, which earned him the honor of AFC Offensive Player of the Week. The game marked the first win of the season for the Colts and improved their overall record to 1-2.
Question: How many points did the Colts win by?
Answer:",The Colts won by 27 points.,27,0.33333333333333337,596,8,604,1
"Passage: In the county, the population is spread out with 24.60% under the age of 18, 6.40% from 18 to 24, 22.80% from 25 to 44, 25.40% from 45 to 64, and 20.80% who are 65 years of age or older.  The median age is 42 years.  For every 100 females there are 95.90 males.  For every 100 females age 18 and over, there are 90.50 males.
Question: What age group has the highest percentage of the population; 25 to 44 or  or 45 to 64?
Answer:",25 to 44,45 to 64,0.3333333333333333,172,4,176,1
"Passage: the total number of full-time equivalent jobs was 15,215. The number of jobs in the primary sector was 1,157, of which 1,052 were in agriculture and 105 were in forestry or lumber production. The number of jobs in the secondary sector was 6,008 of which 3,648 or (60.7%) were in manufacturing, 46 or (0.8%) were in mining and 2,139 (35.6%) were in construction. The number of jobs in the tertiary sector was 8,050. In the tertiary sector; 1,892 or 23.5% were in the sale or repair of motor vehicles, 520 or 6.5% were in the movement and storage of goods, 1,440 or 17.9% were in a hotel or restaurant, 140 or 1.7% were in the information industry, 347 or 4.3% were the insurance or financial industry, 708 or 8.8% were technical professionals or scientists, 528 or 6.6% were in education and 1,213 or 15.1% were in health care.
Question: How many percent of jobs in the tertiary sector were not in  the insurance or financial industry?
Answer:",95.7%,95.7|7703,1.0,293,4,297,1
"Passage: There were 88,296 households out of which 29.5% had children under the age of 18 living with them, 53.3% were Marriage living together, 9.1% had a female householder with no husband present, and 33.4% were non-families. 26.1% of all households were made up of individuals, 31.5% of households had individuals under 18 years, and 9.5% had someone living alone who was 65 years of age or older.  The average household size was 2.44 and the average family size was 2.96.
Question: Where there more households with households that had individuals under 18 or someone living alone who was 65 years of age or older?
Answer:",There were more households with individuals under 18.,individuals under 18 years|under 18|under the age of 18,0.5,189,10,199,1
"Passage: The Buccaneers traveled to M&T Bank Stadium to face the Baltimore Ravens. In a largely defensive game, the teams traded field goals in the second quarter. The game was tied 3-3 with 4:32 remaining in the first half. Quarterback Joe Flacco struck quickly, however, completing touchdown passes of 65 yards and 10 yards, to Todd Heap and Derrick Mason respectively, just before half time. Trailing 17-3 with about three minutes left in the game, Josh Freeman completed a 5-yard touchdown pass to Kellen Winslow. The Buccaneers were unable to get the ball back on offense, and fell by a score of 17-10.
Question: How many total field goals were scored before the half?
Answer:",Two field goals.,2,0.0,180,4,184,1
"Passage: Then, in 1544, five French galleys under Polin, including the superb Réale, accompanied Barbarossa's fleet, on a diplomatic mission to Suleiman. The French fleet accompanied Barbarossa during his attacks on the west coast of Italy on the way to Constantinople, as he laid waste to the cities of Porto Ercole, Giglio, Talamona, Lipari and took about 6,000 captives, but separated in Sicily from Barbarossa's fleet to continue alone to the Ottoman capital. Jerôme Maurand, a priest of Antibes who accompanied Polin and the Ottoman fleet in 1544, wrote a detailed account in Itinéraire d'Antibes à Constantinople. They arrived in Constantinople on 10 August 1544 to meet with Suleiman and give him an account of the campaign. Polin was back to Toulon on 2 October 1544.
Question: How many galleys were under Polin?
Answer:",Five galleys were under Polin.,5,0.0,226,9,235,1
"Passage: There were 74,285 households, out of which 21,922 (29.5%) had children under the age of 18 living in them, 36,729 (49.4%) were marriage living together, 7,685 (10.3%) had a female householder with no husband present, 3,804 (5.1%) had a male householder with no wife present. There were 4,386 (5.9%) POSSLQ, and 504 (0.7%) same-sex partnerships. 18,489 households (24.9%) were made up of individuals and 6,527 (8.8%) had someone living alone who was 65 years of age or older. The average household size was 2.55. There were 48,218 family (U.S. Census) (64.9% of all households); the average family size was 3.07.
Question: How many percent are not POSSLQ?
Answer:",94.1%,94.1,1.0,231,4,235,1
"Passage: As of the 2010 United States Census, there were 244,826 people, 90,218 households, and 66,335 families residing in the county. The population density was . There were 95,554 housing units at an average density of . The racial makeup of the county was 81.2% white, 12.7% black or African American, 2.4% Asian, 0.3% American Indian, 0.1% Pacific islander, 0.9% from other races, and 2.5% from two or more races. Those of Hispanic or Latino origin made up 3.5% of the population. In terms of ancestry, 28.1% were German, 19.8% were Irish, 12.2% were English, 9.9% were Italian, 6.8% were Polish, and 6.2% were American.
Question: How many percent of people were not Pacific Islander?
Answer:",99.9%,99.9,1.0,235,4,239,1
"Passage: The war is known by several names. ""Polish-Soviet War"" is the most common but other names include ""Russo-Polish War  of 1919-1921""  and ""Polish-Bolshevik War"". This second term ) is most common in Polish sources. In some Polish sources it is also referred as the ""War of 1920"" . There is disagreement over the dates of the war. The Encyclopædia Britannica begins its article with the date range 1919-1920 but then states, ""Although there had been hostilities between the two countries during 1919, the conflict began when the Polish head of state Józef Pilsudski formed an alliance with the Ukrainian nationalist leader Symon Petlyura  and their combined forces began to overrun Ukraine, occupying Kiev on 7 May."" The Polish Internetowa encyklopedia PWN, as well as Western historians such as Norman Davies, consider 1919 the starting year of the war. The ending date is given as either 1920 or 1921; this confusion stems from the fact that while the ceasefire was put in force in the autumn of 1920, the official treaty ending the war was signed months later, in March 1921. While the events of 1919 can be described as a border conflict, and only in early 1920 did both sides engage in all-out war, the conflicts that took place in 1920 were an inevitable escalation of fighting that began in earnest a year earlier. In the end, the events of 1920 were a logical, though unforeseen, consequence of the 1919 prelude.
Question: How many years did the Polish-Soviet War last?
Answer:",The Polish-Soviet War lasted approximately 2 years.,2,0.2857142857142857,384,12,396,1
"Passage: In 1995, the Steelers overcame a 3-4 start (including a 20-16 upset loss to the expansion 1995 Jacksonville Jaguars season) to win eight of their final nine games and finished with an  record, the second-best in the AFC. Their offense was led by quarterback Neil ODonnell, who completed 246 out of 416 passes for 2,970 yards and 17 touchdowns, with only seven interceptions. Pro Bowl wide receiver Yancey Thigpen was the teams leading receiver with 85 receptions for 1,307 yards and five touchdowns. Other contributors in the passing game included wide receivers Andre Hastings (48 catches for 502 yards and one touchdown) and Ernie Mills (39 receptions for 679 yards and 8 touchdowns), who both also excelled as returners on special teams. Mills gained 1,306 yards returning kickoffs, while Hastings returned 48 punts for 474 yards and a touchdown. The Steelers rushing attack was led by Erric Pegram, who recorded 813 yards and five touchdowns, and Bam Morris, who had 559 yards and nine touchdowns. On special teams, newly acquired kicker Norm Johnson led the NFL in both field goals made (34) and field goals attempted (41), while also successfully making all 39 of his extra point attempts.  Leading the offensive line was future Hall of Fame center Dermontti Dawson, who made the Pro Bowl for the third consecutive year.
Question: How many years in a row did Dermontti Dawson make the Pro Bowl?
Answer:",Three years in a row.,3,0.0,341,6,347,1
"Passage: Returning to Soldier Field for week four, the Bears hosted the Oakland Raiders, who held a 7-6 all-time lead entering the game. This was the first game between the two at Soldier Field since 2003, where the Bears won 24-21, and the first since 2011, when the Raiders won 25-20 in Oakland. The Bears offense faced a defense led by defensive end Khalil Mack, while the secondary is guided by 39-year old Charles Woodson, who possessed 61 career interceptions, and had sealed the Raiders' win the previous week against the Browns. However, the Raiders had struggled against tight ends, allowing five catches of at least 25 yards, with a total of 20 catches for 298 yards and five touchdowns across the first three games. On defense, Chicago was against quarterback Derek Carr, who led the Raiders offense to 74 combined points in the last two games, along with rookie receiver Amari Cooper, who had 20 receptions entering the game, while also recording a 68-yard touchdown in week two. Jeff Joniak wrote that the Bears had to prevent the Raiders from gaining yardage after touching the ball; the Raiders were seventh in yards after the catch, while Latavius Murray - who had recorded 139 rushing yards in week three, was ranked fourth in the league in rushing yards and was leading the AFC in yards per carry with 4.8 - ranked fifth in yards after contact. Cooper had 177 yards after the catch, the second-most in the league among wide receivers, while 53.7 percent of Carr's passing yards occurred due to these plays. In comparison, the Bears allowed the fewest yards after contact. David Fales, punter Patrick O'Donnell, Alshon Jeffery, Ka'Deem Carey, Hroniss Grasu, tackle Jermon Bushrod and nose tackle Jeremiah Ratliff were inactive. The Raiders won the coin toss and deferred in the second half. The Bears managed to record an 80-yard drive to score on the opening possession via Jay Cutler's seven-yard touchdown pass to Eddie Royal. During the drive, lineman Charles Leno landed on center Will Montgomery's leg, injuring the latter and prompting Matt Slauson to replace him. Robbie Gould's extra point was blocked, and his struggles continued with the following kickoff when his squib kick bounced out of bounds. After the game's four next drives culminated with punts, the Raiders scored on Carr's 26-yard touchdown pass to Cooper; despite initially being ruled out of bounds, the Raiders challenged the call and the ruling was overturned. On the Bears' next series, Slauson botched the snap to Cutler, and the Raiders' Dan Williams recovered. Oakland capitalized on the takeaway with Roy Helu scoring on a four-yard touchdown reception, though the Bears responded with Cutler taking advantage of an open Martellus Bennett to score on a five-yard touchdown. On Oakland's next drive, Carr's swing pass to Murray was deflected and landed towards Pernell McPhee, intercepting the pass; Gould eventually kicked a 19-yard field goal. In the second half, the Raiders punted on the first drive, though they reclaimed the ball after Stacy McGee recovered Matt Forte's fumble. Oakland eventually took the lead with Sebastian Janikowski's 29-yard field goal. Gould eventually gave the Bears the lead back with Gould's 54-yard kick, and reclaimed possession of the ball with Murray dropping a pitch and Sam Acho recovered. However, the Bears gave the ball back when Cutler's pass for Bennett fell short and was intercepted by Woodson, leading to Janikowski's 41-yard field goal. With 2:05 left in the game, Cutler began leading a two-minute drill: after a six-yard run by Forte, followed by a sack by Mack and incomplete pass to Josh Bellamy to bring up fourth down, Cutler successfully converted with a seven-yard pass to Bennett, who beat Keenan Lambert. Cutler's next pass to Marquess Wilson fell incomplete, and Forte's seven-yard run led to another third-down situation, which led to Cutler's first-down conversion of seven yards to Wilson with 56 seconds left. On the next set of downs, Cutler's pass for receiver Cameron Meredith was overthrown, though a 12-yard pass to Royal allowed the offense to enter Oakland territory, where the Bears elected to use a timeout with 40 seconds remaining. The offense entered field goal range with Cutler's nine-yard pass to Wilson, followed by a two-yard run by Forte. With seven seconds left, the Bears used another timeout, and allowed Gould to attempt the 49-yard field goal; Gould successfully converted the field goal with two seconds remaining on the clock to give the Bears the 22-20 lead. In an last-second attempt to score, the Raiders attempted lateral passes on the kickoff return, but were penalized for an illegal lateral in the early stages of the play, and the Bears eventually recovered to clinch the win. Gould was later named the NFC Special Teams Player of the Week, his third ST POTW honor and tying him with kickers Jeff Jaeger and Paul Edinger for the most in team history. The field goal was Gould's eleventh career game-winner. Forte ran for 91 yards in the game to increase his career rushing yards total to 8,071, becoming the 14th player in NFL history to record 8,000 and 3,500 career rushing and receiving yards, respectively, while becoming the second-fastest player to achieve the milestone with 111 games. The win would be the only home win for the Bears all season, finishing the year with a horrific 1-7 home record. The Bears would finish 3-13 at home in both 2014 and 2015 combined.
Question: How many field goals did Janikowski kick?
Answer:",Two field goals.,2,0.0,1237,4,1241,1
"Passage: Wearing bright orange uniforms and showing their speed on defense and special teams, the Chicago Bears overwhelmed the 49ers who were coming off their Bye Week. They jumped to a 24-0 first-quarter lead and 41-0 halftime cushion before coasting to a 41-10 victory. Brian Urlacher's one-handed interception was headed to the highlight reel as soon as he tumbled to the ground after somehow batting the ball to himself. Urlacher's stellar play symbolized what kind of afternoon it was for the refreshed and still unbeaten Chicago Bears - and how frustrating the day was for the San Francisco 49ers. San Francisco entered giving up 32 points a game, but the defense wasn't to fault early on because turnovers allowed the Bears to work from short fields. Drives started at the 15, 41 and 13, and they turned all three into touchdowns to take the big opening-quarter lead. The 49ers coughed up the ball a fourth time late in the half when WR Antonio Bryant caught a pass and fumbled, with CB Ricky Manning Jr. recovering. San Francisco averted a shutout in the fourth quarter on a 23-yard field goal by K Joe Nedney and a 16-yard TD pass from Smith to WR Antonio Bryant. QB Alex Smith finished 16 of 26 for 146 yards. RB Frank Gore rushed for 111 yards on 12 carries, thanks to a 53-yard run. The 49ers now stand at 2-5.
Question: How many points did the Bears win by?
Answer:",The Bears won by 31 points.,29|31,0.33333333333333337,342,8,350,1
"Passage: The census of 2000 showed there were 137,893 people, 58,110 households, and 31,321 families residing in the city of Eugene. The population density was 3,404.8 people per square mile (1,314.5/km²). There were 61,444 housing units at an average density of 1,516.4 per square mile (585.5/km²). The racial makeup of the city was 88.15% White, down from 99.5% in 1950, 3.57% Asian, 1.25% Black or African American, 0.93% Native American, 0.21% Pacific Islander, 2.18% from other races, and 3.72% from two or more races. 4.96% of the population were Hispanic or Latino of any race.
Question: How many more people are there than households?
Answer:","79,783 people.",79783,0.6666666666666666,222,5,227,1
"Passage: In 1688 the most powerful navies were the French, English, and Dutch; the Spanish and Portuguese navies had suffered serious declines in the 17th century. The largest French ships of the period were the Soleil Royal and the Royal Louis. Each rated for 120 guns, they never carried their full complement. These ships were too large for practical purposes. The former only sailed on one campaign and was destroyed at La Hogue; the latter languished in port until sold in 1694. By the 1680s, French ship-design was at least equal to its English and Dutch counterparts, and by the Nine Years' War the French fleet had surpassed ships of the Royal Navy, whose designs stagnated in the 1690s. Innovation in the Royal Navy, however, did not cease. At some stage in the 1690s, for example, English ships began to employ the steering wheel, greatly improving their performance, particularly in heavy weather.
Question: Which ship sat unused before being sold in 1694?
Answer:",Royal Louis,Royal Louis,1.0,238,2,240,1
"Passage: The age distribution, , in Lausanne is; 11,818 children or 9.4% of the population are between 0 and 9 years old and 12,128 teenagers or 9.7% are between 10 and 19. Of the adult population, 21,101 people or 16.8% of the population are between 20 and 29 years old. 22,158 people or 17.6% are between 30 and 39, 18,016 people or 14.4% are between 40 and 49, and 13,940 people or 11.1% are between 50 and 59. The senior population distribution is 11,041 people or 8.8% of the population are between 60 and 69 years old, 8,277 people or 6.6% are between 70 and 79, there are 5,896 people or 4.7% who are between 80 and 89, and there are 1,171 people or 0.9% who are 90 and older.
Question: Which groups had between 20000 and 25000 people?
Answer:",None.,between 20 and 29 and between 30 and 39|20 and 29 years old and 30 and 39,0.0,273,2,275,1
"Passage: The Broncos' defense surrendered only three field goals by Texans' placekicker Nick Novak, and spoiled quarterback Brock Osweiler's return to Denver, allowing only 131 passing yards. Osweiler spent the previous four seasons (2012-2015) as Peyton Manning's backup quarterback, and started seven games in 2015 while Manning was injured. The Broncos scored three offensive touchdowns: a 4-yard pass from quarterback Trevor Siemian to Demaryius Thomas, plus two rushing touchdowns, one from C. J. Anderson, and the other from rookie Devontae Booker. Placekicker Brandon McManus also added two field goals. This was the first of two games in which the Broncos wore wear their alternate navy blue uniforms&#8212;the other was Week 15 vs. the New England Patriots. This was Broncos' head coach Gary Kubiak's first victory against the Texans, for whom he coached from 2006-2013, as well as Kubiak's return to the sideline following a health scare that forced him to miss the team's Week 6 loss to the San Diego Chargers. During halftime, three former Broncos were inducted into the Ring of Fame: Placekicker Jason Elam, who played with the Broncos from 1993-2007 and is the franchise's all-time leader in field goals (395) and points scored (1,786); defensive lineman Simon Fletcher, who played with the Broncos from 1985-1995 and is the franchise's all-time leader in sacks (97.5) and consecutive games played (172); safety John Lynch, who played four seasons with the Broncos from 2004-2007.
Question: How many points in touchdowns did Denver score?
Answer:",21 points.,21|18|30,0.6666666666666666,380,3,383,1
"Passage: The Steelers went back home for another showdown with the Patriots. This game is notable for being the very first game that QB Ben Roethlisberger would miss out on against the Patriots. In the first quarter, The Patriots scored first when Tom Brady found James White on a 19-yard touchdown pass for a 7-0 lead for the only score of the period. In the second quarter, they increased their lead when LaGarrette Blount ran for a 3-yard touchdown to make it 14-0. The Steelers got on the board later on in the quarter when Landry Jones found Darrius Heyward-Bey on a 14-yard touchdown pass for a 14-7 game. The Steelers closed out the scoring of the first half when Chris Boswell kicked a 32-yard field goal for a 14-10 game at halftime. In the third quarter, the Steelers went back to work as Boswell kicked another field goal to get his team within 1, 14-13 from 46 yards out. The Pats pulled away later on when Brady found Rob Gronkowski on a 36-yard touchdown pass (with a failed PAT) for a 20-13 game. In the fourth quarter, the Steelers came within 4 again when Boswell made a 44-yard field goal for a 20-16 game. But the Pats sealed the game after Blount ran for a 5-yard touchdown and the eventual final score of 27-16. With the loss, the Steelers went into their bye week at 4-3. Regardless, due to the Ravens' loss to the Jets, they still remain in first place in the AFC North. The team dropped to 0-1 on the season without Roethlisberger as a starter and their seven-game home winning streak was snapped.
Question: Who threw more touchdown passes, Tom Brady or Landry Jones?
Answer:",Tom Brady.,Tom Brady,1.0,412,3,415,1
"Passage: This would be the first meeting between quarterbacks Russell Wilson and Andrew Luck, who were both selected in the 2012 NFL Draft. Though Wilson and the Seahawks maintained a lead throughout the first three quarters, Luck led the Colts back, taking the lead and never letting go in the 4th. It would be the first loss for the Seahawks in the season, dropping their record to 4-1. The Colts punted and the Seahawks drove down the field and scored a field goal to go up 3-0. After another Indy three-and-out, Russell Wilson threw a 10-yard touchdown pass to Golden Tate to take a 10-0 lead. Then another Indy punt was blocked and bounced out of the endzone to extend the lead to 12-0. Seattle punted to Indy when Andrew Luck threw a 73-yard touchdown to T.Y. Hilton to make the score 12-7. Seattle drove into field goal range but a 48-yard field goal was blocked and returned for a touchdown by the Colts. Indy led 14-12 until Wilson found Jermaine Kearse to give Seattle a 19-14 lead. Luck led the Colts downfield and they kicked a field goal to make it 19-17 at the half. Seattle kicked another field goal to make it 22-17. Indianapolis fumbled and led to a 25-17 Seahawks lead. Luck then found Hilton in the endzone but the two-point-conversion failed leaving  the score at 25-23. Seattle then kicked a 4th field goal to extend their lead to 28-23. Indy scored a touchdown to make it 31-28 and then a field goal to make it 34-28 final.
Question: How many points was Seattle ahead by at the halftime?
Answer:",Seattle was ahead by 2 points at halftime.,2,0.2222222222222222,392,10,402,1
"Passage: Following their Monday Night debacle in San Diego and subsequent videotaping scandal, the Broncos returned home for an interconference match against the St. Louis Rams. In the first quarter, the Broncos jumped out to a 10-0 lead, with a 4-yard touchdown run from running back Knowshon Moreno, followed by a 49-yard field goal by placekicker Matt Prater. The Rams responded, with quarterback Sam Bradford throwing a 36-yard touchdown pass to tight end Michael Hoomanawanui. In the second quarter, The Broncos took a 13-7 lead, with a 40-yard field goal by Prater. However, the Rams would reel off 26 unanswered points, starting off with a pair of touchdown passes from Bradford to tight end Billy Bajema&#8212;2 and 26 yards&#8212;the latter with a missed extra point, followed by a pair of field goals from placekicker Josh Brown&#8212;28 and 37 yards&#8212;before halftime. In the third quarter, the Rams continued their offensive onslaught, with a 1-yard touchdown run from running back Kenneth Darby, giving St. Louis a 33-13 lead. In the fourth quarter, the Broncos snapped the Rams' streak of 26 unanswered points, with quarterback Kyle Orton throwing a 41-yard touchdown pass to wide receiver Brandon Lloyd, but the Rams responded with a 26-yard field goal from Brown. Trailing 36-20 with four minutes remaining, the Broncos tried to rally, with Orton throwing two touchdown passes&#8212;a 16-yarder to wide receiver Eddie Royal (with a failed two-point conversion attempt), followed by a 5-yarder to Lloyd, but the Broncos' rally attempt was cut short by the Rams' defense. With the loss, the Broncos matched their loss total from the previous two seasons.
Question: How many yards difference was Josh Brown’s first field goal compared to his second?
Answer:",9 yards.,9,0.6666666666666666,429,3,432,1
"Passage: In 2016, there were 122,051 people residing in Syracuse, located in the province of Syracuse, Sicily, of whom 48.7% were male and 51.3% were female. Minors (children ages 18 and younger) totalled 18.87 percent of the population compared to pensioners who number 16.87 percent. This compares with the Italian average of 18.06 percent (minors) and 19.94 percent (pensioners). The average age of Syracuse resident is 40 compared to the Italian average of 42. In the five years between 2002 and 2007, the population of Syracuse declined by 0.49 percent, while Italy as a whole grew by 3.56 percent. The reason for decline is a population flight to the suburbs, and northern Italy. The current birth rate of Syracuse is 9.75 births per 1,000 inhabitants compared to the Italian average of 9.45 births.
Question: Was the proportion of minors in Syracuse higher or lower compared to the Italian average?
Answer:",Lower.,higher|18.87 percent and Italian average of 18.06 percent,0.0,250,2,252,1
"Passage: By 2011 fewer than 7% of employees in the private sector belonged to unions. The UAW's numbers of automobile union members are representative of the manufacturing sector: 1,619,000 active members in 1970, 1,446,000 in 1980, 952,000 in 1990, 623,000 in 2004, and 377,000 in 2010 . By 2014, coal mining had largely shifted to open-pit mines in Wyoming, and there were only 60,000 active coal miners.  The UMW has 35,000 members, of whom 20,000 were coal miners, chiefly in underground mines in Kentucky and West Virginia. By contrast it had 800,000 members in the late 1930s. However it remains responsible for pensions and medical benefits for 40,000 retired miners, and for 50,000 spouses and dependents.
Question: How many members did the UAW lose between 1980 and 1990?
Answer:","494,000 members.",494000,0.6666666666666666,240,5,245,1
"Passage: Duke Magnus Birgersson proclaiming himself king of Sweden, refused to pay the agreed sum of 6,000 marks of silver and complained about the ravages the Danish Assistance Force allegedly committed. Instead, he started a war by moving into the then Danish provinces of Halland and Skåne by total surprise in the fall of 1276.The Danes mobilized an army under marsh Uffo that stopped the Swedish army who then fled Scania. The next year Danish forces marched on Småland in retaliation for their depredations in Halland and Skåne. The Danish punitive expedition followed the scarce Swedish Defense Forces into Västergötland, where they met a Swedish part of the army of about 200 knights in armour, led by Ulf Karlsson. The Battle of Ettak was a defeat for the Danish army who were surprised in their own camp. Erik Klipping gathered a large army in 1277 and went into Västergötland which again was overcome and looted. The fortresses of Axwall and Skara was captured by the Danish army. Eric V of Denmark decided to end the campaign because it was not meant as anything other than an act of revenge in response to the Swedish king's assault on Halland and Skåne. After returning home, Eric V of Denmark began negotiations with the Swedes leading to a peace agreement in Laholm, Scania in early 1278. Magnus Birgersson had to pay war reparations which were reduced from 6,000 to 4,000 marks of silver.
Question: How many years did the Danish punitive expedition last?
Answer:",The Danish punitive expedition lasted one year.,2,0.0,357,8,365,1
"Passage: The age distribution, , in Aigle is; 933 children or 10.7% of the population are between 0 and 9 years old and 1,137 teenagers or 13.0% are between 10 and 19. Of the adult population, 1,255 people or 14.3% of the population are between 20 and 29 years old. 1,068 people or 12.2% are between 30 and 39, 1,307 people or 14.9% are between 40 and 49, and 1,134 people or 13.0% are between 50 and 59. The senior population distribution is 940 people or 10.7% of the population are between 60 and 69 years old, 547 people or 6.3% are between 70 and 79,there are 352 people or 4.0% who are 80 and 89, and there are 77 people or 0.9% who are 90 and older.
Question: Are there more people younger than 20 or between 20 and 49?
Answer:",There are more people between 20 and 49.,between 20 and 49|20 and 49,0.6666666666666666,267,11,278,1
"Passage: In their Week 2 home-opener, the Vikings faced the Carolina Panthers in a low-scoring fight. The Vikings would draw first blood with a 26-yard field goal by kicker Ryan Longwell. In the second quarter, Carolina got a field goal with opposing kicker John Kasay. The Vikings would respond with another Longwell field goal (a 22-yard FG), but they fell before halftime with opposing RB DeAngelo Williams getting a 3-yard run for the Panthers. The Vikings trailed a bit further in the third quarter, as Karney kicked a 26-yard field goal. The Vikings started their own comeback. In the fourth quarter, Longwell faked a field goal try and threw a 16-yard TD pass to FB Richard Owens to tie the game up going into overtime. In OT, Longwell booted the game-winning 19-yard field goal to give Minnesota the win. It was the first time in Vikings history that a coach started 2-0 in his first year.
Question: How many more field goals did Longwell boot over Kasay?
Answer:",Longwell booted 3 more field goals than Kasay.,2|1,0.0,246,13,259,1
"Passage: In the county, the population was spread out with 26.20% under the age of 18, 9.30% from 18 to 24, 26.50% from 25 to 44, 23.50% from 45 to 64, and 14.60% who were 65 years of age or older.  The median age was 37 years. For every 100 females there were 95.90 males.  For every 100 females age 18 and over, there were 92.50 males.
Question: Which groups in percent are larger than 16%?
Answer:","The groups larger than 16% are: 26.20% under the age of 18, 26.50% from 25 to 44, 23.50% from 45 to 64, and 14.60% who were 65 years of age or older.",under the age of 18 and 25 to 44 and 45 to 64|45 to 64 and 25 to 44 and under the age of 18,0.5238095238095238,157,61,218,1
"Passage: There were 664,594 households out of which 24.35% had children under the age of 18 living with them, 46.28% were Marriage living together, 11.68% had a female householder with no husband present, and 37.40% were non-families. 30.11% of all households were made up of individuals and 14.70% (4.02% male and 10.68% female) had someone living alone who was 65 years of age or older. The average household size was 2.39 and the average family size was 2.97.
Question: Which group for households is larger: Marriage living together or made up of individuals?
Answer:",Marriage living together.,Marriage living together,1.0,177,4,181,1
"Passage: The Russians advance into the Polish-Lithuanian Commonwealth led to the kingdom of Sweden invading Poland in 1655 under King Charles X. Afanasy Ordin-Nashchokin then opened negotiations with the Poles and signed an armistice, Truce of Vilna, on 2 November. After that, Russian forces marched on Swedish Livonia and besieged Riga in the Russo-Swedish War of 1656-1658, a theater of the Second Northern War. Khmelnytsky was not against this temporary truce and supported the Tsar though he warned him of Polish furtiveness. Ivan Vyhovsky, the newly elected hetman in 1657 upon the death of Khmelnytsky, allied himself with the Poles in Sept. 1658, creating the Grand Duchy of Ruthenia.  However, the Cossacks were also beset with the start of a civil war with this Commonwealth treaty and a new Treaty of Pereyaslav with Russia in 1659. The Tsar concluded with Sweden the advantageous Treaty of Valiersar, which allowed him to resume hostilities against the Poles in October 1658, capturing Wincenty Gosiewski at the Battle of Werki.  In the north, Sapieha's attempt to blockade Vilnius was checked by Prince Yury Dolgorukov  on October 11. In the south, the Ukrainian Vyhovsky failed to wrest Kiev from Sheremetev's control where Russians kept their garrison. In July 1659, however, Vyhovsky and his Crimean Tatar allies inflicted a heavy defeat upon Trubetskoy's army, then besieging Konotop.
Question: What happened first: kingdom of Sweden invading Poland or Vyhovsky defeating Trubetskoy's army?
Answer:",The kingdom of Sweden invading Poland.,kingdom of Sweden invading Poland,1.0,399,7,406,1
"Passage: The Browns hosted the rival Pittsburgh Steelers on a night with subzero wind chills for a Week 14 duel. In windy conditions, Phil Dawson hit a pair of 29-yard field goals, and Chris Jennings had a 10-yard touchdown run to put the Browns up 13. Jeff Reed nailed a field goal before the half to draw the Steelers within 10, and hit another in the third to bring them within a touchdown. However, a scoreless fourth by both teams led the Browns to their first win against the Steelers since 2003, and the Browns became only the fourth team in NFL history to be at least 10 games under .500 and defeat the defending Super Bowl champions. With the win, the Browns improved to 2-11, snapped a twelve-game losing streak against the Steelers and won against them for the first time since 2003 when they defeated the team 33-13 in Pittsburgh.  The team also won their first home game since an October 2008 victory, interestingly against then-defending Super Bowl champion New York Giants. KR Josh Cribbs was named AFC Special Teams Player of the Week.
Question: How many points did the Steelers score in the first half?
Answer:",3 points.,3,0.6666666666666666,272,3,275,1
"Passage: In the census of 2010, there were 66,135 people, 26,265 (2000 data) households, and 14,051 (2000 data) families residing in the city. The population density was 6,096.7 people per square mile (2,199.9/km²). There were 30,272 (2000 data) housing units at an average density of 2,790.6 per square mile (1,077.2/km²). The racial makeup of the city was 59.38% (52.31% Non-Hispanic) (7.07 White-Hispanic) White (U.S. Census), 24.19% African American (U.S. Census), 14.47% Hispanic (U.S. Census) or Latin (U.S. Census)) of any race, 8.24% from Race (United States Census), 5.74% from two or more races, 2.62% Asian (U.S. Census), 0.69%  Native American (U.S.Census), and 0.14% Pacific Islander (U.S. Census). There is a growing Guyana population in the area. The top ancestries self-identified by people on the census are Italian (13.6%), Guyanese (12.3%), Irish (12.1%), Puerto Rican (10.1%), German (8.7%), English (6.0%), Polish (5.4%), French (4.4%). These reflect historic and early 20th-century immigration, as well as that since the late 20th century.
Question: How many percent of people were not from 2 or more races?
Answer:",94.26%,94.26,1.0,382,4,386,1
"Passage: As of the census of 2000, there were 49,129 people, 18,878 households, and 13,629 families residing in the county.  The population density was 88 people per square mile (34/km2).  There were 21,779 housing units at an average density of 39 per square mile (15/km2).  The racial makeup of the county was 74.4% Race (United States Census), 20.4% Race (United States Census) or Race (United States Census), 0.60% Race (United States Census), 1.1% Race (United States Census), 0.15% Race (United States Census), 1.3% from Race (United States Census), and 2.2% from two or more races.  3.4% of the population were Race (United States Census) or Race (United States Census) of any race. 2.85% of the population reported speaking Spanish language at home, while 1.51% speak German language.
Question: How many more people are there than families?
Answer:","35,500",35500,1.0,259,3,262,1
"Passage: Kannada language is the official language of Karnataka and spoken as a native language by about 66.54% of the people as of 2011. Other linguistic minorities in the state were Urdu (10.83%), Telugu language (5.84%), Tamil language (3.45%), Marathi language (3.38%), Hindi (3.3%), Tulu language (2.61%), Konkani language (1.29%), Malayalam (1.27%) and Kodava Takk (0.18%). In 2007 the state had a birth rate of 2.2%, a death rate of 0.7%, an infant mortality rate of 5.5% and a maternal mortality rate of 0.2%. The total fertility rate was 2.2.
Question: How many percent of people spoke the smallest three languages considered to be linguistic minorities?
Answer:",5.08%,2.74,0.0,204,4,208,1
"Passage: There were 74,285 households, out of which 21,922 (29.5%) had children under the age of 18 living in them, 36,729 (49.4%) were marriage living together, 7,685 (10.3%) had a female householder with no husband present, 3,804 (5.1%) had a male householder with no wife present. There were 4,386 (5.9%) POSSLQ, and 504 (0.7%) same-sex partnerships. 18,489 households (24.9%) were made up of individuals and 6,527 (8.8%) had someone living alone who was 65 years of age or older. The average household size was 2.55. There were 48,218 family (U.S. Census) (64.9% of all households); the average family size was 3.07.
Question: Where there more households with POSSLQ or those with same-sex partnerships?
Answer:",There were more households with POSSLQ.,POSSLQ|3882,0.2857142857142857,237,9,246,1
"Passage: Coming off their sweeping win over the Bucs, the Saints flew to Heinz Field for a match-up with the defending Super Bowl champion Pittsburgh Steelers.  In the first quarter, the Saints trailed early as quarterback Ben Roethlisberger completed a 37-yard touchdown pass to WR Hines Ward and a 2-yard touchdown pass to TE Heath Miller.  Afterwards, New Orleans got on the board with quarterback Drew Brees completing a 3-yard touchdown pass to WR Terrance Copper.  In the second quarter, the Saints started to take command as kicker John Carney completed a 20-yard field goal, while rookie RB Reggie Bush got a 15-yard touchdown run on a reverse.  Pittsburgh would get kicker Jeff Reed to get a 32-yard field goal, yet New Orleans responded with RB Deuce McAllister getting a 4-yard touchdown run.  In the third quarter, the Steelers started to fight back as Roethlisberger completed a 38-yard touchdown pass to WR Cedrick Wilson for the only score of the period.  In the fourth quarter, RB Willie Parker followed up two 70+ yard runs with a 3-yard and a 4-yard touchdown run to give Pittsburgh the lead.  The Saints tried to fight back with McAllister getting a 4-yard touchdown run, but Pittsburgh held on to win.  With the loss, the Saints fell to 6-3.
Question: How many running touchdowns were scored?
Answer:",Four running touchdowns were scored.,5|4,0.0,324,6,330,1
"Passage: Refusing the title of king, Mirwais was called ""Prince of Qandahár and General of the national troops"" by his Afghan countrymen. He died peacefully in November 1715 from natural causes and was succeeded by his brother Abdul Aziz; the latter was murdered later by Mirwais' son Mahmud. In 1720, Mahmud's Afghan forces crossed the deserts of Sistan and captured Kerman. His plan was to conquer the Persian capital, Isfahan. After defeating the Persian army at the Battle of Gulnabad on March 8, 1722, he proceeded to and besieged Isfahan for 6 months, after which it fell. On October 23, 1722, Sultan Husayn abdicated and acknowledged Mahmud as the new Shah of Persia. The majority of the Persian people, however, rejected the Afghan regime as usurpers from the start. For the next seven years until 1729, the Hotaks were the de facto rulers of most of Persia, and the southern and eastern areas of Afghanistan still remained under their control until 1738. The Hotak dynasty was a troubled and violent one from the very start as internecine conflict made it difficult to establish permanent control. The dynasty lived under great turmoil due to bloody succession feuds that made their hold on power tenuous, and after the massacre of thousands of civilians in Isfahan - including more than three thousand religious scholars, nobles, and members of the Safavid family - the Hotak dynasty was eventually removed from power in Persia. On the other hand, the Afghans had also been suppressed by the Iranian Safavid government represented by its governor Gurgin Khan before their uprising in 1709.
Question: Who did Mahmud murder?
Answer:",Mahmud murdered his uncle Abdul Aziz.,Abdul Aziz,0.5,389,8,397,1
"Passage: Canada defines a small business as one with fewer than 100 paid employees and a medium-sized business as one with at least 100 and fewer than 500 employees.  As of December 2012, there were 1,107,540 employer businesses in Canada, of which 1,087,803 were small. Small businesses make up 98.2 percent of employer businesses, medium-sized businesses make up 1.6 percent of employer businesses and large businesses make up 0.1 percent of employer businesses. In 2012, over 7.7 million employees, or 69.7 percent of the total private labour force, worked for small businesses and 2.2 million employees, or 20.2 percent of the labour force, worked for medium-sized businesses. In total, SMEs employed about 10 million individuals, or 89.9 percent of employees. Canadian high-growth firms are present in every economic sector and are not just concentrated in knowledge-based industries. In terms of employment, the highest concentrations of high-growth firms in Canada during the 2006-2009 period were in construction (4.9 percent of all firms); business, building and other support services (4.6 percent); and professional, scientific and technical services (4.5 percent). In 2011, only 10.4 percent of SMEs exported. Nonetheless, they were responsible for $150 billion, or about 41.0 percent, of Canadas total value of exports.
Question: How many percent of Canadaian employees worked for large businesses?
Answer:",0.1 percent,"10.1|large businesses make up 0.1 percent of employer  businesses. In 2012, over 7.7 million employees, or 69.7 percent of the total private labour force,",0.16,344,4,348,1
"Passage: Hoping to rebound from their embarrassing home loss to the Lions, the Raiders flew to Invesco Field at Mile High for an AFC West duel with the Denver Broncos.  In the first quarter, Oakland trailed early as Broncos QB Jay Cutler completed a 9-yard TD pass to WR Brandon Stokley for the only score of the period.  In the second quarter, the Raiders got on the board with kicker Sebastian Janikowski getting a 38-yard field goal.  However, Denver continued to pound away as RB Cecil Sapp got a 4-yard TD run, while kicker Jason Elam got a 23-yard field goal. In the third quarter, Oakland began to come back as QB Josh McCown (who was a gametime decision heading into the game) completed a 46-yard TD pass to WR Jerry Porter for the only score of the period.  In the fourth quarter, the Raiders took the lead as DT Gerard Warren sacked Cutler in the end zone for a safety, while LB Thomas Howard returned an interception 44 yards for a touchdown (followed by a successful two-point conversion pass from McCown to WR Ronald Curry).  However, the Broncos tied the game up with Elam's 20-yard field goal.  In overtime, Oakland managed to make Denver go three-and-out on their first possession.  A 33-yard run by RB LaMont Jordan helped set up Janikowski for a game-winning 52-yard field goal. Broncos head coach Mike Shanahan called timeout before the kick could begin.  Janikowski's second try hit off the very tip of the left goal post and was no good, giving Denver a chance to win the game.  The Broncos won with Elam getting a 23-yard field goal. With the loss, not only did the Raiders fall to 0-2, but they had lost 11-straight games (currently the NFL's longest losing streak) dating back to Week 9 of the 2006 season.
Question: How many yards shorter was the shortest touchdown run compared to the shortest passing touchdown?
Answer:",The shortest touchdown run was 4 yards shorter than the shortest passing touchdown.,5|4,0.16666666666666669,455,15,470,1
"Passage: Aleksander Korwin Gosiewski   de armis Ślepowron , was a Polish nobleman, military commander and diplomat, Lithuanian Field-Quartermaster since 1630, Palatine-Governor of Smolensk from 1625, Lithuanian Great-Quartermaster since 1615, Speaker of the Parliament in 1613, Great-Secretary of the Grand Duchy of Lithuania from 1610 and District-Governor of Wieliż, Puńsk, Kupise, Biel, and Markowa.
Question: How many years spanned from when her was a Palatine-Governor of Smolensk to when he became a Lithuanian Field-Quartermaster?
Answer:",5 years.,5|10,0.6666666666666666,170,3,173,1
"Passage: Hoping to rebound from their road loss to the Patriots, the Rams went home for a Week 9 NFC West duel with the Arizona Cardinals. In the first quarter, St. Louis struck first as QB Marc Bulger completed an 80-yard TD pass to WR Derek Stanley. In the second quarter, the Cardinals responded with a vengeance as safety Antrel Rolle returned an interception 40 yards for a touchdown, kicker Neil Rackers got a 36-yard field goal, RB Tim Hightower got a 30-yard TD run, and former Rams QB Kurt Warner completed a 56-yard TD pass to WR Jerheme Urban. In the third quarter, Arizona increased its lead as Warner completed a 7-yard TD pass to WR Anquan Boldin. In the fourth quarter, the Rams tried to come back as Bulger completed a 3-yard TD pass to WR Torry Holt (with a failed 2-point conversion). However, the Cardinals flew away as Rackers nailed a 30-yard field goal. During the game, the Rams inducted former Head Coach Dick Vermeil (who helped the franchise win Super Bowl XXXIV) onto the Rams Ring of Honor.
Question: Who caught a 3 yard touchdown pass?
Answer:",WR Torry Holt,WR Torry Holt|Torry Holt,1.0,274,4,278,1
"Passage: Hoping to rebound from their road loss to the Patriots, the Rams went home for a Week 9 NFC West duel with the Arizona Cardinals. In the first quarter, St. Louis struck first as QB Marc Bulger completed an 80-yard TD pass to WR Derek Stanley. In the second quarter, the Cardinals responded with a vengeance as safety Antrel Rolle returned an interception 40 yards for a touchdown, kicker Neil Rackers got a 36-yard field goal, RB Tim Hightower got a 30-yard TD run, and former Rams QB Kurt Warner completed a 56-yard TD pass to WR Jerheme Urban. In the third quarter, Arizona increased its lead as Warner completed a 7-yard TD pass to WR Anquan Boldin. In the fourth quarter, the Rams tried to come back as Bulger completed a 3-yard TD pass to WR Torry Holt (with a failed 2-point conversion). However, the Cardinals flew away as Rackers nailed a 30-yard field goal. During the game, the Rams inducted former Head Coach Dick Vermeil (who helped the franchise win Super Bowl XXXIV) onto the Rams Ring of Honor.
Question: Who caught the first touchdown of the game?
Answer:",WR Derek Stanley,Derek Stanley|WR Derek Stanley,1.0,274,3,277,1
"Passage: The population consisted of 5,841 people (25.3%) under age 18, 1,875 people (8.1%) age 18 to 24, 5,025 people (21.8%) age 25 to 44, 7,414 people (32.2%) age 45 to 64, and 2,903 people (12.6%) age 65 or older.  The median age was 41.6 years. For every 100 females, there were 93.6 males.  For every 100 females age 18 and over, there were 89.8 males age 18 and over.
Question: How many people were older than 25?
Answer:","15,342 people.",15342,0.6666666666666666,176,5,181,1
"Passage: According to the 2016 American Community Survey, 78.1% of working Nashville residents commuted by driving alone, 9.8% carpooled, 2% used public transportation, and 2.2% walked. About 1.1% used all other forms of transportation, including taxicab, motorcycle, and bicycle. About 6.7% of working Nashville residents worked at home. In 2015, 7.9% of city of Nashville households were without a car; this figure decreased to 5.9% in 2016. The national average was 8.7 percent in 2016. Nashville averaged 1.72 cars per household in 2016, compared to a national average of 1.8 per household.
Question: How many fewer cars per household did people in Nashville have compared to the rest of the country in 2016?
Answer:",0.08 cars per household.,0.08|.08,0.4,214,7,221,1
"Passage: In the city, the population was spread out with 12.0% under the age of 18, 55.2% from 18 to 24, 15.3% from 25 to 44, 10.3% from 45 to 64, and 7.1% who were 65 years of age or older.  The median age was 22 years. For every 100 females, there were 160.7 males.  For every 100 females age 18 and over, there were 173.2 males.
Question: How many percent were not under the age of 18?
Answer:",88.0%,88,0.0,159,4,163,1
"Passage: As a result of these deaths, Prime Minister Antonio Maura increased the Spanish garrison at Melilla from 5,000 men to 22,000 in preparation for an offensive. All the Spanish forces involved were conscripts; at this stage, Spain had neither professional troops, nor indigenous troops under arms. The Spanish army was poorly trained and equipped and lacked basic maps. The next day, the Spanish troops were shot at by francs-tireurs and skirmishes occurred near Melilla. General Marina decided to post six companies at Ait Aixa, under command of Colonel Álvarez Cabrera. They left Melilla at nightfall but got lost and, in the morning, found themselves in the Alfer Canyon, where they were decimated by gunfire from the heights. Colonel Cabrera and 26 men were killed, and 230 were wounded. On 26 June, the Spanish suffered a second defeat at the Lobo Canyon, when Marina sent another force under General Pintos to protect Segunda Caseta. In this ambush, the Rifians killed General Pintos and 153 men, and wounded some 600 others.
Question: Where did the Spanish defeat happen second, Melilla or Lobo Canyon?
Answer:",Lobo Canyon.,Lobo Canyon|francs-tireurs,1.0,276,4,280,1
"Passage: The 2010 United States Census reported that Lassen County had a population of 34,895. The racial makeup of Lassen County was 25,532 (73.2%) White (U.S. Census), 2,834 (8.1%) African American (U.S. Census), 1,234 (3.5%) Native American (U.S. Census), 356 (1.0%) Asian (U.S. Census), 165 (0.5%) Pacific Islander (U.S. Census), 3,562 (10.2%) from Race (United States Census), and 1,212 (3.5%) from two or more races.  Hispanic (U.S. Census) or Latino (U.S. Census) of any race were 6,117 persons (17.5%).
Question: How many people were not either solely White or solely African American?
Answer:","27,449 people.",6529|18.7,0.0,213,5,218,1
"Passage: By 2011 fewer than 7% of employees in the private sector belonged to unions. The UAW's numbers of automobile union members are representative of the manufacturing sector: 1,619,000 active members in 1970, 1,446,000 in 1980, 952,000 in 1990, 623,000 in 2004, and 377,000 in 2010 . By 2014, coal mining had largely shifted to open-pit mines in Wyoming, and there were only 60,000 active coal miners.  The UMW has 35,000 members, of whom 20,000 were coal miners, chiefly in underground mines in Kentucky and West Virginia. By contrast it had 800,000 members in the late 1930s. However it remains responsible for pensions and medical benefits for 40,000 retired miners, and for 50,000 spouses and dependents.
Question: How many of UMW's members were not coal miners?
Answer:","15,000",15000,1.0,235,3,238,1
"Passage: Coming off their divisional home win over the Browns, the Ravens flew to Gillette Stadium for a Week 4 battle with the New England Patriots.  After Patriots kicker Stephen Gostkowski got a 32-yard field goal in the first quarter, Baltimore got into the game with quarterback Joe Flacco hooking up with wide receiver Derrick Mason on a 20-yard touchdown pass.  In the second quarter, New England came back with quarterback Tom Brady's 1-yard touchdown run and running back Sammy Morris' 12-yard touchdown run. The Ravens would reply in the third quarter with defensive end Terrell Suggs sacking Brady, causing a fumble which rolled into the Patriots' endzone, where defensive end Dwan Edwards would land on it for a touchdown.  New England would come right back with Brady's 14-yard touchdown pass to wide receiver Randy Moss.  Baltimore would play some catch-up in the fourth quarter as Flacco found running back Willis McGahee on a 13-yard touchdown pass, but the Patriots willingly replied with Gostkowski's 33-yard field goal.  Flacco would lead a last-minute drive, but New England's stiffened and came away with the win.
Question: how many yards did Brady pass to Moss?
Answer:",14 yards,14,0.6666666666666666,281,2,283,1
"Passage: Armenia gave way to communist power in late 1920. The Soviet 11th Red Army's invasion of the First Republic of Armenia started on the 29th of November 1920. The actual transfer of power took place on December 2 in Yerevan, when the Armenian leadership approved an ultimatum presented to it by the Soviet plenipotentiary Boris Legran. Armenia agreed to join the Soviet sphere, while Soviet Russia agreed to protect its remaining territory from the advancing Turkish army. The Soviets also pledged to take steps to rebuild the army, to protect the Armenians and not to persecute non-communists, although the final condition of this pledge was reneged when the Dashnaks were forced out of the country. The Soviet Government proposed the annexation of the Nagorno-Karabagh and Syunik regions of Armenia to Soviet Azerbaijan. This step was strongly rejected by Garegin Nzhdeh, who declared Syunik as a self-governing region on December 25, 1920. In January 1921 Drastamat Kanayan sent a telegram to Njdeh, suggesting allowing the sovietisation of Syunik, through which they could gain the support of the Bolshevik government in solving the problems of the Armenian lands. Njdeh again proved himself as a long-sighted politician, he did not depart from Syunik and continued his struggle against the Red Army and Soviet Azerbaijan.
Question: How many days was it between the Soviet 11th Red Army's invasion of the First Republic of Armenia and the official transfer of power occured in Yerevan?
Answer:",Three days.,3,0.0,352,3,355,1
"Passage: In the city, the population was spread out with 12.0% under the age of 18, 55.2% from 18 to 24, 15.3% from 25 to 44, 10.3% from 45 to 64, and 7.1% who were 65 years of age or older.  The median age was 22 years. For every 100 females, there were 160.7 males.  For every 100 females age 18 and over, there were 173.2 males.
Question: Which age group had the third most people?
Answer:",The age group from 25 to 44 had the third most people.,under the age of 18,0.14285714285714288,156,15,171,1
"Passage: The Redskins traveled to the Georgia Dome to play the Atlanta Falcons.  Washington trailed in the first quarter as Falcons quarterback Matt Ryan found tight end Tony Gonzalez on a 2-yard touchdown pass, followed by cornerback Tye Hill returning an interception 62 yards for a touchdown.  In the second quarter, the Redskins scored on a 48-yard field goal from Shaun Suisham.  However, Atlanta would respond with running back Michael Turner gaining a touchdown and kicker Jason Elam completing a field goal. Washington scored in the third quarter when running back Ladell Betts completed a 1-yard touchdown run.  The Redskins also scored in the fourth quarter as quarterback Jason Campbell completed a 3-yard touchdown pass to tight end Todd Yoder. The Falcons ended the game with a 58-yard touchdown run by Turner.
Question: How many touchdowns did Michael Turner score?
Answer:",Two touchdowns.,2,0.0,203,3,206,1
"Passage: Still looking for their first win of the season, the Bills went home, donned their throwback uniforms, and played a Week 4 AFC East duel with the New York Jets.  Buffalo would trail early in the first quarter as Jets running back LaDainian Tomlinson got a 1-yard touchdown run.  New York would add onto their lead in the second quarter as kicker Nick Folk nailed a 19-yard field goal, followed by quarterback Mark Sanchez completing a 41-yard touchdown pass to wide receiver Braylon Edwards.  Buffalo would close out the half as quarterback Ryan Fitzpatrick connected with tight end David Martin on a 4-yard touchdown pass. In the third quarter, the Jets would greatly extend their lead with tight end Dustin Keller catching a 3-yard touchdown pass from wide receiver/quarterback Brad Smith, followed by his 2-yard touchdown reception from Sanchez.  Afterwards, Tomlinson would help secure the win for New York with his 26-yard touchdown run.  The Bills would close out the game in the fourth quarter as Fitzpatrick completed a 13-yard touchdown pass to wide receiver Steve Johnson. With the loss, Buffalo fell to 0-4. Two days later, Marshawn Lynch was traded to the Seattle Seahawks in exchange for a fourth-round draft pick in the 2011 draft and a conditional pick in the 2012 draft, and tackle Jamon Meredith was waived.
Question: How many yards was the longest touchdown in the first half?
Answer:",41 yards,41,0.6666666666666666,328,2,330,1
"Passage: As of the census of 2000, there were 952 people, 392 households, and 241 families residing in the village. The population density was 952.9 people per square mile (367.6/km²). There were 449 housing units at an average density of 449.4 per square mile (173.4/km²). The racial makeup of the village was 96.11% White (U.S. Census), 0.95% African American (U.S. Census) or Race (United States Census), 0.11% Native American (U.S. Census), 0.11% Asian (U.S. Census), 0.21% from Race (United States Census), and 2.52% from two or more races. 1.05% of the population were Hispanics in the United States or Latino (U.S. Census) of any race.
Question: How many people, in terms of percentage of the population, were not from two or more races at the same time?
Answer:",97.48%,97.48,1.0,241,4,245,1
"Passage: In May 1924, the French Army had established a line of out-posts north of the Oureghla River in disputed tribal territory. On 12 April 1925, an estimated 8,000 Rifians attacked this line and in two weeks over 40 of 66 French posts had been stormed or abandoned. French casualties exceeded 1,000 killed, 3,700 wounded and 1,000 missing - representing losses of over 20 percent of their forces deployed in the Rif. The French accordingly intervened on the side of Spain, employing up to 160,000 well trained and equipped troops from Metropolitan, Algerian, Senegalese and Foreign Legion units, as well as Moroccan regulars  and auxiliaries . With total Spanish forces now numbering about 90,000 the Rifian forces were now seriously outnumbered by their Franco-Spanish opponents. Final French deaths from battle and disease, in what had now become a major war, were to total 8,628.
Question: How many months after the French Army established outposts were they attacked?
Answer:",11 months,11|1,0.6666666666666666,249,2,251,1
"Passage: Hoping to rebound from their home loss to the Vikings, the Cardinals flew to Gillette Stadium for a Week 16 interconference duel with the New England Patriots. Arizona would trail early in the first quarter as Patriots running back LaMont Jordan got a one-yard and a three-yard touchdown run. The Cardinals' east coast struggles continued in the second quarter as quarterback Matt Cassel completed a 15-yard touchdown pass to running back Kevin Faulk and an 11-yard touchdown pass to wide receiver Wes Welker, followed by kicker Stephen Gostkowski's 38-yard field goal. In the third quarter, Arizona's deficit continued to climb as Cassel completed a 76-yard touchdown pass to wide receiver Randy Moss, followed by Gostkowski's 35- and 24-yard field goal. In the fourth quarter, New England concluded its domination with Gostkowski's 30-yard field goal. The Cardinals would then get a meaningless touchdown as quarterback Matt Leinart completed a 78-yard touchdown pass to wide receiver Larry Fitzgerald. Original starting quarterback Kurt Warner (6/18 for 30 yards) was pulled in the third quarter via coach's decision.
Question: How many times did the Patriots score in the first half?
Answer:",Four times.,5,0.0,273,3,276,1
"Passage: According to statistical data from 2016, Cooke County has a population of 39,141 people (41% urban, 59% rural), nearly 14,000 households, and over 10,000 families. The population density was 42 per square mile (16/km²). The 15,061 housing units averaged 17 per square mile (7/km²). The Race (United States Census) of the county was 88.84% White, 3.06% Black or African American, 1.00% Native American, 0.34% Asian, 0.01% Pacific Islander, 5.16% from other races, and 1.61% from two or more races.  About 10% of the population was Hispanic or Latino of any race.
Question: How many more people are there than housing units?
Answer:","24,080 people.",24080|14080,0.6666666666666666,207,5,212,1
"Passage: After Culloden, government forces spent the next few weeks searching for rebels, confiscating cattle and burning Non-Juring Episcopalian and Catholic meeting houses; many of those who participated in the Rebellion came from this element of Scottish society. Prisoners from regiments in the French service were treated as POWs and exchanged, but 3,500 captured Jacobites were indicted for treason. 650 of these died awaiting trial, 120 were executed , 900 were pardoned and the rest transported. The Jacobite lords Kilmarnock, Balmerino and Lovat were beheaded on Tower Hill in April 1747, but these were among the last executions. Public sympathies had shifted and Cumberland's insistence on severity earned him the nickname 'Butcher' from a City of London alderman. The last Jacobite to be executed was Doctor Archibald Cameron, younger brother of Lochiel. Convicted of treason for his part in the 45, he escaped into exile; when he returned to Scotland in March 1753, he was allegedly betrayed by members of his own clan and executed in London on 7 June.
Question: What happened first: earned him the nickname 'Butcher' or last Jacobite to be executed?
Answer:",Earned him the nickname 'Butcher'.,earned him the nickname 'Butcher'|the nickname 'Butcher',1.0,284,9,293,1
"Passage: The Kingdom of Hungary , also known as the Regency, existed from 1920 to 1946 as a de factonote 1 country under Regent Miklós Horthy. Horthy officially represented the Hungarian monarchy of Charles IV, Apostolic King of Hungary. Attempts by Charles IV to return to the throne were prevented by threats of war from neighbouring countries and by the lack of support from Horthy. The country has been regarded by some historians to have been a client state of Germany from 1938 to 1944. The Kingdom of Hungary under Horthy was an Axis Power during most of World War II.  In 1944, after Horthy's government negotiated secretly with the Allies, and considered to leave the war as well, Hungary was occupied by Nazi Germany and Horthy was deposed. The Arrow Cross Party's leader Ferenc Szálasi established a new Nazi-backed government, effectively turning Hungary into a German-occupied puppet state. After World War II, Hungary fell within the Soviet Union's sphere of interest. In 1946, the Second Hungarian Republic was established under Soviet influence. In 1949, the communist Hungarian People's Republic was founded.
Question: What was the Kingdom of Hungary also know by?
Answer:",The Regency.,Regency|the Regency,1.0,277,3,280,1
"Passage: As of the census of 2000, there were 7,791 people, 3,155 households, and 2,240 families residing in the county.  The population density was 16 people per square mile (6/km²).  There were 3,723 housing units at an average density of 8 per square mile (3/km²).  The racial makeup of the county was 97.63% Race (United States Census), 0.18% Race (United States Census) or Race (United States Census), 1.07% Race (United States Census), 0.19% Race (United States Census), 0.03% Race (United States Census), 0.22% from Race (United States Census), and 0.69% from two or more races.  1.26% of the population were Race (United States Census) or Race (United States Census) of any race. 33.7% were of germans, 13.9% swedish people, 10.1% irish people, 8.8% united states, 7.0% english people and 5.4% Danish people ancestry according to Census 2000.
Question: How many more people are there than families?
Answer:","5,551",5551,1.0,293,3,296,1
"Passage: Of Saratoga Countys population in 2010, 6.3% were between ages of 5 and 9 years, 6.7% between 10 and 14 years, 6.5% between 15 and 19 years, 5.5% between 20 and 24 years, 5.5% between 25 and 29 years, 5.8% between 30 and 34 years, 6.6% between 35 and 39 years, 7.9% between 40 and 44 years, 8.5% between 45 and 49 years, 8.0% between 50 and 54 years, 7.0% between 55 and 59 years, 6.4% between 60 and 64 years, and 13.7% of age 65 years and over. 22.7% of the countys population was under age 18. The median age was 40.9 years.
Question: How many age groups made up less than 6% of the population?
Answer:",Three age groups made up less than 6% of the population.,3,0.0,255,14,269,1
"Passage: Coming off their win over the Raiders the 49ers flew to Bank of America Stadium for an NFC duel with the Panthers. In the first quarter the 49ers took the lead as QB Alex Smith got a 1-yard TD pass to TE Vernon Davis. The lead was cut when kicker John Kasay nailed a 47-yard field goal. The 49ers scored with kicker Joe Nedney making a 24-yard field goal. The Panthers tied the game with QB Matt Moore completing an 18-yard TD pass to WR David Gettis. The 49ers fell behind in the third quarter with Kasay booting a 55-yard field goal. They eventually got the lead back in the fourth quarter with Nedney hitting a 38-yard field goal, and with DE Ray McDonald returning an interception 31 yards for a touchdown. However, the Panthers tied the game with Moore finding Gettis again on a 23-yarrd TD pass. Following an interception by 49ers backup quarterback David Carr, Kasay successfully booted a 37-yard field goal to give the 49ers the loss.
Question: Which player scored the first points of the game?
Answer:",QB Alex Smith,Vernon Davis,0.0,263,3,266,1
"Passage: Hoping to rebound from their loss to the Titans, the Bills flew to Jacksonville Municipal Stadium for an intraconference duel with the Jacksonville Jaguars. In the 1st quarter Buffalo trailed early as kicker Josh Scobee made a 29-yard field goal. Then the Bills came on top with kicker Rian Lindell hitting a 26 and a 28-yard field goal. The Bills fell behind in the 2nd quarter when RB Maurice Jones-Drew got a 3-yard touchdown run. Then the Bills would score to end the half with Lindell nailing a 22-yard field goal. In the third quarter Buffalo took the lead with QB Ryan Fitzpatrick making a 98-yard touchdown pass to WR Terrell Owens (with a failed 2-point conversion attempt). In the fourth quarter Buffalo fell behind again with QB David Garrard making a 3-yard touchdown pass to WR Mike Sims-Walker (With a successful QB sneak to make the two-point conversion). With the loss, the Bills fell to 3-7 in Perry Fewell's first game as interim head coach.
Question: How many more total field goal yards did Rian Lindell get than Josh Scobee?
Answer:",Rian Lindell got 76 more total field goal yards than Josh Scobee.,47|2,0.0,269,18,287,1
"Passage: The Redskins played the winless St. Louis Rams in week 6. The Redskins obtained an early lead when RB Clinton Portis scored on a 3-yard TD run.  The Rams responded with a Josh Brown 51-yard field goal. St. Louis scored again later in the second quarter when free safety Oshiomogho Atogwe returned a fumble 75 yards for a touchdown. The Rams increased their lead as Brown kicked field goals of 25 and 44 yards early in the 2nd half.  In the fourth quarter, Washington regained the lead with a Shaun Suisham 38-yard field goal and a Clinton Portis 2-yard rushing TD. St. Louis would come back to win the game on a 49-yard Brown field goal.
Question: How many touchdowns did Clinton Portis have?
Answer:",Two touchdowns.,2,0.0,196,3,199,1
"Passage: From 1989 to 1993, the Pacers would play at or near .500 and qualify for the playoffs, in 1989-90 NBA season, the Pacers parlayed a fast start into the teams third playoff appearance. But the Pacers were swept by the 1989-90 Detroit Pistons season, who would go on to win their second consecutive 1990 NBA Finals. Reggie Miller became the first Pacer to play in the 1990 NBA All-Star Game since 1976 on the strength of his 24.6 points-per-game average. Despite four straight first round exits, this period was highlighted by a first round series with the Boston Celtics in 1990-91 NBA season that went to Game 5. The next season, the Pacers returned to the playoffs in 1992 NBA Playoffs and met the 1991-92 Boston Celtics season for the second year in a row. But this time, the Celtics left no doubt who was the better team, as they swept the Pacers in three straight games. Chuck Person and point guard Micheal Williams were traded to the Minnesota Timberwolves in the off-season, and the Pacers got Pooh Richardson and Sam Mitchell (basketball) in return. For the 1992-93 NBA season, Detlef Schrempf moved from sixth man to the starter at small forward and was elected to his first All-Star game. Miller, meanwhile, became the Pacers all-time NBA era leading scorer during this season (4th overall). The Pacers returned to the 1993 NBA Playoffs with a 41-41 record, but lost to the 1992-93 New York Knicks season in the first round, three games to one.
Question: Which team won the 1989-90 NBA Finals, the Detroit Pistons or the Pacers?
Answer:",The Detroit Pistons.,Detroit Pistons,1.0,406,5,411,1
"Passage: Coming off their home win over the Vikings, the Saints flew to Candlestick Park for a Week 2 Monday Night duel with the San Francisco 49ers.  New Orleans would deliver the opening punch in the first quarter as 49ers center David Baas' high snap deep within San Francisco territory went out of the back of the endzone for a safety.  The Saints would add onto their lead as quarterback Drew Brees hooked up with running back Reggie Bush on a 6-yard touchdown pass.  The 49ers would answer in the second quarter as quarterback Alex Smith found running back Frank Gore on a 12-yard touchdown pass. San Francisco would take the lead with running back Anthony Dixon's 2-yard touchdown run, yet New Orleans would respond with Brees' 3-yard touchdown pass to tight end David Thomas.  The Saints would add onto their lead in the fourth quarter as kicker Garrett Hartley made a 46-yard and a 19-yard field goal.  The 49ers would strike back as Gore got a 7-yard touchdown run, followed by Smith's 2-point conversion pass to tight end Vernon Davis.  In the end, New Orleans got the last laugh as Hartley booted the game-ending 37-yard field goal.
Question: How many yards longer was the longest touchdown pass over the shortest one?
Answer:",6 yards,9,0.0,300,2,302,1
"Passage: After periods with Shamrock Rovers, Shelbourne and University College Dublin A.F.C., Ó Snodaigh was a squad member of the successful Bray Wanderers side that won the 1989-90 FAI Cup in at Lansdowne Road with a 3-0 victory against St Francis, lost in the European Cup Winners Cup tie against Trabzonspor, and finished runners-up in the 1990-91 League of Ireland First Division. That same year he was a central member of Wanderers reserve side that finished runners-up in the League of Ireland B Division. He won the B team player of the year award in 1990 and was a member of the first team that lost the LFA President's Cup final 3-1 against Dundalk. In time he left Bray and became a member of Leinster Senior League side Pegasus where, over a seven-year period, he was a member of their FAI Intermediate Cup winning team in 1992 against Bluebell United, top scorer in 1996/7, selected for the Leinster Senior League selection team in 1992, was captain of the side that got relegated from the senior division in 1997 following a defeat away to Bluebell and played in every position for the side except goalkeeper.
Question: How many years after being selected for the Leinster Senior League, did Snodaigh become captain?
Answer:",Five years.,5|7,0.0,308,3,311,1
"Passage: As of the census of 2000, there were 250,291 people, 99,187 households, and 60,702 families residing in the county. The population density was 298 people per square mile (115/km²). There were 104,217 housing units at an average density of 124 per square mile (48/km²). The racial makeup of the county was 90.07% Race (United States Census), 2.82% Race (United States Census) or Race (United States Census), 0.64% Race (United States Census), 2.86% Asian American, 0.06% Race (United States Census), 1.69% from Race (United States Census), and 1.87% from two or more races. 3.37% of the population were Race (United States Census) or Race (United States Census) of any race. 39.1% were of Germans, 7.9% English people and 7.8% Irish people ancestry according to Census 2000.
Question: How many percent of people were not from 2 or more races?
Answer:",98.13%,98.13,1.0,264,4,268,1
"Passage: The Redskins played the winless St. Louis Rams in week 6. The Redskins obtained an early lead when RB Clinton Portis scored on a 3-yard TD run.  The Rams responded with a Josh Brown 51-yard field goal. St. Louis scored again later in the second quarter when free safety Oshiomogho Atogwe returned a fumble 75 yards for a touchdown. The Rams increased their lead as Brown kicked field goals of 25 and 44 yards early in the 2nd half.  In the fourth quarter, Washington regained the lead with a Shaun Suisham 38-yard field goal and a Clinton Portis 2-yard rushing TD. St. Louis would come back to win the game on a 49-yard Brown field goal.
Question: How many yards difference is there between Josh Brown's longest and shortest field goal?
Answer:",26 yards,26,0.6666666666666666,203,2,205,1
"Passage: A resident of Chennai is called a Chennaite. According to 2011 census, the city had a population of 4,646,732, within the area administered by the Municipal Corporation; that had 11 lakh households, with 51% of them living in rented houses. The citys limits were expanded later in 2011 and its population reached 7,088,000 with Chennai Municipal Corporation being renamed as Greater Chennai Corporation.  Tamil people form the majority of Chennais population. Indian English is spoken largely by white-collar workers, often mixed into Tamil. In 2001, out of the 2,937,000 migrants (33.8% of its population) in the city, 61.5% were from other parts of the state, 33.8% were from rest of India and 3.7% were from outside the country. As per the 2001 census, the number of speakers mother tongue wise are as follows, Tamil language is spoken by 3,424,107 (78.8%), followed by Telugu language by 419,209 (9.7%), Urdu by 180,245 (4.1%), Malayalam by 113,828 (2.6%), Hindi by 104,084 (2.4%), and Kannada by 22,250 (0.5%). Chennai, along with Mumbai, Delhi and Kolkata, is one of the few Indian cities that are home to a diverse population of ethno-religious communities. Minorities include Telugu people, Marwaris, Gujarati people, Parsis, Sindhi people, Odia people, Goans, Kannadigas, Anglo-Indians, Bengali people, Punjabi people, and Malayalees. As per the religious census of 2011, Chennais population was 80.7% Hindu, 9.5% Muslim, 7.7% Christian, 1.1% Jainism, 0.1% Sikh, 0.1% Buddhist, 0.1% following other religions and 0.8% following no religion or did not indicate any religious preference.
Question: As of the 2001 census, what two languages had the most speakers?
Answer:",Tamil and Telugu.,"Tamil and Telugu|Tamil language is spoken by 3,424,107 (78.8%), followed by Telugu language by 419,209 (9.7%)",1.0,480,4,484,1
"Passage: In 1688 the most powerful navies were the French, English, and Dutch; the Spanish and Portuguese navies had suffered serious declines in the 17th century. The largest French ships of the period were the Soleil Royal and the Royal Louis. Each rated for 120 guns, they never carried their full complement. These ships were too large for practical purposes. The former only sailed on one campaign and was destroyed at La Hogue; the latter languished in port until sold in 1694. By the 1680s, French ship-design was at least equal to its English and Dutch counterparts, and by the Nine Years' War the French fleet had surpassed ships of the Royal Navy, whose designs stagnated in the 1690s. Innovation in the Royal Navy, however, did not cease. At some stage in the 1690s, for example, English ships began to employ the steering wheel, greatly improving their performance, particularly in heavy weather.
Question: Which ship was sold in 1694?
Answer:",Royal Louis,Royal Louis|the Royal Louis,1.0,235,2,237,1
"Passage: As of the census of 2000, there were 14,702 people, 5,771 households, and 4,097 families residing in the county.  The population density was 29 people per square mile (11/km²).  There were 7,374 housing units at an average density of 14 per square mile (6/km²).  The racial makeup of the county was 98.02% Race (United States Census), 0.69% Race (United States Census) or Race (United States Census), 0.35% Race (United States Census), 0.11% Race (United States Census), 0.05% Race (United States Census), 0.08% from Race (United States Census), and 0.71% from two or more races.  0.44% of the population were Race (United States Census) or Race (United States Census) of any race.
Question: Which groups are between 4000 and 6000 in size?
Answer:",There are no groups between 4000 and 6000 in size.,households and families and households and families|families residing in the county and households,0.25,239,15,254,1
"Passage: In the city, the population was distributed as 28.3% under the age of 18, 11.3% from 18 to 24, 32.7% from 25 to 44, 18.2% from 45 to 64, and 9.6% who were 65 years of age or older. The median age was 31 years. For every 100 females, there were 97.3 males. For every 100 females age 18 and over, there were 94.5 males.
Question: Which age group is larger: under the age of 18 or 65 years of age or older?
Answer:",Under the age of 18.,under the age of 18|65 years of age or older,1.0,165,7,172,1
"Passage: The Steelers started their 2013 season at home against the Titans.  They scored first when Darius Reynaud down the ball in their own end zone to give the Steelers a safety for a 2-0 lead in the first quarter. In the 2nd quarter, the Titans took the lead as Jackie Battle ran for a 3-yard TD to make the score 7-2 at halftime.  After the break, the Titans went right back to work as Rob Bironas nailed 3 field goals starting off in the 3rd quarter when he nailed one from 26 yards and also 2 in the 4th quarter from 44 and 27 yards out to take leads of 10-2, 13-2, and 16-2 respectively.  The Steelers then tried their luck at a comeback attempt but only came up short as Ben Roethlisberger found Jerricho Cotchery on a 4-yard TD pass for a final score of 16-9 and their 3rd straight 0-1 seasonal start.
Question: Who scored the first touchdown of the game?
Answer:",Jackie Battle,Jackie Battle,1.0,255,3,258,1
"Passage: As of the census of 2000, there were 7,791 people, 3,155 households, and 2,240 families residing in the county.  The population density was 16 people per square mile (6/km²).  There were 3,723 housing units at an average density of 8 per square mile (3/km²).  The racial makeup of the county was 97.63% Race (United States Census), 0.18% Race (United States Census) or Race (United States Census), 1.07% Race (United States Census), 0.19% Race (United States Census), 0.03% Race (United States Census), 0.22% from Race (United States Census), and 0.69% from two or more races.  1.26% of the population were Race (United States Census) or Race (United States Census) of any race. 33.7% were of germans, 13.9% swedish people, 10.1% irish people, 8.8% united states, 7.0% english people and 5.4% Danish people ancestry according to Census 2000.
Question: Which group is larger according to the census: households or families?
Answer:",Households.,households,1.0,297,3,300,1
"Passage: The Chargers lost 35-24 to the Denver Broncos after leading 24-0 at halftime. The loss tied San Diego with Denver for the AFC West lead with a 3-3 record. Rivers had a career-high six turnovers, five in the second half. One of his interceptions and one of his fumbles were returned by the Broncos for touchdowns. He had four interceptions, including three in the fourth quarter. The Chargers built their first-half lead after two special teams fumble recoveries and an 80-yard touchdown return by Quentin Jammer off a Peyton Manning interception. It was the first score of Jammer's career. Rivers also threw two touchdowns to Antonio Gates in the first half. After the game, Fox Sports insider Jay Glazer reported that the Chargers used an ""illegal stickum-type substance"" during the game, and a Chargers equipment member was caught by the line judge hiding and handing out the substance to players, which was confiscated by the league. Chargers head coach Norv Turner denied that the team cheated, and stated that the object was a towel with a substance that dries footballs. The product was later identified as Gorilla Gold Grip Enhancer. On November 7, the league stated that the Chargers did not cheat, but fined the team $20,000.
Question: What was the name of the stickum-type substance that the Chargers used?
Answer:",Gorilla Gold Grip Enhancer.,Gorilla Gold Grip Enhancer,1.0,304,8,312,1
"Passage: Coming off their sweeping win over the Bucs, the Saints flew to Heinz Field for a match-up with the defending Super Bowl champion Pittsburgh Steelers.  In the first quarter, the Saints trailed early as quarterback Ben Roethlisberger completed a 37-yard touchdown pass to WR Hines Ward and a 2-yard touchdown pass to TE Heath Miller.  Afterwards, New Orleans got on the board with quarterback Drew Brees completing a 3-yard touchdown pass to WR Terrance Copper.  In the second quarter, the Saints started to take command as kicker John Carney completed a 20-yard field goal, while rookie RB Reggie Bush got a 15-yard touchdown run on a reverse.  Pittsburgh would get kicker Jeff Reed to get a 32-yard field goal, yet New Orleans responded with RB Deuce McAllister getting a 4-yard touchdown run.  In the third quarter, the Steelers started to fight back as Roethlisberger completed a 38-yard touchdown pass to WR Cedrick Wilson for the only score of the period.  In the fourth quarter, RB Willie Parker followed up two 70+ yard runs with a 3-yard and a 4-yard touchdown run to give Pittsburgh the lead.  The Saints tried to fight back with McAllister getting a 4-yard touchdown run, but Pittsburgh held on to win.  With the loss, the Saints fell to 6-3.
Question: how many yard did ward pass?
Answer:",37 yards,2|37,0.6666666666666666,324,2,326,1
"Passage: Clad in all-blue uniforms for the first time in franchise history, Ron Dayne rushed for a career-high 153 yards and two touchdowns and Kris Brown kicked the winning 48-yard field goal as time expired to shock the Colts 27-24. The Texans used Dayne and rookie Chris Taylor to eat up the clock and exploit the Colts' suspect run defense, ranked last in the NFL, while taking pressure off David Carr and the struggling passing game. The win broke a nine-game losing streak to the Colts (11-4). It would be the Colts' last defeat before winning Super Bowl XLI. Mario Williams forced a Dominic Rhodes fumble on the Colts' second play. Anthony Weaver recovered the ball on the Indianapolis 47 and Houston would convert it into a touchdown, taking an early 14-0 lead. Houston led through most of the game until Peyton Manning and Marvin Harrison connected for their second touchdown, a 7-yard pass that tied it 24-24 with 2:41 remaining. Carr and the Texans then engineered a six-play, 31-yard drive that ended with Brown's winning kick. Carr was 16-of-23 for 163 yards and a touchdown and was not sacked.
Question: How many points did the Colts win by?
Answer:",The Colts did not win; they lost the game 24-27.,3,0.0,285,15,300,1
"Passage: The ages of New Havens residents are 25.4% under the age of 18, 16.4% from 18 to 24, 31.2% from 25 to 44, 16.7% from 45 to 64, and 10.2% who were 65 years of age or older. The median age is 29 years, which is significantly lower than the national average. There are 91.8 males per 100 females. For every 100 females age 18 and over, there are 87.6 males.
Question: Which gender group is smaller: females or males?
Answer:",Males.,males,1.0,160,3,163,1
"Passage: According to official records, the British government lost 43 troops with 126 wounded, while 2337 rebels were killed, another 1652 injured and 45,404 imprisoned. Unofficial estimates put the number at 10,000 killed and 50,000 imprisoned, of who 20,000 were deported  while around 10,000 went missing. The number of civilian casualties is estimated at between 500 and 600. Official estimates of forced religious conversions of Hindus were put at 180, but unofficial estimates suggest a figure of between 1000 and 1500. Arya Samaj sources reported a number of 1766, adding that the total might exceed 2500, the highest estimate made. Out of a total of almost 50,000 Mappilas involved in the rebellion, 678 were charged with the crime of forced religious conversion, not all of who were guilty of involvement. Within five years subsequent to the conflict the agricultural output was averaging slightly more than prior to it. Qureshi has said that, ""In short, contrary to popular belief, Malabar did not suffer a massive devastation, and even if it did the recovery was miraculous.""
Question: How many total casualties did the British suffer, both lost and wounded?
Answer:",The British suffered a total of 169 casualties (43 lost and 126 wounded).,169,0.16666666666666669,286,17,303,1
"Passage: As of the census of 2010, there were 22,915 people, 7,953 households, and 5,748 families residing in the county.  The population density was 37 people per square mile (14/km2).  There were 8,981 housing units at an average density of 14.3 per square mile (5.5/km2).  The racial makeup of the county was 75.8% Race (United States Census), 22.0% Race (United States Census) or Race (United States Census), 0.3% Race (United States Census), 0.1% Race (United States Census), 0.1% Race (United States Census), 0.8% from Race (United States Census), and 0.9% from two or more races.  1.8% of the population were Race (United States Census) or Race (United States Census) of any race.
Question: How many more people are there than housing units?
Answer:","13,934 people.",13934|14962,0.6666666666666666,239,5,244,1
"Passage: The Serbian army emerged victorious, although details of the actual battle are vague. Şahin Bey entered Serbia with 20.000 akinjis at that time he learned that Serbian lords had prepared an army to attack his troops. He advanced to Pločnik near Prokuplje but could not detect the position of that army, and believed that there was none. At that time, many akinjis  lost their temper and began looting civilian properties in the surrounding villages by disobeying orders. Şahin Bey stayed alone with 2,000 soldiers. On the other hand, the battlefield was observed by Serbian expeditionary forces. Suddenly an allied army with 30,000 soldiers appeared, many of whom were cavalry. The Serbian army used heavy knight cavalry charge with horse archers on the flanks. The Serbs first attacked the Ottoman center , although they were unprepared and tasted nasty shock to heavy Serbian knights, the outnumbered Ottoman center resisted for some time but later began to withdraw with Şahin Bey who barely escaped with his life. Then the Serbian army turned to the other 18,000 akinjis that were busy plundering; unprepared, ill-disciplined, surprised akinjis couldn't do anything without their general. Only 5,000 of them returned home alive. More than 60% of the Ottoman army was destroyed. According to tradition Serbian knight and folk hero Miloš Obilić participated in this battle and distinguished himself, and was wounded by an Ottoman arrow. According to some, such as Croatian historian Vjekoslav Klaić, Lazar's army was aided by Bosnian troops. One version of the battle has it that the battle was won thanks to the Bosnian troops and the trickery of a Kastrioti.
Question: How many more Serbian army members where there than how many Sahin Bey entered Serbia with?
Answer:","10,000",10000,1.0,408,3,411,1
"Passage: Old age pensions were raised by 300 francs per month to 1,700 francs for a single person and to 3,700 francs for a couple, while health insurance benefits were made more widely available to unemployed persons and part-time employees. Housing allocations for the low-paid were raised by 25% in 1981, and in the two years following May 1981 family allowances were increased by 44% for families with 3 children and by 81% for families with 2 children. In 1981, the purchasing power of social transfers went up by 4.5% and by 7.6% in 1982. In addition, the minimum wage (which affected 1.7 million employees) was increased by 15% in real terms between May 1981 and December 1982.
Question: How many types of people received better health insurgence?
Answer:",Unemployed persons and part-time employees.,2,0.0,210,9,219,1
"Passage: As of 2000, there were 19,306 households out of which 32.8% had children under the age of 18 living with them, 44.0% were married couples living together, 11.6% had a female householder with no husband present, and 39.9% were non-families. 23.2% of all households were made up of individuals and 3.8% had someone living alone who was 65 years of age or older. The average household size was 2.59 and the average family size was 3.13.
Question: How many percent are not households made up of individuals?
Answer:",76.8%,76.8,1.0,165,4,169,1
"Passage: As of the census of 2000, there were 24,621 people, 9,029 households, and 6,284 families residing in the county.  The population density was 73 people per square mile (28/km²).  There were 12,064 housing units at an average density of 36 per square mile (14/km²).  The racial makeup of the county was 97.90% White (U.S. Census), 0.56% African American (U.S. Census), 0.15% Native American (U.S. Census), 0.28% Asian (U.S. Census), 0.02% Pacific Islander (U.S. Census), 0.36% from Race (United States Census), and 0.74% from two or more races. Hispanic (U.S. Census) or Latino (U.S. Census) of any race were 0.93% of the population. 21.3% were of English people, 16.5% Germans, 11.4% Irish people, 10.7% United States, 5.3% danish people and 5.3% Italian people ancestry according to Census 2000.
Question: How many people, in terms of percentage, made up the two smallest racial groups combined?
Answer:",0.17%,0.17|.3|10.6,1.0,303,4,307,1
"Passage: The Timberwolves debuted on November 3, 1989, losing to the Seattle SuperSonics on the road 106-94. Five days later, they made their home debut at the Hubert H. Humphrey Metrodome, losing to the Chicago Bulls 96-84. Two nights later on November 10, the Wolves got their first win, beating the Philadelphia 76ers at home 125-118. The Timberwolves, led by Tony Campbell with 23.2 ppg, went on to a 22-60 record, finishing in sixth place in the Midwest Division. Playing in the Hubert H. Humphrey Metrodome, the expansion Timberwolves set an NBA record by drawing over 1 million fans to their home games. This included a crowd of 49,551 on April 17, 1990, which saw the Timberwolves lose to the Denver Nuggets 99-88 in the final home game of the season.
Question: When did the Timberwolves make their home debut at the Hubert H. Humphrey Metrodome?
Answer:","November 8, 1989.",8 November 1989|1994 November 1989,1.0,244,8,252,1
"Passage: In 1984, the 49ers had one of the greatest seasons in team history by finishing the regular season 15-1-0, setting the record for most regular season wins that was later equaled by the 1985 Chicago Bears, the 1998 Minnesota Vikings, the 2004 Pittsburgh Steelers, the 2011 Green Bay Packers and finally broken by the 2007 New England Patriots (with 16 regular season victories). Their 18 wins overall is also still a record, tied by the 1985 Bears and the 2007 New England Patriots (they won 18 straight, but lost Super Bowl XLII to the New York Giants). The 49ers only defeat in the 1984 season was a 20-17 loss to the Steelers; a late field goal attempt in that game by San Francisco kicker Ray Wersching went off the uprights and was no good. In the playoffs, they beat the New York Giants 21-10, shut out the Chicago Bears 23-0 in the NFC championship, and in Super Bowl XIX the 49ers shut down a record-setting year by NFL MVP Dan Marino (and his speedy receivers Mark Clayton and Mark Duper), beating the Miami Dolphins 38-16. Their entire defensive backfield (Ronnie Lott, Eric Wright, Dwight Hicks, and Carlton Williamson) was elected to the Pro Bowl—an NFL first.
Question: Which game had a higher combined score from both teams, 49ers vs Steelers or 49ers vs Dolphins?
Answer:",49ers vs Dolphins.,49ers vs Dolphins|the Miami Dolphins|Dolphins,1.0,340,5,345,1
"Passage: at Lincoln Financial Field, Philadelphia|weather= 60&#160;&#176;F (Clear)Following their dominating road win over the 49ers, the Eagles returned home for a Monday Night match-up with the Green Bay Packers.  Early in the game, the Eagles offense struggled with two goal-line fumbles being recovered by the Packers.  In the first quarter, Packers kicker Dave Rayner nailed a 23-yard field goal for the only score of the period.  In the second quarter, Philadelphia would score on QB Donovan McNabb's 6-yard TD run.  However, Green Bay managed to get two more field goals, as Rayner got a 54-yarder and a 46-yarder to end the half.  In the second half, it was all Eagles, as in the third quarter, kicker David Akers got a 40-yard field goal, while McNabb and WR Greg Lewis connected on two touchdown passes of 45 and 30 yards.  In the fourth quarter, the Philly offense wrapped things up as McNabb got a 15-yard TD run, while the defense ended the game on a goal-line stand.  With their victory, the Eagles managed to get their first home win of the season as the team improved to 3-1.
Question: How many yards long was the average length of Donovan McNabb's passing touchdowns?
Answer:",The average length of Donovan McNabb's passing touchdowns was 37.5 yards.,37.5|22.65|27,0.18181818181818182,310,18,328,1
"Passage: With a divisional road loss to the Vikings behind them, the Bears went home for a Week 14 interconference duel with the Jacksonville Jaguars.  Chicago got off to a fast start in the first quarter as QB Kyle Orton completed a 2-yard TD pass to TE Desmond Clark.  The Jaguars would respond with kicker Josh Scobee getting a 46-yard field goal, yet kicker Robbie Gould replied by giving the Bears a 22-yard field goal.  Chicago would greatly increase their lead in the second quarter as Gould got a 36-yard field goal, along with Orton completing a 22-yard TD pass to TE Greg Olsen.  After a scoreless third quarter, Jacksonville tried to come back in the fourth quarter, as QB David Garrard completed a 4-yard TD pass to RB Maurice Jones-Drew.  Afterwards, after Gould nailed a 35-yard field goal, the Bears defense stiffened for the rest of the game. Rookie RB Matt Fort&#233; (21 carries for 69 yards and 5 catches for 37 yards) would surpass Gale Sayers for the most rookie scrimmage yards in franchise history with 1,476 yards.
Question: How many yards were Kyle Orton's touchdowns?
Answer:",Kyle Orton's touchdowns were 2 yards and 22 yards.,2-yard and 22-yard|24,0.16666666666666666,279,14,293,1
"Passage: Willie Parker missed his fourth game due to a knee injury. Santonio Holmes also missed the game after a ""small quantity of marijuana"" was found in his car and the team placed him on the inactive list. Mewelde Moore opened up the game's scoring with a 32-yard touchdown run on the Steelers opening drive. The 5-1 New York Giants responded with a field goal on the ensuing drive. Pittsburgh stopped the Giants on four consecutive plays from inside the Steelers 2-yard line to force a turnover on downs. But were unable to score when two Ben Roethlisberger interceptions and a punt lead to two more field goals in the second quarter for the Giants. At 10:10 of the third quarter Roethlisberger completed a 65-yard touchdown pass to Nate Washington to give the Steelers a 14-9 lead. Later in the quarter, a Steelers 53-yard touchdown pass was negated due to a holding penalty and Pittsburgh was forced to punt. In the final quarter Pittsburgh kept New York out of the end zone on three plays inside the 10-yard line, however, the Giants connected on a field goal to bring the Giants to within two points. On the next drive, James Harrison&#8212;who was called in to replace injured long snapper Greg Warren&#8212;snapped the ball out of the end zone to give the Giants a safety and tie the game. The Giants drove after receiving the safety's kickoff to score a touchdown&#8212;taking a 21-14 lead with 3:07 remaining. Pittsburgh was unable to convert on their final two drives, as Roethlisberger threw his fourth interception of the day.
Question: Which player scored the first touchdown of the second half?
Answer:",Nate Washington,Nate Washington,1.0,381,3,384,1
"Passage: As of the 2000 United States Census of 2000, there were 47,829 people, 15,137 households, and 10,898 families residing in the city. The population density was 7,921.7 people per square mile (3,057.4/km2). There were 16,180 housing units at an average density of 2,679.8 per square mile (1,034.3/km2). The racial makeup of the city was 21.45% White (U.S. Census), 61.78% African American (U.S. Census), 0.41% Native American (U.S. Census), 0.93% Asian (U.S. Census), 0.10% Pacific Islander (U.S. Census), 10.78% from Race (United States Census), and 4.55% from two or more races. Hispanic (U.S. Census) or Latino (U.S. Census) of any race were 25.16% of the population.
Question: How many percent of people were not Native American?
Answer:",99.59%,99.59,1.0,256,4,260,1
"Passage: Per 2013 census, the total population of the department was 867,463 with 431,357 males and 436,106 females. The proportion of women was 50.30 per cent. The total rural population was 75.70 percent, while the urban population was 24.30 per cent. The proportion of women in child bearing age of 15 to 49 years was 22.00 per cent. The total foreign population in the department was 28,636 which formed 3.30 per cent of the total population in the department. The proportion of assets of foreigners aged 10+ years was 27.40 per cent, while for the people aged 15-64 years, it was 26.40 per cent. The proportion of women in foreign population constituted 47.60 per cent. The number of households in the department was 108,351 and the average household size was 8. The intercensal growth rate of population was 4.60 per cent.
Question: Were most women in rural or urban environments?
Answer:",Most women were in rural environments.,rural,0.2857142857142857,246,7,253,1
"Passage: After twelve years of peace following the Indian Wars of 1622-1632, another Anglo-Powhatan War began on March 18, 1644, as a last effort by the remnants of the Powhatan Confederacy, still under Opechancanough, to dislodge the English settlers of the Virginia Colony. Around 500 colonists were killed, but that number represented a relatively low percent of the overall population, as opposed to the earlier massacre . However, Opechancanough, still preferring to use Powhatan tactics, did not make any major follow-up to this attack. This was followed by a last effort by the settlers to decimate the Powhatan. In July, they marched against the Pamunkey, Chickahominy, and Powhatan proper; and south of the James, against the Appomattoc, Weyanoke, Warraskoyak, and Nansemond, as well as two Carolina tribes, the Chowanoke and Secotan. In February 1645, the colony ordered the construction of three frontier forts: Fort Charles at the falls of the James, Fort James on the Chickahominy, and Fort Royal at the falls of the York. In August, Governor William Berkeley stormed Opechancanough's stronghold and captured him. All captured males in the village over age 11 were deported to Tangier Island. Opechancanough, around 92 years old, was taken to Jamestown where he was shot in the back by a guard. Opechancanough's death resulted in the disintegration of the Powhatan Confederacy into its component tribes, whom the colonists continued to attack. In March 1646, the colony decided to build a fourth frontier fort, Fort Henry, at the falls of the Appomattox, where the modern city of Petersburg is located.
Question: What happened first: Anglo-Powhatan War began or Fort Henry?
Answer:",The Anglo-Powhatan War began.,Anglo-Powhatan War began|Anglo-Powhatan War,1.0,431,8,439,1
"Passage: Things got off to a quick start for the Seahawks as rookie Josh Wilson returned the opening kickoff 72 yards to the Bengal 24-yard line. Three plays later, Matt Hasselbeck hit WR Bobby Engram for an 18-yard TD and a 7-0 Seahawks lead. The Bengals were quick to respond, as Bengal QB Carson Palmer hit 6 of his first 7 pass attempts for 90 yards, culminating with an 18-yard touchdown pass to WR T. J. Houshmandzadeh and evening the score at 7-7. After turnovers by each team, Cincinnati K Shayne Graham converted a 43-yard field goal attempt to give the Bengals a 10-7 lead 80 seconds into the second quarter. With 3:06 left in the first half, Seahawk defensive lineman Chartric Darby's   heavy pressure on Palmer led to a Deon Grant interception at the Seattle 31-yard line. A few plays later, Hasselbeck hit Deion Branch with a 42-yard touchdown pass and a 14-10 Seahawk lead at halftime. 3:51 into the third quarter, Cincinnati linebacker Lemar Marshall sacked Hasselbeck in the endzone for a safety, cutting the lead to 14-12. Neither team scored again until there was 9:57 left in the game when Graham booted a 24-yard field goal to give Cincinnati its first lead of the second half at 15-14. On the next possession, Hasselbeck moved the Seahawks to the opposition's 6-yard line. WR Nate Burleson was unable to hold on to a pass in the endzone, and the Seahawks settled for a K Josh Brown field goal, reclaiming the lead at 17-15. Palmer then connected with Chad Johnson on two big pass plays late in the fourth quarter, followed by 2 runs by back-up RB Kenny Watson for a Bengal TD. Cincinnati opted to try a 2-point conversion, but CB Jordan Babineaux stopped Watson after a pitch from Palmer. The Bengals led 21-17 when the Seahawks got the ball with 2:42 left in the game. The Seahawks sputtered near mid-field, and faced 4th and 1. RB Shaun Alexander broke through for 22 yards, and Hasselbeck hit Nate Burleson with a 22-yard TD pass on the next play for a 24-21 lead with 1:00 left. Seahawks linebacker Lance Laury forced a fumble during the ensuing kickoff, with FS Deon Grant recovering for Seattle. Two plays later Alexander ran for a first down (and 100 yards on the game), cementing the Seahawk victory and improving their record to 2-1.
Question: How many total points were scored by the end of the game?
Answer:",45 points.,45,0.6666666666666666,601,3,604,1
"Passage: The number of entrants has increased greatly in recent years. In the FA Cup 2004-05 season, 660 clubs entered the competition, beating the long-standing record of 656 from the 1921-22 season. In 2005-06 FA Cup this increased to 674 entrants, in 2006-07 FA Cup to 687, in 2007-08 FA Cup to 731 clubs, and for the 2008-09 FA Cup and 2009-10 FA Cup competitions it reached 762. The number has varied slightly but remained roughly stable since then, with 759 clubs participating in 2010-11 FA Cup, a record 763 in 2011-12 FA Cup, 758 for 2012-13 FA Cup, 737 for 2013-14 FA Cup and 736 for 2014-15 FA Cup. By comparison, the other major English domestic cup, the EFL Cup, involves only the 92 members of the Premier League and Football League.
Question: How many years did it take to beat the long-standing record of 656 entrants in the FA Cup competition>
Answer:",One year.,83,0.0,263,3,266,1
"Passage: According to statistical data from 2016, Cooke County has a population of 39,141 people (41% urban, 59% rural), nearly 14,000 households, and over 10,000 families. The population density was 42 per square mile (16/km²). The 15,061 housing units averaged 17 per square mile (7/km²). The Race (United States Census) of the county was 88.84% White, 3.06% Black or African American, 1.00% Native American, 0.34% Asian, 0.01% Pacific Islander, 5.16% from other races, and 1.61% from two or more races.  About 10% of the population was Hispanic or Latino of any race.
Question: How many in percent from the census weren't white?
Answer:",11.16%,11.16,1.0,207,4,211,1
"Passage: Coming off their home win over the Chicago Bears, the Redskins traveled to Giants Stadium for a Week 15 Sunday night NFC East rematch with the New York Giants. Quarterback Todd Collins would be making his first start since 1997. In the first quarter, the Redskins drew first blood when the kicker Shaun Suisham nailed a 49-yard field goal for the only score of the quarter. In the second quarter, the Redskins increased its lead with Suisham kicking a 31-yard field goal, and to add to it after with running back Ladell Betts getting a 14-yard touchdown run. The Giants would get on the board with kicker Lawrence Tynes getting a 35-yard field goal. The Redskins would end the half with Suisham nailing a 28-yard field goal. In the third quarter, the Redskins continued its dominance with running back Clinton Portis gets a 5-yard touchdown run. The Giants tried to rally as quarterback Eli Manning completed a 19-yard touchdown pass to tight end Kevin Boss. Afterwards, the Redskins' defense (along with the wind) held the Giants in check.
Question: How many field goals under 30 yards were completed?
Answer:",None.,1,0.0,268,2,270,1
"Passage: at Raymond James Stadium, Tampa, Florida TV Time: CBS 1:00pm eastern The Ravens opened the regular season on the road against the Tampa Bay Buccaneers on September 10. In QB Steve McNair's inaugural start as a Raven, the team gave a dominating performance. RB Jamal Lewis got the team's first points as he ran into the endzone on a four-yard touchdown strike in the first quarter. Then, in the second quarter, CB Chris McAlister intercepted a pass from Tampa Bay QB Chris Simms and ran 60 yards for another touchdown. Rookie Haloti Ngata recorded his first career interception and also returned for 60 yards to set up kicker Matt Stover with a 20-yard field goal to put the Ravens up 17-0 at halftime. Baltimore continued to suppress Tampa Bay in the second half, as Stover kicked a 42-yard field goal in the third quarter to put Baltimore up 20-0. In the fourth quarter, McNair put the game away with a 4-yard pass to TE Daniel Wilcox. While the Ravens offense had a very good start to the 2006 season, the defense also showed much promise, as they forced Simms into throwing three interceptions and limited star RB Carnell ""Cadillac"" Williams to just 22 yards on eight carries. For his efforts in this game Ray Lewis was named NFL Defensive Player of the Week after recording 10 tackles and a sack. With the win, the Ravens were 1-0 and 1-0 against NFC Opponents.
Question: how many yards did simms run?
Answer:",The passage does not provide information on how many yards Chris Simms ran.,60,0.0,354,15,369,1
"Passage: Hoping to rebound from their home loss to the Vikings, the Cardinals flew to Gillette Stadium for a Week 16 interconference duel with the New England Patriots. Arizona would trail early in the first quarter as Patriots running back LaMont Jordan got a one-yard and a three-yard touchdown run. The Cardinals' east coast struggles continued in the second quarter as quarterback Matt Cassel completed a 15-yard touchdown pass to running back Kevin Faulk and an 11-yard touchdown pass to wide receiver Wes Welker, followed by kicker Stephen Gostkowski's 38-yard field goal. In the third quarter, Arizona's deficit continued to climb as Cassel completed a 76-yard touchdown pass to wide receiver Randy Moss, followed by Gostkowski's 35- and 24-yard field goal. In the fourth quarter, New England concluded its domination with Gostkowski's 30-yard field goal. The Cardinals would then get a meaningless touchdown as quarterback Matt Leinart completed a 78-yard touchdown pass to wide receiver Larry Fitzgerald. Original starting quarterback Kurt Warner (6/18 for 30 yards) was pulled in the third quarter via coach's decision.
Question: who was starter QB for cardinal's?
Answer:",Kurt Warner,Kurt Warner|Matt Cassel|Matt Leinart,1.0,269,3,272,1
"Passage: During the Napoleonic Wars, Great Britain, fearing that French control of the Netherlands might deliver Sri Lanka to the French, occupied the coastal areas of the island  with little difficulty in 1796. In 1802, the Treaty of Amiens formally ceded the Dutch part of the island to Britain and it became a crown colony. In 1803, the British invaded the Kingdom of Kandy in the first Kandyan War, but were repulsed. In 1815 Kandy was occupied in the second Kandyan War, finally ending Sri Lankan independence. Following the suppression of the Uva Rebellion the Kandyan peasantry were stripped of their lands by the Wastelands Ordinance, a modern enclosure movement, and reduced to penury. The British found that the uplands of Sri Lanka were very suitable for coffee, tea and rubber cultivation. By the mid-19th century, Ceylon tea had become a staple of the British market bringing great wealth to a small number of white tea planters. The planters imported large numbers of Tamil workers as indentured labourers from south India to work the estates, who soon made up 10% of the island's population. These workers had to work in slave-like conditions living in line rooms, not very different from cattle sheds.
Question: Which of the following did the British NOT find the Sri Lanka uplands suitable for, rubber cultivation, cattle, or coffee?
Answer:",Cattle,cattle,1.0,321,2,323,1
"Passage: Hoping to snap their three-game losing streak, and coming off their bye week, the Broncos traveled to Sun Life Stadium to face the Miami Dolphins, where the Broncos had never won in their franchise history. After a scoreless first quarter, the Dolphins grabbed the lead in the second quarter, with field goals of 38 and 36 yards by kicker Dan Carpenter. After a scoreless third quarter, the Dolphins extended their lead in the fourth quarter, with quarterback Matt Moore throwing a 16-yard touchdown pass to tight end Anthony Fasano (with a failed two-point conversion attempt), followed by a 43-yard field goal by Carpenter, giving Miami a 15-0 lead. However, after each team traded punts, the Broncos staged a rally with just over five minutes remaining, with quarterback Tim Tebow throwing a 5-yard touchdown pass to wide receiver Demaryius Thomas to pull to within 15-7 with 2:44 remaining. After the Broncos recovered an onside kick, they subsequently marched down the field, with Tebow connecting on a 3-yard touchdown pass to tight end Daniel Fells, followed by Tebow scrambling for the two-point conversion to send the game into overtime. On the Dolphins' second possession in overtime, Broncos' linebacker D. J. Williams forced a fumble off Moore, giving the Broncos possession at the Dolphins' 36-yard line. Four plays later, kicker Matt Prater, who had missed two field goals in the first half, nailed the game-winning 52-yard field goal. With the win, the Broncos earned their 400th win in franchise history, their first-ever win at Miami in eight tries, and became the first team in NFL history since the AFL-NFL merger to win a game after trailing by 15 or more points with less than three minutes remaining in the fourth quarter.
Question: How many passing touchdowns were scored in the game?
Answer:",Two passing touchdowns were scored in the game.,3,0.0,411,9,420,1
"Passage: Still looking for their first win of the year, the Dolphins flew to Cleveland Browns Stadium for a Week 6 intraconference duel with the Cleveland Browns.  With QB Trent Green still suffering from a concussion from last week, back-up QB Cleo Lemon was given the start. In the first quarter, Miami trailed early as Browns RB Jason Wright got a 1-yard TD run.  The 'Fins would respond with kicker Jay Feely getting a 43-yard field goal.  However, Cleveland increased its lead with QB Derek Anderson getting a 1-yard TD run.  In the second quarter, Miami's struggles continued with Browns kicker Phil Dawson getting a 40-yard field goal, along with Anderson completing a 24-yard TD pass to WR Braylon Edwards.  The Dolphins answered with Lemon completing a 14-yard TD pass to TE David Martin, yet Cleveland managed to get a 20-yard field goal from Dawson as time ran out. In the third quarter, the 'Fins started to retaliate with Lemon getting a 5-yard and a 1-yard TD run.  Unfortunately, in the fourth quarter, the Browns would pull away with Anderson and Edwards hooking up with each other on a 5-yard and a 16-yard TD pass.  Miami's only response would be Lemon's 4-yard TD pass to Martin. With the loss, not only did the Dolphins fall to 0-6 for the first time since 2004, but they also suffered their 9th-straight loss (the worst losing streak in franchise history). Along with the St. Louis Rams, it marked the first time since 2000 (Bengals and Chargers) that two teams began a season at 0-6.
Question: How many touchdown passes between 5 and 20 yards were made?
Answer:",Three touchdown passes between 5 and 20 yards were made.,3|2,0.0,397,13,410,1
"Passage: The reason for his retirement to Auriol is not far to seek.  The plague was raging in southern France again in 1361 and 1362.   Cardinal Pierre des Près died on 16 May 1361; Cardinal Petrus de Foresta, died on 7 June 1361; Cardinal Guillaume Farinier, died on 17 June 1361; Cardinal Guillaume Court, O.Cist., died on  12 June 1361; Cardinal Petrus Bertrandi, died on 13 July 1361; Cardinal Jean de Caraman, died on 1 August 1361; Cardinal Bernard de la Tour, died on 7 August 1361; Cardinal Francesco degli Atti, died on 25 August 1361; and Cardinal Pierre de Cros died in September 1361.  In addition it was estimated that some 6000 persons, and more than 100 bishops died in 1361.  Cardinal Nicolas Roselli (1357-1362) of Tarragona died at Majorca on 28 March 1362, though not of the plague.
Question: How many more persons than bishops died in southern France in 1361?
Answer:",5900 more persons than bishops died in southern France in 1361.,5900,0.16666666666666669,272,15,287,1
"Passage: According to the United Kingdom Census 2011, 45.7% of the population was White people (34.5% white British, 1.1% Irish migration to Great Britain, 0.2% Gypsy (term) or Irish Traveller, 9.9% Other White), 3.4% of Mixed (United Kingdom ethnicity category) (1.2% white and black Caribbean, 0.4% white and black African, 1.0% white and Asian, 0.8% other mixed), 39.7% British Asian (17.7% British Pakistanis, 15.6% British Indian, 0.4% British Bangladeshi, 0.6% British Chinese, 5.4% other Asian), 8.6% Black British (5.4% African, 2.2% British African-Caribbean people, 1.0% Other Black), 0.7% British Arab and 1.9% of other ethnic heritage. In the post-war years, immigrants from the Commonwealth of Nations, notably Anguilla, Antigua and Barbuda, India and Pakistan came to the town.
Question: How many percent of people were not British Asian?
Answer:",60.3%,60.3,1.0,285,4,289,1
"Passage: The 2010 United States Census reported that Huntington Beach had a population of 189,992. The population density was 5,959.1 people per square mile (2,300.8/km²). The racial makeup of Huntington Beach was 145,661 (76.7%) White (U.S. Census), 1,813 (1.0%) African American (U.S. Census), 992 (0.5%) Native American (U.S. Census), 21,070 (11.1%) Asian (U.S. Census), 635 (0.3%) Pacific Islander (U.S. Census), 11,193 (5.9%) from Race (United States Census), and 8,628 (4.5%) from two or more races. Hispanic (U.S. Census) or Latino (U.S. Census) of any race were 32,411 persons (17.1%). Non-Hispanic Whites were 67.2% of the population in 2010, compared to 90.8% in 1970.
Question: Which group in percent of Huntington Beach from the 2010 United States Census is larger: African American or Native American?
Answer:",African American.,African American,1.0,276,3,279,1
"Passage: The 2010 United States Census reported that Lassen County had a population of 34,895. The racial makeup of Lassen County was 25,532 (73.2%) White (U.S. Census), 2,834 (8.1%) African American (U.S. Census), 1,234 (3.5%) Native American (U.S. Census), 356 (1.0%) Asian (U.S. Census), 165 (0.5%) Pacific Islander (U.S. Census), 3,562 (10.2%) from Race (United States Census), and 1,212 (3.5%) from two or more races.  Hispanic (U.S. Census) or Latino (U.S. Census) of any race were 6,117 persons (17.5%).
Question: How many people of Lassen County was either Native American or Asian?
Answer:","1,590",1590,1.0,213,3,216,1
"Passage: The Guatemalan authorities were unaware of ongoing contacts between the colonial authorities in Yucatán and the Itza. In the second half of 1695 President Barrios began planning another expedition against the Itza from Verapaz, following harsh criticism of Juan Díaz de Velasco's retreat from near Lake Petén Itzá in April of that year. Barrios died in November, and oidor José de Escals became acting head of the Guatemalan colonial administration. He appointed oidor Bartolomé de Amésqueta to lead the next expedition against the Itza. Amésqueta marched his men through torrential rain from Cahabón to Mopán, arriving on 25 February 1696; the Guatemalans were still unaware of the clashes between García's forces and the Itza. Amésqueta's expedition was suffering from shortages of native labour and supplies. Twenty-five of his 150 men were sick, and his advance stalled as the force rested up at Mopán. Captain Díaz de Velasco volunteered to lead a party of 25 men ahead to the lake; he was accompanied by Dominican friars Cristóbal de Prada and Jacinto de Vargas. He was also accompanied by AjK'ixaw, the Itza nobleman who had been taken prisoner on Díaz's previous expedition, who served as a trusted guide, scout and translator. They set out from Mopán on 7 March and left some sick soldiers with some supplies after five days, they then caught up with an advance party of roadbuilders and their military escort at Río Chakal. The two forces combined, giving Díaz a force of 49 soldiers and 34 porters and archers from Verapaz. Once they arrived at IxB'ol, near the shore of Lake Petén Itzá, AjK'ixaw was sent ahead as an emissary to Nojpetén.
Question: Which did Diaz have the largest amount of fighting men, 49 soldiers or 34 porters and archers?
Answer:",49 soldiers,49 soldiers,1.0,436,2,438,1
"Passage: At Pagan, the new king Kyawswa controlled just a small area outside the capital. Instead, the real power rested with three former Pagan commanders of nearby Myinsaing. It was the brothers, not the nominal sovereign Kyawswa, that sent a force to retake Lower Burma in 1294 after Wareru had decided to become a vassal of the Sukhothai Kingdom. Wareru drove back the Myinsaing forces. Concerned by the increasing power of the three brothers, Kyawswa submitted to the Mongols in January 1297, and was recognised by the Mongol emperor Temür Khan as viceroy of Pagan on 20 March 1297. In December 1297, the three brothers overthrew Kyawswa, and founded the Myinsaing Kingdom. In January 1300, the Myinsaing forces led by Athinhkaya seized the southernmost Mongol garrisons named Nga Singu and Male, just north of modern Mandalay. On 22 June 1300, the Mongol Emperor declared that Kumara Kassapa, one of Kyawswa's sons, was the rightful king of Burma, and sent in a 12,000-strong army from Yunnan. The Mongol army reached Male on 15 January 1301, and Myinsaing on 25 January. But they could not break through. The besiegers took the bribes given by the three brothers, and began their retreat on 6 April. But the commanders were executed by the Yunnan government when they got back. The Mongols sent no more invasions, and withdrew entirely from Upper Burma on 4 April 1303.
Question: How many months passed between the overthrow of Kyawswz and the seizing of Nga Singu?
Answer:",Two months.,1|25|12,0.0,395,3,398,1
"Passage: Hoping to rebound from their road loss to the Bills, the Chargers flew to Wembley Stadium for the 2008 International Series game with the New Orleans Saints. In the first quarter, San Diego trailed early as kicker Taylor Mehlhaff got a 23-yard field goal.  The 'Bolts would respond with kicker Nate Kaeding getting a 33-yard field goal.  In the second quarter, New Orleans regained the lead as QB Drew Brees (a former Charger) completed a 12-yard TD pass to WR Devery Henderson (with a failed PAT) and RB Deuce McAllister getting a 1-yard TD run.  San Diego answered as QB Philip Rivers completed a 12-yard TD pass to RB LaDainian Tomlinson, but the Saints replied with Brees completing a 30-yard TD pass to WR Lance Moore.  The Chargers closed out the half with Rivers completing a 12-yard TD pass to TE Antonio Gates. In the third quarter, New Orleans increased its lead Brees completing a 1-yard TD pass to TE Mark Campbell, after a very controversial Pass interference call on cornerback Cletis Gordon put the Saints on the 1-yard line.  The 'Bolts would answer with Kaeding getting a 24-yard field goal.  In the fourth quarter, the Saints continued to build its lead as FB Mike Karney got a 1-yard TD run.  San Diego tried to rally as Kaeding nailed a 31-yard field goal, Rivers completed a 14-yard TD pass to WR Vincent Jackson, and Brees giving the 'Bolts a safety via an incomplete pass thrown into the back of his own endzone.  However, New Orleans' defense stiffened for the win. With the loss, the Chargers went into their bye week at 3-5.
Question: Who threw the shortest TD pass?
Answer:",Drew Brees.,Drew Brees|Brees,1.0,409,5,414,1
"Passage: As of the census of 2000, there were 102,121 people, 40,307 households, and 26,118 families residing in the city. The population density was 2,265.5 people per square mile (874.6/km2). There were 43,121 housing units at an average density of 956.6 per square mile (369.3/km2). The racial makeup of the city was 76.21% White (U.S. Census), 2.41% African American (U.S. Census), 1.73% Native American (U.S. Census), 0.67% Asian (U.S. Census), 0.06% Pacific Islander (U.S. Census), 15.20% from Race (United States Census), and 3.71% from two or more races. Latinos (U.S. Census) made up 44.13% of the population. 10.1% were of Germans, 8.1% Italians, 6.0% American, 5.5% English and 5.4% Irish ancestry according to Census 2000.
Question: Which group from the census is smaller: Asian or two or more races?
Answer:",Asian,Asian|two or more races,1.0,286,1,287,1
"Passage: Coming off their divisional home win over the Ravens, the Browns flew to Gillette Stadium for a Week 5 intraconference duel with the New England Patriots. In the first quarter, Cleveland trailed early as Patriots kicker Adam Vinateri got a 20-yard field goal, while QB Tom Brady completed a 34-yard TD pass to WR Dont&#233; Stallworth. In the second quarter, the Browns continued to struggle as Gostkowski gave New England a 25-yard field goal, while Brady completed a 7-yard TD pass to TE Benjamin Watson. In the third quarter, Cleveland tried to come back with kicker Phil Dawson getting a 42-yard field goal for the only score of the period. In the fourth quarter, the Browns drew closer with QB Derek Anderson completing a 21-yard TD pass to WR Tim Carter. However, the Patriots responded with Brady and Watson hooking up with each other on a 25-yard TD pass. The Browns tried to catch up with Anderson completing a 14-yard TD pass to TE Kellen Winslow. New England sealed its win with CB Randall Gay returning a fumble 19&#160;yards for a touchdown.
Question: How many yards longer was Tom Brady's first touchdown pass compared to his second?
Answer:",27 yards longer.,27,0.5,281,4,285,1
"Passage: After a tough loss at home, the Bengals would remain at home for a game against the Bears.  In the first quarter, the Bears took an early lead when Jordan Howard ran for a 21-yard touchdown (with a failed PAT) to make it 6-0.  The Bengals however took the lead later on in the quarter when Andy Dalton found Brandon LaFell on a 14-yard pass to make it 7-6.  The Bears retook the lead in the second quarter when Mike Nugent kicked 2 field goals:  From 34 and 27 yards out to make it 9-7 and then 12-7 at halftime.  The Bears then shut out the Bengals the entire second half while they score themselves:  In the third quarter Mitchell Trubisky ran for a 4-yard touchdown to make it 19-7 for the only score of the third quarter.  In the fourth quarter, they wrapped up the scoring when Trubisky found Adam Shaheen on a 1-yard pass to make it 26-7.  Howard then ran for an 8-yard touchdown to make the final score 33-7. With the loss, the Bengals dropped to 5-8.  The team is also assured their second straight non-winning season.
Question: How many points did the Bengals score in the second half?
Answer:",0,0,1.0,306,1,307,1
"Passage: China is the second largest trading partner of Nepal. In 2015/16, total exports to China stood at US$181 million with marginal increase from US$179 million in the previous fiscal year. In contrast, import from China has been growing at the rate of 39 per cent per year. It rose from US$421 million in fiscal year 2009/10 to US$1,247 million in fiscal year 2015/16. As a result, the trade deficit with China has risen from US$401 million in 2009/10 to US$1228 million in 2015/16. Although, China has given zero tariff entry facility to over 8000 Nepali products starting from 2009, Nepal hasn’t been able to bring the trade deficit down. Nepal exports 370 products including noodles and agro products to China. Nepal regularly participates various trade fairs and exhibitions organized in China. Nepal-China’s Tibet Economic and Trade Fair is the regular biannual event hosted by either side alternatively to enhance business interaction and promote economic cooperation between Nepal and TAR. The 15th Nepal China’s Tibet Economic and Trade Fair was held on 17-22 November 2015 in Bhrikutimandap, Kathmandu Nepal.
Question: How many millions of dollars higher was the Nepal trade deficit to China in 2015/2016 than it was in 2009/2010?
Answer:",The Nepal trade deficit to China in 2015/2016 was 827 million dollars higher than it was in 2009/2010.,827,0.1111111111111111,314,30,344,1
"Passage: In 2009, the Libyan Army (1951-2011) consisted of 25,000 volunteers with an additional 25,000 conscripts (total 50,000). At that time, the army was organised into 11 Border Defence and 4 Security Zones, one regime security brigade, 10 Tank Battalions, 10 Mechanized Infantry Battalions, 18 Infantry Battalions, 6 Commando Battalions, 22 Artillery Battalions, 4 SSM Brigade and 7 Air Defence Artillery Battalions. Khamis Gaddafis 32nd Brigade was one of the main regime protection forces. The Khamis Brigade was considered by US diplomats in 2009 as the most capable of defending the regime. In addition, the Revolutionary Guard Corps also served as a brigade-sized protection force for Gaddafi. In 2009, it emerged that a British Special Air Service team were training Libyan special forces. Under Gaddafi, conscription was listed as 18 months.
Question: Which battalions in the army had the smallest number?
Answer:",6 Commando Battalions.,Commando Battalions|Air Defence Artillery,0.8,258,7,265,1
"Passage: , those of African ancestry accounted for 19.2% of Miamis population. Out of the 19.2%, 5.6% were West Indian or Afro-Caribbean American origin (4.4% Haitian people, 0.4% Jamaican people, 0.4% Bahamian people, 0.1% British West Indian, and 0.1% Trinidadian and Tobagonian, 0.1% Afro-Caribbean), 3.0% were Black Hispanics, and 0.4% were Sub-Saharan African origin.
Question: How many more percent of people were Haitian compared to those who were either Jamaican or British West Indian?
Answer:",4.0%,3.9|3.5,0.0,170,4,174,1
"Passage: The Buccaneers hosted the Titans at Raymond James Stadium, their second inter-conference matchup in two weeks. Buccaneers running back Earnest Graham was a part of the starting lineup for the first time in his career, replacing the injured Michael Pittman, who sat out the game. The first half was a defensive struggle, with neither team scoring in the first quarter. Early in the second quarter, Tennessee drove to the Buccaneers 32-yard line, but quarterback Vince Young fumbled the ball and the Buccaneers recovered. Jeff Garcia connected on a 39-yard pass play to Michael Clayton, to help set up a 23-yard Matt Bryant field goal, the first points of the game. Moments later, Phillip Buchanon intercepted Vince Young with 1:29 remaining in the half, to maintain a 3-0 halftime lead. Tennessee took the second half kickoff, and executed a 12-play, 45-yard drive which resulted in a 48-yard field goal by Rob Bironas. On their next possession, Vince Young ran out of bounds, and suffered a strained quad. He would have to leave the game, and was replaced by Kerry Collins. On Tampa Bay's next drive, Garcia connected with Joey Galloway for a 69-yard touchdown catch. On the ensuing drive Ronde Barber intercepted a pass by Kerry Collins, but it ruled incomplete after review. With less than four minutes remaining in regulation, Collins drove the Titans to the Buccaneers 23-yard line. For the second time, Ronde Barber intercepted Collins, this time in the endzone, but it was again ruled incomplete after review. The drive continued, and with 1:24 remaining, LenDale White tied the game 10-10 with a touchdown run. With only one timeout, Garcia drove the Buccaneers 55 yards on seven plays. With 11 seconds remaining, Matt Bryant kicked a game-winning 43-yard field goal.
Question: Whose field did they play on?
Answer:",Raymond James Stadium.,Buccaneers|The Buccaneers,0.0,425,5,430,1
Tokens: 86527 + 1970 = 88497
Total calls: 300
Avg tokens: 294.99000
Avg calls: 1.00000
Avg score: 0.55177
